product_name,brand,price_naira,product_url,source_shop,categories,location
A- RET HC TREATMENT CREAM,Menarini,6235.0,https://skinpopessentiel.com/products/a-ret-hc-cream,SkinPopEssentiel,"['treatment-&-gel', 'treatment']",Abuja
A-RET TRETINOIN 0.025% TREATMENT GEL,Menarini,4945.0,https://skinpopessentiel.com/products/a-ret-tretinoin-gel-0-025,SkinPopEssentiel,"['treatment-&-gel', 'treatment']",Abuja
A-RET TRETINOIN 0.05% TREATMENT GEL,Menarini,5805.0,https://skinpopessentiel.com/products/a-ret-tretinoin-gel-0-05,SkinPopEssentiel,"['treatment-&-gel', 'treatment']",Abuja
A-RET TRETINOIN 0.1% TREATMENT GEL,Menarini,6235.0,https://skinpopessentiel.com/products/a-ret-tretinoin-0-05-gel-1,SkinPopEssentiel,"['treatment-&-gel', 'treatment']",Abuja
ABIB AIRY SUNSTICK SPF 50+,Abib,16770.0,https://skinpopessentiel.com/products/abib-airy-sunstick-spf50,SkinPopEssentiel,"['sunscreen', 'sunscreen']",Abuja
ABIB GLUTATHIOSOME DARK SPOT SERUM VITA DROP - 50ML,Abib,17630.0,https://skinpopessentiel.com/products/abib-glutathiosome-dark-spot-serum-vita-drop,SkinPopEssentiel,"['essence-&-serums', 'serum']",Abuja
ABIB QUICK SUNSTICK SPF 50+,Abib,16770.0,https://skinpopessentiel.com/products/abib-quick-sunstick-spf50,SkinPopEssentiel,"['sunscreen', 'sunscreen']",Abuja
ACWELL LICORICE PH BALANCING ADVANCE SERUM,Acwell,16985.0,https://skinpopessentiel.com/products/acwell-licorice-ph-balancing-advance-serum,SkinPopEssentiel,['essence-&-serums'],Abuja
ACWELL LICORINE PH BALANCING CLEANSING TONER,Acwell,12900.0,https://skinpopessentiel.com/products/acwell-licorine-ph-balancing-cleansing-toner,SkinPopEssentiel,"['toners-&-exfoliants', 'toner']",Abuja
ACWELL PH BALANCING SOOTHING CLEANSING FOAM,Acwell,12889.0,https://skinpopessentiel.com/products/acwell-ph-balancing-soothing-cleansing-foam,SkinPopEssentiel,"['face-wash-&-cleansers', 'cleanser']",Abuja
ADAFERIN ADAPALENE 0.1% TREATMENT GEL - 15g,Adaferin,8600.0,https://skinpopessentiel.com/products/garnier-vitamin-c-clarifying-face-wash,SkinPopEssentiel,"['treatment-&-gel', 'treatment']",Abuja
ADVANCED CLINICALS 10% GLYCOLIC ACID + LACTIC ACID BODY CREAM - 454g,Advanced Clinicals,18705.0,https://skinpopessentiel.com/products/10-glycolic-acid-lactic-acid-body-cream-454g,SkinPopEssentiel,"['body-moisturizer', 'body-cream', 'body-lotion']",Abuja
ADVANCED CLINICALS DARK SPOT BRIGHTENING FACE CREAM,Advanced Clinicals,16985.0,https://skinpopessentiel.com/products/advanced-clinicals-dark-spot-brightening-face-cream-1,SkinPopEssentiel,"['face-moisturizer', 'face-cream', 'face-moisturizer']",Abuja
ADVANCED CLINICALS ENCAPSULATED RETINOL GEL FACE CREAM,Advanced Clinicals,14835.0,https://skinpopessentiel.com/products/advanced-clinicals-encapsulated-retinol-gel-face-cream-1,SkinPopEssentiel,"['face-moisturizer', 'face-cream', 'face-moisturizer']",Abuja
ADVANCED CLINICALS NIACINAMIDE SERUM- 52ML,Advanced Clinicals,14835.0,https://skinpopessentiel.com/products/advanced-clinicals-niacinamide-serum-52ml,SkinPopEssentiel,"['essence-&-serums', 'serum']",Abuja
ADVANCED CLINICALS RETINOL CREAM (damaged cover discount),Advanced Clinicals,16125.0,https://skinpopessentiel.com/products/advanced-clinicals-retinol-cream,SkinPopEssentiel,"['body-moisturizer', 'body-cream']",Abuja
ADVANCED CLINICALS RETINOL SERUM,Advanced Clinicals,14835.0,https://skinpopessentiel.com/products/advanced-clinicals-retinol-serum,SkinPopEssentiel,"['essence-&-serums', 'serum']",Abuja
ADVANCED CLINICALS VITAMIN C + TURMERIC BRIGHTENING BODY CREAM,Advanced Clinicals,18705.0,https://skinpopessentiel.com/products/advanced-clinicals-vitamin-c-advanced-brightening-cream,SkinPopEssentiel,"['body-moisturizer', 'body-cream']",Abuja
ADVANCED CLINICALS VITAMIN C ADVANCED BRIGHTENING CREAM,Advanced Clinicals,18705.0,https://skinpopessentiel.com/products/advanced-clinicals-vitamin-c-cream,SkinPopEssentiel,"['body-moisturizer', 'body-cream']",Abuja
ADVANCED CLINICALS VITAMIN C BRIGHTENING FACE GEL-CREAM,Advanced Clinicals,15695.0,https://skinpopessentiel.com/products/advanced-clinicals-vitamin-c-brightening-face-gel-cream,SkinPopEssentiel,"['face-moisturizer', 'face-cream', 'face-moisturizer']",Abuja
ADVANCED CLINICALS VITAMIN C FACE SERUM,Advanced Clinicals,14835.0,https://skinpopessentiel.com/products/advanced-clinical-vitamin-c-serum,SkinPopEssentiel,"['essence-&-serums', 'serum']",Abuja
ADVANCED KOREAN BRIGHTEST BODY OIL,Advanced Korean Skin,10105.0,https://skinpopessentiel.com/products/advanced-korean-brightest-body-oil,SkinPopEssentiel,"['body-oil', 'body-oil']",Abuja
ADVANCED KOREAN FAIREST BODY OIL,Advanced Korean Skin,10105.0,https://skinpopessentiel.com/products/advanced-korean-fairest-body-oil,SkinPopEssentiel,"['body-oil', 'body-oil']",Abuja
ADVANCED KOREAN MILKY BRIGHTENING ELIXIR TONER - 300ML,Advanced Korean Skin,10105.0,https://skinpopessentiel.com/products/dirty-works-good-to-glow-cleanser-150ml,SkinPopEssentiel,"['toners-&-exfoliants', 'toner']",Abuja
ADVANCED KOREAN MULTIPLE-ACTIVES BRIGHTENING TONER - 300ML,Advanced Korean Skin,10105.0,https://skinpopessentiel.com/products/dirty-works-good-to-glow-face-mask-100ml,SkinPopEssentiel,"['toners-&-exfoliants', 'toner']",Abuja
ADVANCED KOREAN SKIN ACNE FIGHT FACE WASH,Advanced Korean Skin,7525.0,https://skinpopessentiel.com/products/simple-defence-anti-bac-cleansing-face-wash,SkinPopEssentiel,"['face-wash-&-cleansers', 'cleanser']",Abuja
ADVANCED KOREAN SKIN ACTIVE FAIR FACE CREAM 100g,Advanced Korean Skin,10965.0,https://skinpopessentiel.com/products/advanced-korean-skin-active-fair-face-cream-100g,SkinPopEssentiel,"['face-moisturizer', 'face-cream', 'face-moisturizer']",Abuja
ADVANCED KOREAN SKIN BARRIER REPAIR BODY LOTION,Dove,12900.0,https://skinpopessentiel.com/products/dove-exfoliating-body-polish-scrub-crushed-lavender-coconut-milk,SkinPopEssentiel,"['mask-&-scrubs', 'body-cream', 'body-lotion']",Abuja
ADVANCED KOREAN SKIN BRIGHT AND CLEAR PAPAYA & MULBERRY BODY GEL WASH- 1200ML,Advanced Korean Skin,12900.0,https://skinpopessentiel.com/products/advanced-korean-skin-bright-and-clear-papaya-mulberry-body-gel-wash-12,SkinPopEssentiel,"['body-wash', 'body-wash']",Abuja
ADVANCED KOREAN SKIN BRIGHT AND CLEAR VIT C & VIT E BODY GEL WASH- 1200ML,Advanced Korean Skin,12900.0,https://skinpopessentiel.com/products/advanc,SkinPopEssentiel,"['body-wash', 'body-wash']",Abuja
ADVANCED KOREAN SKIN BRIGHT AND DEWY  BODY LOTION- 500ML,Advanced Korean Skin,12900.0,https://skinpopessentiel.com/products/advanced-korean-skin-bright-and-dewy-body-lotion-500ml,SkinPopEssentiel,"['body-moisturizer', 'body-lotion']",Abuja
ADVANCED KOREAN SKIN BRIGHT AND EXFOLIATE MINT BODY GEL WASH- 1200ML,Advanced Korean Skin,12900.0,https://skinpopessentiel.com/products/copy-advanced-korean-skin-bright-and-exfoliate-mint-body-gel-wash-1200ml,SkinPopEssentiel,"['body-wash', 'body-wash']",Abuja
ADVANCED KOREAN SKIN BRIGHT AND MOISTURE BODY LOTION- 500ML,Advanced Korean Skin,12900.0,https://skinpopessentiel.com/products/advanced-korean-skin-bright-and-moisture-body-lotion-500ml,SkinPopEssentiel,"['body-moisturizer', 'body-lotion']",Abuja
ADVANCED KOREAN SKIN BRIGHT AND SMOOTH BODY LOTION- 500ML,Advanced Korean Skin,12900.0,https://skinpopessentiel.com/products/advanced-korean-skin-bright-and-smooth-body-lotion-500ml,SkinPopEssentiel,"['body-moisturizer', 'body-lotion']",Abuja
ADVANCED KOREAN SKIN BRIGHTER FACE CREAM 100g,Advanced Korean Skin,10965.0,https://skinpopessentiel.com/products/advanced-korean-skin-brightest-face-cream-100g,SkinPopEssentiel,"['face-moisturizer', 'face-cream', 'face-moisturizer']",Abuja
ADVANCED KOREAN SKIN MULBERRY COMPLEXION-BOOSTING FACE WASH,Advanced Korean Skin,7525.0,https://skinpopessentiel.com/products/untitled-2jun_12-07,SkinPopEssentiel,"['face-wash-&-cleansers', 'cleanser']",Abuja
ADVANCED KOREAN TURMERIC GLOW-ENHANCING FACE WASH,Advanced Korean Skin,7525.0,https://skinpopessentiel.com/products/untitled-28may_21-38,SkinPopEssentiel,"['face-wash-&-cleansers', 'cleanser']",Abuja
ADVANCED SNAIL MUCIN GEL CLEANSER,Cosrx,11180.0,https://skinpopessentiel.com/products/advanced-snail-mucin-gel-cleanser,SkinPopEssentiel,"['face-wash-&-cleansers', 'cleanser']",Abuja
ALPHA ESSENTIAL RENEWAL CREAM 10% GLYCOLIC AHA - 56g,Alpha Skin Care,16985.0,https://skinpopessentiel.com/products/alpha-skin-essential-renewal-cream-10-glycolic-aha,SkinPopEssentiel,"['face-moisturizer', 'face-cream', 'face-moisturizer']",Abuja
ALPHA ESSENTIAL RENEWAL FACE LOTION 10% GLYCOLIC AHA - 118ML,Alpha Skin Care,17845.0,https://skinpopessentiel.com/products/alpha-essential-renewal-lotion-10-glycolic-aha-118ml,SkinPopEssentiel,"['face-moisturizer', 'face-cream', 'face-moisturizer']",Abuja
ALPHA REFRESHING FACE WASH CITRIC AHA,Alpha Skin Care,13975.0,https://skinpopessentiel.com/products/alpha-refreshing-face-wash-citric-aha,SkinPopEssentiel,"['face-wash-&-cleansers', 'cleanser']",Abuja
ALPHA RENEWAL BODY LOTION,Alpha Skin Care,16985.0,https://skinpopessentiel.com/products/alpha-renewal-body-lotion,SkinPopEssentiel,"['body-moisturizer', 'body-lotion']",Abuja
ALPHA SKINCARE MOISTURIZING BODY WASH,Alpha Skin Care,14835.0,https://skinpopessentiel.com/products/alpha-skincare-moisturizing-body-wash-sea-mist,SkinPopEssentiel,"['body-wash', 'body-wash']",Abuja
ALTRUIST 2% SALICYLIC ACID CLEANSING FOAM (EXFOLIATING CLEANSER),Altruist,13437.0,https://skinpopessentiel.com/products/altruist-2-salicylic-acid-cleansing-foam,SkinPopEssentiel,"['face-wash-&-cleansers', 'cleanser']",Abuja
ALTRUIST DRY SKIN REPAIR CREAM,Altruist,6235.0,https://skinpopessentiel.com/products/altruist-dry-skin-repair-cream,SkinPopEssentiel,"['body-moisturizer', 'body-cream', 'body-lotion']",Abuja
ALTRUIST MOISTURIZING FACE FLUID 0.5% HYALURONIC ACID,Altruist,6987.0,https://skinpopessentiel.com/products/altruist-moisturising-face-fluid-0-5-hyaluronic-acid-50ml,SkinPopEssentiel,"['face-moisturizer', 'face-cream', 'face-moisturizer']",Abuja
ALTRUIST SPF 30- 200ML,Altruist,5697.0,https://skinpopessentiel.com/products/altruist-spf-30,SkinPopEssentiel,"['sunscreen', 'sunscreen']",Abuja
ALTRUIST SPF 50 SPRAY,Altruist,13437.0,https://skinpopessentiel.com/products/altruist-spf-50-spray,SkinPopEssentiel,"['sunscreen', 'sunscreen']",Abuja
ALTRUIST SPF 50- 100ML,Altruist,5697.0,https://skinpopessentiel.com/products/altruist-spf-50,SkinPopEssentiel,"['sunscreen', 'sunscreen']",Abuja
ALTRUIST SUNSCREEN FACE FLUID SPF,Altruist,6342.0,https://skinpopessentiel.com/products/altruist-sunscreen-face-fluid-spf50,SkinPopEssentiel,"['sunscreen', 'sunscreen']",Abuja
AMBI EVEN & CLEAR FADE CREAM,Ambi,13437.0,https://skinpopessentiel.com/products/ambi-even-clear-fade-cream-hydroquinone-free,SkinPopEssentiel,"['treatment-&-gel', 'face-cream', 'face-moisturizer', 'treatment']",Abuja
AMELIORATE INTENSIVE HAND TREATMENT CREAM,Ameliorate,6235.0,https://skinpopessentiel.com/products/ameliorate-intensive-hand-treatment-cream,SkinPopEssentiel,"['hand-cream', 'hand-cream']",Abuja
AMELIORATE TRANSFORMING BODY LOTION (Rose)- 200ML,Ameliorate,10212.0,https://skinpopessentiel.com/products/ameliorate-transforming-body-lotion-200ml,SkinPopEssentiel,"['body-moisturizer', 'body-cream', 'body-lotion']",Abuja
AMLACTIN CALM & RENEW BODY BUTTER - 312g,Amlactin,23865.0,https://skinpopessentiel.com/products/amlactin-calm-renew-body-butter-312g,SkinPopEssentiel,"['body-moisturizer', 'body-cream', 'body-lotion']",Abuja
AMLACTIN CALM & RENEW LOTION - 400ML,Amlactin,23865.0,https://skinpopessentiel.com/products/amlactin-calm-renew-lotion-400ml,SkinPopEssentiel,"['body-moisturizer', 'body-cream', 'body-lotion']",Abuja
AMLACTIN DAILY MOISTURIZING 12% LACTIC ACID BODY LOTION 567G - FRAGRANCE FREE,Amlactin,35475.0,https://skinpopessentiel.com/products/amlactin-daily-moisturizing-body-lotion-567g,SkinPopEssentiel,"['body-moisturizer', 'body-lotion']",Abuja
AMLACTIN DAILY NOURISH MOISTURIZING BODY LOTION 225G,Amlactin,19350.0,https://skinpopessentiel.com/products/amlactin-daily-moisturizing-body-lotion-225g,SkinPopEssentiel,"['body-moisturizer', 'body-lotion']",Abuja
AMLACTIN DAILY VITAMIN C BODY LOTION WITH 7% LACTIC ACID - 225g,Amlactin,22575.0,https://skinpopessentiel.com/products/amlactin-daily-vitamin-c-body-lotion-with-7-lactic-acid,SkinPopEssentiel,"['body-moisturizer', 'body-cream', 'body-lotion']",Abuja
AMLACTIN INTENSIVE HEALING AHA 15% LACTIC CREAM - 340G,Amlactin,27520.0,https://skinpopessentiel.com/products/amlactin-intensive-healing-aha-cream-340g,SkinPopEssentiel,"['body-moisturizer', 'body-cream']",Abuja
AMLACTIN INTENSIVE HEALING LOTION 225G,Amlactin,26337.0,https://skinpopessentiel.com/products/amlactin-rapid-relief-225g,SkinPopEssentiel,"['body-moisturizer', 'body-lotion']",Abuja
ANUA 8 HYALURONIC ACID HYDRATING GENTLE FOAMING CLEANSER,Anua,12900.0,https://skinpopessentiel.com/products/untitled-19jul_12-58,SkinPopEssentiel,"['face-wash-&-cleansers', 'cleanser']",Abuja
ANUA AZELAIC 3 CICA SKIN CLARIFYING TONER - 250ML,Anua,19995.0,https://skinpopessentiel.com/products/anua-azelaic-3-cica-skin-clarifying-toner,SkinPopEssentiel,"['toners-&-exfoliants', 'toner']",Abuja
ANUA AZELAIC ACID 10 SERUM + HYALURON,Anua,18920.0,https://skinpopessentiel.com/products/anua-azelaic-acid-serum,SkinPopEssentiel,"['essence-&-serums', 'serum']",Abuja
ANUA AZELAIC ACID CICA SKIN SOOTHING MOISTURIZER,Anua,17845.0,https://skinpopessentiel.com/products/anua-azelaic-acid-cica-skin-soothing-moisturizer,SkinPopEssentiel,"['face-moisturizer', 'face-cream', 'face-moisturizer']",Abuja
ANUA HEARTLEAF 70 SOOTHING FACE LOTION - 200ML,Anua,21070.0,https://skinpopessentiel.com/products/anua-heartleaf-70-soothing-face-lotion,SkinPopEssentiel,"['face-moisturizer', 'face-cream', 'face-moisturizer']",Abuja
ANUA HEARTLEAF 77 CLEAR PAD - (70 pads),Anua,19565.0,https://skinpopessentiel.com/products/anua-heartleaf-77-clear-pad,SkinPopEssentiel,"['toners-&-exfoliants', 'toner']",Abuja
ANUA HEARTLEAF 77% SOOTHING TONER,Anua,13760.0,https://skinpopessentiel.com/products/anua-heartleaf-77-soothing-toner-250ml,SkinPopEssentiel,"['toners-&-exfoliants', 'toner']",Abuja
ANUA HEARTLEAF PORE CONTROL CLEANSING OIL 200ML,Anua,18815.0,https://skinpopessentiel.com/products/anua-heartleaf-pore-control-cleansing-oil,SkinPopEssentiel,"['face-wash-&-cleansers', 'cleansing-oil']",Abuja
ANUA HEARTLEAF QUERCETINOL PORE DEEP CLEANSING FOAM,Anua,12900.0,https://skinpopessentiel.com/products/anua-heartleaf-quercetinol-pore-deep-cleansing-foam,SkinPopEssentiel,"['face-wash-&-cleansers', 'cleanser']",Abuja
ANUA HEARTLEAF SILKY MOISTURE SUN CREAM SPF 50+,Anua,15480.0,https://skinpopessentiel.com/products/anua-heartleaf-silky-moisture-sun-cream-spf50,SkinPopEssentiel,"['sunscreen', 'sunscreen']",Abuja
ANUA NIACINAMIDE 10% + TXA 4% DARK SPOT CORRECTING SERUM,Anua,18920.0,https://skinpopessentiel.com/products/anua-serum,SkinPopEssentiel,"['essence-&-serums', 'serum']",Abuja
ANUA NIACINAMIDE 5 TXA BRIGHTENING PAD - 210ML,Anua,18705.0,https://skinpopessentiel.com/products/anua-niacinamide-5-txa-brightening-pad,SkinPopEssentiel,"['toners-&-exfoliants', 'toner']",Abuja
ANUA PEACH 70 NIACINAMIDE SERUM,Anua,13975.0,https://skinpopessentiel.com/products/anua-peach-70-niacinamide-serum,SkinPopEssentiel,"['essence-&-serums', 'serum']",Abuja
ANUA RICE 7 + CERAMIDE HYDRATING BARRIER SERUM- 50ML,Anua,18920.0,https://skinpopessentiel.com/products/anua-rice-7-ceramide-hydrating-barrier-serum-50ml-1,SkinPopEssentiel,"['essence-&-serums', 'serum']",Abuja
ANUA RICE 70 GLOW MILKY TONER - 250ML,Anua,18920.0,https://skinpopessentiel.com/products/anua-rice-70-glow-milky-toner-250ml-1,SkinPopEssentiel,"['toners-&-exfoliants', 'toner']",Abuja
ANUA RICE 70 INTENSIVE MOISTURIZING MILK FACE LOTION - 150ML,Anua,17845.0,https://skinpopessentiel.com/products/anua-rice-70-intensive-moisturizing-milk-moisturizing-face-lotion,SkinPopEssentiel,"['face-moisturizer', 'face-moisturizer']",Abuja
ANUA ZERO-CAST MOISTURIZING FINISH SUNSCREEN - 50ML,Anua,15480.0,https://skinpopessentiel.com/products/zero-cast-moisturizing-finish-sunscreen-50ml-1,SkinPopEssentiel,"['sunscreen', 'sunscreen']",Abuja
AQUA RICH BRIGHT + BALANCE BODY GEL WASH - 1L,Aqua Rich,10965.0,https://skinpopessentiel.com/products/aqua-rich-bright-balance-body-gel-wash-1l,SkinPopEssentiel,"['body-wash', 'body-wash']",Abuja
AQUA RICH HYDRATING BRIGHT + BALANCE BODY LOTION - 500ML,Aqua Rich,10965.0,https://skinpopessentiel.com/products/aqua-rich-hydrating-bright-balance-body-lotion-500ml,SkinPopEssentiel,"['body-moisturizer', 'body-cream', 'body-lotion']",Abuja
AQUA RICH HYDRATING BRIGHT BODY GEL WASH - 1L,Aqua Rich,10965.0,https://skinpopessentiel.com/products/aqua-rich-hydrating-bright-body-gel-wash-1litre,SkinPopEssentiel,"['body-wash', 'body-wash']",Abuja
AQUA RICH HYDRATING BRIGHT BODY LOTION - 500ML,Aqua Rich,10965.0,https://skinpopessentiel.com/products/aqua-rich-hydrating-bright-body-lotion-500ml,SkinPopEssentiel,"['body-moisturizer', 'body-cream', 'body-lotion']",Abuja
ARENCIA ERASER SOOTHING CREAM,Arencia,17845.0,https://skinpopessentiel.com/products/arencia-eraser-soothing-cream,SkinPopEssentiel,"['face-moisturizer', 'face-cream', 'face-moisturizer']",Abuja
ARENCIA GREEN RICE MOCHI CLEANSER,Arencia,15910.0,https://skinpopessentiel.com/products/arencia-green-rice-mochi-cleanser,SkinPopEssentiel,['cleanser'],Abuja
ARENCIA PDRN BOOSTER SHOT,Arencia,17845.0,https://skinpopessentiel.com/products/arencia-pdrn-booster-shot,SkinPopEssentiel,"['essence-&-serums', 'treatment']",Abuja
ARENCIA RETINAL BOOSTER SHOT,Arencia,17845.0,https://skinpopessentiel.com/products/arencia-vitamin-c-booster-shot-copy,SkinPopEssentiel,"['essence-&-serums', 'face-moisturizer', 'treatment']",Abuja
ARENCIA VITAMIN C BOOSTER SHOT,Arencia,17845.0,https://skinpopessentiel.com/products/arencia-vitamin-c-booster-shot,SkinPopEssentiel,"['essence-&-serums', 'face-moisturizer', 'treatment']",Abuja
AROMER TONE CONTROL SUN CREAM SPF 50+,Aromer,8385.0,https://skinpopessentiel.com/products/aromer-tone-control-sun-cream-spf-50-pa,SkinPopEssentiel,"['sunscreen', 'sunscreen']",Abuja
AUNT JACKIE'S HEADS UP KIDS MOISTURIZING & SOFTENING SHAMPOO - 355ML,Aunt Jackie's,12900.0,https://skinpopessentiel.com/products/aunt-jackies-heads-up-kids-moisturizing-softening-shampoo-355ml,SkinPopEssentiel,"['hair-care', 'hair-care']",Abuja
AUNT JACKIE'S IN CONTROL MOISTURIZING & SOFTENING CONDITIONER - 426ML,Aunt Jackie's,12900.0,https://skinpopessentiel.com/products/aunt-jackies-in-control-moisturizing-softening-conditioner-426ml,SkinPopEssentiel,"['hair-care', 'hair-care']",Abuja
AUNT JACKIES KIDS SOFT & SASSY SUPER DUPER SOFTENING CONDITIONER - 426ML,Aunt Jackie's,12900.0,https://skinpopessentiel.com/products/aunt-jackies-kids-soft-sassy-super-duper-softening-conditioner-426ml,SkinPopEssentiel,"['hair-care', 'hair-care']",Abuja
AVEENO (UK) CALM  RESTORE™ TRIPLE OAT SERUM,Aveeno,12362.0,https://skinpopessentiel.com/products/aveeno-uk-calm-restore™-triple-oat-serum,SkinPopEssentiel,"['essence-&-serums', 'serum']",Abuja
AVEENO (UK) CALM + RESTORE™ OAT GEL MOISTURIZER 50ML,Aveeno,12362.0,https://skinpopessentiel.com/products/copy-of-aveeno-uk-calm-restore™-oat-gel-moisturizer-50ml,SkinPopEssentiel,"['face-moisturizer', 'face-cream', 'face-moisturizer']",Abuja
"AVEENO (UK) CALM + RESTORE™ NOURISHING OAT CLEANSER, FOR SENSITIVE SKIN",Aveeno,9137.0,https://skinpopessentiel.com/products/aveeno-uk-calm-restore™-nourishing-oat-cleanser-for-sensitive-skin,SkinPopEssentiel,"['face-wash-&-cleansers', 'cleanser']",Abuja
AVEENO BABY DAILY MOISTURE LOTION,Aveeno,22575.0,https://skinpopessentiel.com/products/aveeno-baby-daily-moisture-lotion,SkinPopEssentiel,"['body-moisturizer', 'body-lotion']",Abuja
AVEENO BABY DAILY MOISTURE WASH & SHAMPOO,Aveeno,20640.0,https://skinpopessentiel.com/products/aveeno-baby-daily-moisture-wash-shampoo,SkinPopEssentiel,"['body-wash', 'body-wash']",Abuja
AVEENO DAILY MOISTURIZING BODY LOTION - 532ML,Aveeno,18920.0,https://skinpopessentiel.com/products/aveeno-daily-moisturizing-body-lotion,SkinPopEssentiel,"['body-moisturizer', 'body-lotion']",Abuja
AVEENO DAILY MOISTURIZING BODY LOTION WITH SOOTHING OAT - 227g,Aveeno,6880.0,https://skinpopessentiel.com/products/aveeno-daily-moisturizing-body-lotion-with-soothing-oat-227g,SkinPopEssentiel,"['body-moisturizer', 'body-lotion']",Abuja
AVEENO DAILY MOISTURIZING BODY OIL MIST WITH OAT OIL,Aveeno,17845.0,https://skinpopessentiel.com/products/aveeno®-daily-moisturizing-body-oil,SkinPopEssentiel,"['body-oil', 'body-oil']",Abuja
AVEENO SKIN RELIEF BODY OIL,Aveeno,15695.0,https://skinpopessentiel.com/products/aveeno-skin-relief-body-oil-spray,SkinPopEssentiel,"['body-oil', 'body-oil']",Abuja
AVEENO STRESS RELIEF MOISTURIZING BODY LOTION - 532ML,Aveeno,18920.0,https://skinpopessentiel.com/products/aveeno-stress-relief-moisturizing-body-lotion-532ml,SkinPopEssentiel,"['body-moisturizer', 'body-lotion']",Abuja
AVEENO STRESS RELIEF MOISTURIZING BODY LOTION - 71g,Aveeno,2795.0,https://skinpopessentiel.com/products/aveeno-stress-relief-moisturizing-body-lotion-71g,SkinPopEssentiel,"['body-moisturizer', 'body-lotion']",Abuja
AVIEN 5.5 BRIGHTENER VIT C BODY WASH - 750ML,Avien 5.5,12470.0,https://skinpopessentiel.com/products/avien-5-5-brightener-vit-c-body-wash,SkinPopEssentiel,"['body-wash', 'body-wash']",Abuja
AVIEN 5.5 BRIGHTENER VITAMIN C BODY LOTION 500ML,Avien 5.5,12900.0,https://skinpopessentiel.com/products/avien-brightener-vitamin-c-body-lotion,SkinPopEssentiel,"['body-moisturizer', 'body-lotion']",Abuja
AVIEN 5.5 GLOW GETTER KOJIC BODY WASH -750ML,Avien 5.5,12470.0,https://skinpopessentiel.com/products/avien-5-5-glow-getter-kojic-body-wash,SkinPopEssentiel,"['body-wash', 'body-wash']",Abuja
AVIEN 5.5 GLOW GETTER KOJIC+TRANEXAMIC ACID BODY LOTION 500ML,Avien 5.5,12900.0,https://skinpopessentiel.com/products/avien-5-5-glow-getter-kojic-body-lotion,SkinPopEssentiel,"['body-moisturizer', 'body-lotion']",Abuja
AVIEN 5.5 PERFECTOR  SALICYLIC BODY WASH -750ML,Avien 5.5,12470.0,https://skinpopessentiel.com/products/avien-5-5-perfector-salicylic-body-wash,SkinPopEssentiel,"['body-wash', 'body-wash']",Abuja
AVIEN 5.5 PURIFIER ALPHA ARBUTIN + NIACINAMIDE BODY WASH - 750ML,Avien 5.5,12470.0,https://skinpopessentiel.com/products/avien-5-5-purifier-alpha-arbutin-body-wash,SkinPopEssentiel,"['body-wash', 'body-wash']",Abuja
AVIEN 5.5 PURIFIER ALPHA ARBUTIN+NIACINAMIDE BODY LOTION 500ML,Avien 5.5,12900.0,https://skinpopessentiel.com/products/avien-5-5-purifier-alpha-arbutin-body-lotion,SkinPopEssentiel,"['body-moisturizer', 'body-lotion']",Abuja
AVIEN 5.5 RESTORER RETINOL+COLLAGEN BODY LOTION - 500ML,Avien 5.5,12900.0,https://skinpopessentiel.com/products/avien-5-5-restorer-retinol-body-lotion,SkinPopEssentiel,"['body-moisturizer', 'body-lotion']",Abuja
AVIEN 5.5 RESTORER RETINOL+COLLAGEN BODY WASH - 750ML,Avien 5.5,12470.0,https://skinpopessentiel.com/products/avien-5-5-restorer-retinol-body-wash,SkinPopEssentiel,"['body-wash', 'body-wash']",Abuja
AVIEN 5.5 SMOOTHER GLYCOLIC ACID+VITAMIN C BODY LOTION 500ML,Avien 5.5,12900.0,https://skinpopessentiel.com/products/avien-5-5-smoother-glycolic-body-lotion,SkinPopEssentiel,"['body-moisturizer', 'body-lotion']",Abuja
AVIEN 5.5 SMOOTHER GLYCOLIC BODY WASH - 750ML,Avien 5.5,12470.0,https://skinpopessentiel.com/products/avien-5-5-smoother-glycolic-body-wash,SkinPopEssentiel,"['body-wash', 'body-wash']",Abuja
AVIEN 5.5 WONDER BODY LOTION - 500ML,Avien 5.5,12900.0,https://skinpopessentiel.com/products/avien-5-5-wonder-body-lotion,SkinPopEssentiel,"['body-moisturizer', 'body-lotion']",Abuja
AVIEN 5.5 WONDER BODY WASH - 750ML,Avien 5.5,12470.0,https://skinpopessentiel.com/products/avien-5-5-wonder-body-wash,SkinPopEssentiel,"['body-wash', 'body-wash']",Abuja
AXIS Y DARK SPOT CORRECTING,AXIS Y,12470.0,https://skinpopessentiel.com/products/axis-y-dark-spot-correcting,SkinPopEssentiel,"['essence-&-serums', 'serum']",Abuja
AXIS Y DARK SPOT CORRECTING GLOW CREAM,AXIS Y,14835.0,https://skinpopessentiel.com/products/axis-y-dark-spot-correcting-glow-cream,SkinPopEssentiel,"['face-moisturizer', 'face-cream', 'face-moisturizer']",Abuja
AXIS Y DARK SPOT CORRECTING GLOW TONER,AXIS Y,15480.0,https://skinpopessentiel.com/products/axis-y-dark-spot-correcting-glow-cream-1,SkinPopEssentiel,"['toners-&-exfoliants', 'toner']",Abuja
AXIS Y SPOT THE DIFFERENCE BLEMISH TREATMENT,AXIS Y,9137.0,https://skinpopessentiel.com/products/axis-y-spot-the-difference-blemish-treatment,SkinPopEssentiel,"['treatment-&-gel', 'serum', 'treatment']",Abuja
AXIS Y TXA 2.5% INTENSIVE BRIGHTENING CREAM,AXIS Y,14835.0,https://skinpopessentiel.com/products/axis-y-txa-2-5-intensive-brightening-cream,SkinPopEssentiel,"['face-moisturizer', 'face-cream', 'face-moisturizer']",Abuja
AZIDERM AZELAIC ACID 10% TREATMENT CREAM,Aziderm,7525.0,https://skinpopessentiel.com/products/aziderm-azelaic-acid-10-cream,SkinPopEssentiel,"['treatment-&-gel', 'treatment']",Abuja
AZIDERM AZELAIC ACID 20% TREATMENT CREAM,Aziderm,7545.0,https://skinpopessentiel.com/products/aziderm-azelaic-acid-20-cream,SkinPopEssentiel,"['treatment-&-gel', 'treatment']",Abuja
AZIDERM AZELAIC ACID 20% TREATMENT GEL,Aziderm,7525.0,https://skinpopessentiel.com/products/aziderm-gel-20,SkinPopEssentiel,"['treatment-&-gel', 'treatment']",Abuja
B:LAB BAMBOO 365 SUPER AQUA SUNSCREEN,B:Lab,10965.0,https://skinpopessentiel.com/products/b-lab-bamboo-365-super-aqua-sunscreen,SkinPopEssentiel,"['sunscreen', 'sunscreen']",Abuja
B:LAB CICA SOFT MELTAWAY CLEANSING BALM 100ML,B:Lab,9675.0,https://skinpopessentiel.com/products/zero-cast-moisturizing-finish-sunscreen-50ml,SkinPopEssentiel,"['face-wash-&-cleansers', 'cleansing-oil', 'double-cleanser']",Abuja
B:LAB MATCHA AIRYFIT SUN STICK,B:Lab,11610.0,https://skinpopessentiel.com/products/b-lab-matcha-airyfit-sun-stick-15g,SkinPopEssentiel,"['sunscreen', 'sunscreen']",Abuja
B:LAB MATCHA HYDRATING FOAM CLEANSER - 120ML,B:Lab,9675.0,https://skinpopessentiel.com/products/medicube-kojic-acid-turmeric-niacinamide-serum,SkinPopEssentiel,"['face-wash-&-cleansers', 'cleanser']",Abuja
BALANCE ACTIVE 2% SALICYLIC ACID + ZINC SERUM,Creightons,10750.0,https://skinpopessentiel.com/products/balance-active-2-salicylic-acid-zinc-serum,SkinPopEssentiel,"['essence-&-serums', 'serum']",Abuja
BALANCE ACTIVE FORMULA 15% NIACINAMIDE BLEMISH RECOVERY SERUM,Creightons,10750.0,https://skinpopessentiel.com/products/balance-active-formula-niacinamide-blemish-recovery-serum,SkinPopEssentiel,"['essence-&-serums', 'serum']",Abuja
BALANCE ACTIVE FORMULA 2% ALPHA ARBUTIN CORRECTIVE SERUM,Creightons,12685.0,https://skinpopessentiel.com/products/balance-active-formula-2-alpha-arbutin-corrective-serum,SkinPopEssentiel,"['essence-&-serums', 'serum']",Abuja
BALANCE ACTIVE FORMULA 3% VITAMIN C BRIGHTENING SERUM 30ML,Creightons,10535.0,https://skinpopessentiel.com/products/balance-active-formula-3-vitamin-c-brightening-serum,SkinPopEssentiel,"['essence-&-serums', 'serum']",Abuja
BALANCE ACTIVE FORMULA 3% VITAMIN C BRIGHTENING SERUM 60ML,Creightons,16662.0,https://skinpopessentiel.com/products/balance-active-formula-vitamin-c-brightening-serum-60ml,SkinPopEssentiel,"['essence-&-serums', 'serum']",Abuja
BALANCE ACTIVE FORMULA AHA & BHA SERUM 30ML,Creightons,10750.0,https://skinpopessentiel.com/products/balance-active-formula-aha-bha-serum-30ml,SkinPopEssentiel,"['essence-&-serums', 'exfoliant', 'serum']",Abuja
BALANCE ACTIVE FORMULA CERAMIDES BARRIER SERUM,Creightons,10750.0,https://skinpopessentiel.com/products/balance-active-formula-ceramides-skin-barrier-serum-1,SkinPopEssentiel,"['essence-&-serums', 'serum']",Abuja
BALANCE ACTIVE FORMULA HYALURONIC DEEP MOISTURE SERUM,Creightons,10320.0,https://skinpopessentiel.com/products/balance-active-formula-hyaluronic-deep-moisture-serum-30ml,SkinPopEssentiel,"['essence-&-serums', 'serum']",Abuja
BALANCE ACTIVE FORMULA RETINOL OVERNIGHT SERUM,Creightons,10750.0,https://skinpopessentiel.com/products/balance-active-formula-retinol-overnight-serum-1,SkinPopEssentiel,"['essence-&-serums', 'serum']",Abuja
BALANCE ACTIVE FORMULA SALICYLIC ACID + ZINC CLARIFYING TONER 200ML,Creightons,10320.0,https://skinpopessentiel.com/products/balance-active-formula-salicylic-acid-zinc-clarifying-toner-200ml,SkinPopEssentiel,"['toners-&-exfoliants', 'toner']",Abuja
BALANCE ACTIVE FORMULA VITAMIN C 5% BRIGHTENING SERUM,Creightons,10965.0,https://skinpopessentiel.com/products/balance-active-formula-vitamin-c-5-brightening-serum,SkinPopEssentiel,"['essence-&-serums', 'serum']",Abuja
BALANCE ACTIVE GOLD COLLAGEN REJUVENATING SERUM,Creightons,9664.0,https://skinpopessentiel.com/products/balance-active-gold-marine-collagen-rejuvenating-serum,SkinPopEssentiel,"['essence-&-serums', 'serum']",Abuja
BALANCE ACTIVE RESURFACE AND BRIGHTEN GLYCOLIC TONER EXFOLIATING TONER,Creightons,10965.0,https://skinpopessentiel.com/products/balance-active-resurface-and-brighten-glycolic-toner-exfoliating-toner,SkinPopEssentiel,"['toners-&-exfoliants', 'toner']",Abuja
BANILA CO CLEAN IT ZERO 100ML,Banila,9137.0,https://skinpopessentiel.com/products/banila-co-clean-it-zero-100ml,SkinPopEssentiel,"['face-wash-&-cleansers', 'double-cleanser']",Abuja
BEAUTY FORMULA REFINE + RECOVER CERAMIDES TONER,Beauty Formulas,4085.0,https://skinpopessentiel.com/products/copy-copy-beauty-formula-ceramide,SkinPopEssentiel,"['toners-&-exfoliants', 'toner']",Abuja
"BEAUTY FORMULAS 10% NIACINAMIDE ILLUMINATING
SERUM",Beauty Formulas,4085.0,https://skinpopessentiel.com/products/beauty-formula-10-niacinamide-illuminating-serum-with-10-niacinamide-for-a-cleaner-clearer-complexion,SkinPopEssentiel,"['essence-&-serums', 'serum']",Abuja
BEAUTY FORMULAS BRIGHTENING VIT C FACE SERUM 30ML,Beauty Formulas,3440.0,https://skinpopessentiel.com/products/beauty-formula-brightening-vit-c-face-serum-30ml,SkinPopEssentiel,"['essence-&-serums', 'serum']",Abuja
BEAUTY FORMULAS BRIGHTENING VITAMIN C EYE GEL PATCHES 6 PAIRS,Beauty Formulas,3440.0,https://skinpopessentiel.com/products/beauty-formulas-brightening-vitamin-c-eye-gel-patches-6-pairs,SkinPopEssentiel,"['eye-cream-&-gel', 'eye']",Abuja
BEAUTY FORMULAS BRIGHTENING VITAMIN C FACIAL SHEET MASK,Beauty Formulas,3010.0,https://skinpopessentiel.com/products/beauty-formulas-brightening-vitamin-c-facial-sheet-mask,SkinPopEssentiel,"['mask-&-scrubs', 'sheet-mask']",Abuja
BEAUTY FORMULAS BRIGHTENING VITAMIN C FACIAL TONIC,Beauty Formulas,3440.0,https://skinpopessentiel.com/products/beauty-formulas-brightening-vitamin-c-facial-tonic,SkinPopEssentiel,"['toners-&-exfoliants', 'toner']",Abuja
BEAUTY FORMULAS BRIGHTENING VITAMIN C FACIAL WASH,Beauty Formulas,3655.0,https://skinpopessentiel.com/products/beauty-formulas-brightening-vitamin-c-facial-wash,SkinPopEssentiel,"['face-wash-&-cleansers', 'cleanser']",Abuja
BEAUTY FORMULAS CHARCOAL DETOX CLEANSER - 150ML,Beauty Formulas,3440.0,https://skinpopessentiel.com/products/beauty-formulas-charcoal-detox-cleanser-150ml,SkinPopEssentiel,"['face-wash-&-cleansers', 'cleanser']",Abuja
BEAUTY FORMULAS HYALURONIC MOISTURE SERUM,Beauty Formulas,4515.0,https://skinpopessentiel.com/products/beauty-formula-hyaluronic-moisture-serum,SkinPopEssentiel,"['essence-&-serums', 'serum']",Abuja
BEAUTY FORMULAS NIACINAMIDE ILLUMINATING BODY LOTION - 500ML,Beauty Formulas,8170.0,https://skinpopessentiel.com/products/beauty-formulas-niacinamide-illuminating-body-lotion-500ml,SkinPopEssentiel,"['body-moisturizer', 'body-lotion']",Abuja
BEAUTY FORMULAS NIACINAMIDE ILLUMINATING BODY WASH - 750ML,Beauty Formulas,8385.0,https://skinpopessentiel.com/products/beauty-formulas-niacinamide-illuminating-body-wash-750ml,SkinPopEssentiel,"['body-wash', 'body-wash']",Abuja
BEAUTY FORMULAS OIL CONTROL FACIAL WASH,Beauty Formulas,3440.0,https://skinpopessentiel.com/products/beauty-formulas-facial-wash-oil-control-150ml,SkinPopEssentiel,"['face-wash-&-cleansers', 'cleanser']",Abuja
BEAUTY FORMULAS ON THE SPOT TREATMENT 30ML,Beauty Formulas,2687.0,https://skinpopessentiel.com/products/beauty-formulas-on-the-spot-treatment-30ml,SkinPopEssentiel,"['treatment-&-gel', 'treatment']",Abuja
BEAUTY FORMULAS PROTECTING CERAMIDES EYE CREAM,Beauty Formulas,3655.0,https://skinpopessentiel.com/products/copy-copy-copy-beauty-formula-ceramide,SkinPopEssentiel,"['eye-cream-&-gel', 'eye']",Abuja
BEAUTY FORMULAS RECOVERY CERAMIDES MOISTURISER,Beauty Formulas,4085.0,https://skinpopessentiel.com/products/copy-beauty-formula-ceramide,SkinPopEssentiel,"['essence-&-serums', 'face-cream', 'face-moisturizer']",Abuja
BEAUTY FORMULAS RENEWING AHA & BHA SERUM 30ML,Beauty Formulas,4085.0,https://skinpopessentiel.com/products/beauty-formulas-renewing-aha-bha-serum-30ml,SkinPopEssentiel,"['essence-&-serums', 'serum']",Abuja
BEAUTY FORMULAS REPAIRING CERAMIDES SERUM,Beauty Formulas,4085.0,https://skinpopessentiel.com/products/beauty-formula-ceramide,SkinPopEssentiel,['essence-&-serums'],Abuja
BEAUTY FORMULAS RETINOL ANTI-AGEING MOISTURIZER - 75ML,Beauty Formulas,3010.0,https://skinpopessentiel.com/products/beauty-formula-retinol-antiage-serum-30ml,SkinPopEssentiel,"['face-moisturizer', 'face-cream', 'face-moisturizer']",Abuja
BEAUTY FORMULAS RETINOL ANTI-AGEING SERUM 30ML,Beauty Formulas,3010.0,https://skinpopessentiel.com/products/beauty-formula-retinol-antiage-serum,SkinPopEssentiel,"['essence-&-serums', 'serum']",Abuja
BEAUTY FORMULAS RETINOL GEL CLEANSER,Beauty Formulas,3010.0,https://skinpopessentiel.com/products/beauty-formulas-retinol-cleanser,SkinPopEssentiel,"['face-wash-&-cleansers', 'cleanser']",Abuja
BEAUTY FORMULAS RETINOL SMOOTHING BODY LOTION - 500ML,Beauty Formulas,8170.0,https://skinpopessentiel.com/products/copy-beauty-formulas-retinol-smoothing-body-lotion-500ml,SkinPopEssentiel,"['body-moisturizer', 'body-lotion']",Abuja
BEAUTY FORMULAS RETINOL SMOOTHING BODY WASH - 750ML,Beauty Formulas,8385.0,https://skinpopessentiel.com/products/copy-beauty-formulas-retinol-smoothing-body-wash-750ml,SkinPopEssentiel,"['body-wash', 'body-wash']",Abuja
BEAUTY FORMULAS VIT C GLOWING SERUM 30ML,Beauty Formulas,4085.0,https://skinpopessentiel.com/products/beauty-formula-vit-c-glowing-serum,SkinPopEssentiel,"['essence-&-serums', 'serum']",Abuja
BEAUTY FORMULAS VITAMIN C BRIGHTENING BODY LOTION - 500ML,Beauty Formulas,8170.0,https://skinpopessentiel.com/products/beauty-formulas-vitamin-c-brightening-body-lotion,SkinPopEssentiel,"['body-moisturizer', 'body-lotion']",Abuja
BEAUTY FORMULAS VITAMIN C BRIGHTENING BODY WASH - 750ML,Beauty Formulas,8385.0,https://skinpopessentiel.com/products/beauty-formulas-vitamin-c-brightening-body-wash-750ml,SkinPopEssentiel,"['body-wash', 'body-wash']",Abuja
BEAUTY FORMULAS VITAMIN C BRIGHTENING DAILY MOISTURIZER 100ML,Beauty Formulas,3655.0,https://skinpopessentiel.com/products/beauty-formulas-vitamin-c-brightening-daily-moisturizer-100ml,SkinPopEssentiel,"['face-moisturizer', 'face-cream', 'face-moisturizer']",Abuja
BEAUTY FORMULAS VITAMIN E FOAMING FACIAL WASH - 150ML,Beauty Formulas,3440.0,https://skinpopessentiel.com/products/beauty-formulas-vitamin-e-foaming-facial-wash-150ml,SkinPopEssentiel,"['face-wash-&-cleansers', 'cleanser']",Abuja
BEAUTY OF JOSEON CALMING SERUM: GREEN TEA + PANTHENOL,Beauty of Joseon,7471.0,https://skinpopessentiel.com/products/beauty-of-joseon-calming-serum,SkinPopEssentiel,"['essence-&-serums', 'serum']",Abuja
BEAUTY OF JOSEON GINSENG ESSENCE WATER,Beauty of Joseon,0.0,https://skinpopessentiel.com/products/beauty-of-joseon-ginseng-essence-water,SkinPopEssentiel,"['toners-&-exfoliants', 'essence', 'toner']",Abuja
BEAUTY OF JOSEON GLOW DEEP SERUM: RICE + ARBUTIN,Beauty of Joseon,15695.0,https://skinpopessentiel.com/products/beauty-of-joseon-glow-deep-serum,SkinPopEssentiel,"['essence-&-serums', 'serum']",Abuja
BEAUTY OF JOSEON GLOW SERUM,Beauty of Joseon,15695.0,https://skinpopessentiel.com/products/beauty-of-joseon-glow-serum,SkinPopEssentiel,"['essence-&-serums', 'serum']",Abuja
BEAUTY OF JOSEON LIGHT ON SERUM CENTELLA + VITA C,Beauty of Joseon,15695.0,https://skinpopessentiel.com/products/beauty-of-joseon-light-on-serum-centella-vita-c,SkinPopEssentiel,"['essence-&-serums', 'serum']",Abuja
BEAUTY OF JOSEON RELIEF SUN - RICE + PROBIOTICS - SPF50,Beauty of Joseon,15910.0,https://skinpopessentiel.com/products/beauty-of-joseon-relief-sun-rice-probiotics-spf50,SkinPopEssentiel,"['sunscreen', 'sunscreen']",Abuja
BEAUTY OF JOSEON RELIEF SUN AQUA-FRESH RICE + B5 - SPF50,Beauty of Joseon,15910.0,https://skinpopessentiel.com/products/beauty-of-joseon-relief-sun-aqua-fresh-rice-b5-spf50,SkinPopEssentiel,"['sunscreen', 'sunscreen']",Abuja
BEAUTY OF JOSEON REVIVE SERUM: GINSENG + SNAIL MUCIN,Beauty of Joseon,15695.0,https://skinpopessentiel.com/products/beauty-of-joseon-repair-serum,SkinPopEssentiel,"['essence-&-serums', 'serum']",Abuja
BENTON ALOE BHA TONER,Benton,8492.0,https://skinpopessentiel.com/products/benton-aloe-bha-toner,SkinPopEssentiel,"['toners-&-exfoliants', 'toner']",Abuja
BENTON ALOE BHA TONER 30ml,Benton,3010.0,https://skinpopessentiel.com/products/benton-aloe-bha-toner-1,SkinPopEssentiel,"['toners-&-exfoliants', 'toner']",Abuja
BENTON ALOE PROPOLIS SOOTHING GEL 100ML,Benton,3762.0,https://skinpopessentiel.com/products/aloe-propolis-soothing-gel-100ml,SkinPopEssentiel,"['face-moisturizer', 'face-moisturizer']",Abuja
BENTON DEEP GREEN TEA CLEANSING FOAM,Benton,6342.0,https://skinpopessentiel.com/products/benton-deep-green-tea-cleansing-foam,SkinPopEssentiel,"['face-wash-&-cleansers', 'cleanser']",Abuja
BENTON DEEP GREEN TEA SERUM,Benton,8062.0,https://skinpopessentiel.com/products/benton-deep-green-tea-serum,SkinPopEssentiel,"['essence-&-serums', 'serum']",Abuja
BENTON DEEP GREEN TEA TONER 150ML,Benton,8492.0,https://skinpopessentiel.com/products/benton-deep-green-tea-toner-150ml,SkinPopEssentiel,"['toners-&-exfoliants', 'toner']",Abuja
BENTON SNAIL BEE ULTIMATE SERUM,Benton,10212.0,https://skinpopessentiel.com/products/benton-snail-bee-ultimate-serum,SkinPopEssentiel,"['essence-&-serums', 'essence']",Abuja
BENZAC 2.5% BENZOYL PEROXIDE ACNE TREATMENT GEL,Benzac,7955.0,https://skinpopessentiel.com/products/benzac-2-5-benzoyl-peroxide-acne-treatment-gel,SkinPopEssentiel,"['treatment-&-gel', 'treatment']",Abuja
BENZAC 5% BENZOYL PEROXIDE ACNE TREATMENT GEL,Benzac,7955.0,https://skinpopessentiel.com/products/benzac-ac-5-benzoyl-peroxide-gel,SkinPopEssentiel,"['treatment-&-gel', 'treatment']",Abuja
BIO- OIL NATURAL SKINCARE OIL,Bio-Oil,4515.0,https://skinpopessentiel.com/products/bio-oil-natural-skincare-oil,SkinPopEssentiel,"['body-oil', 'body-oil', 'treatment']",Abuja
BIO-OIL BODY OIL LOTION,Bio-Oil,0.0,https://skinpopessentiel.com/products/bio-oil-body-lotion,SkinPopEssentiel,"['body-moisturizer', 'body-cream', 'body-lotion']",Abuja
BIO-OIL SKINCARE OIL,Bio-Oil,4300.0,https://skinpopessentiel.com/products/bio-oil-skincare-oil,SkinPopEssentiel,"['body-oil', 'body-oil', 'treatment']",Abuja
"BIODERMA ATODERM
INTENSIVE FOAMING SHOWER GEL - 1Litre",Bioderma,36980.0,https://skinpopessentiel.com/products/bioderma-atoderm-intensive-foaming-shower-gel-1-litre,SkinPopEssentiel,"['body-wash', 'body-wash']",Abuja
BIODERMA ATODERM CREME ULTRA 500ML,Bioderma,28810.0,https://skinpopessentiel.com/products/bioderma-atoderm-creme-ultra,SkinPopEssentiel,"['body-moisturizer', 'body-cream', 'body-lotion']",Abuja
BIODERMA ATODERM INTENSIVE BAUME 500ML,Bioderma,41280.0,https://skinpopessentiel.com/products/bioderma-atoderm-intensive-baume,SkinPopEssentiel,"['body-moisturizer', 'body-cream', 'body-lotion']",Abuja
BIODERMA ATODERM LIP BALM,Bioderma,12255.0,https://skinpopessentiel.com/products/bioderma-atoderm-lip-balm,SkinPopEssentiel,"['lips', 'lip-balm']",Abuja
BIODERMA ATODERM SHOWER GEL DOUCHE 1Litre,Bioderma,35475.0,https://skinpopessentiel.com/products/bioderma-atoderm-gel-douche-1litre,SkinPopEssentiel,"['body-wash', 'body-wash']",Abuja
BIODERMA ATODERM SHOWER OIL/BODY WASH- 1Litre,Bioderma,42570.0,https://skinpopessentiel.com/products/atoderm-huile-de-douche,SkinPopEssentiel,"['body-wash', 'body-wash']",Abuja
BIODERMA ATODERM ULTRA REPAIR HAND CREAM FOR DRY SKIN,Bioderma,10105.0,https://skinpopessentiel.com/products/bioderma-atoderm-ultra-repair-hand-cream-for-dry-skin,SkinPopEssentiel,"['hand-cream', 'hand-cream']",Abuja
BIODERMA ATODERM ULTRA-SOOTHING CLEANSING BAR,Bioderma,8385.0,https://skinpopessentiel.com/products/bioderma-atoderm-intensive-pain,SkinPopEssentiel,"['body-wash', 'body-wash']",Abuja
BIODERMA FOAMING FACIAL GEL CLEANSER-  SÉBIUM GEL MOUSSANT 500ML,Bioderma,28810.0,https://skinpopessentiel.com/products/bioderma-foaming-gel-cleanser-sebium-gel-moussant-500ml,SkinPopEssentiel,"['face-wash-&-cleansers', 'cleanser']",Abuja
"BIODERMA PHOTODERM
AQUAFLUIDE SPF50+ SUNSCREEN",Bioderma,20855.0,https://skinpopessentiel.com/products/bioderma-photoderm,SkinPopEssentiel,"['sunscreen', 'sunscreen']",Abuja
BIODERMA PHOTODERM X-DEFENSE ULTRA-FLUID SPF50+ - INVISIBLE,Bioderma,23005.0,https://skinpopessentiel.com/products/bioderma-photoderm-x-defense-ultra-fluid-spf50,SkinPopEssentiel,"['sunscreen', 'sunscreen']",Abuja
BIODERMA PIGMENTBIO BRIGHTENING FACIAL CLEANSER,Bioderma,20855.0,https://skinpopessentiel.com/products/bioderma-pigmentbio-foaming-cream-cleanser,SkinPopEssentiel,"['face-wash-&-cleansers', 'cleanser']",Abuja
BIODERMA PIGMENTBIO C-CONCENTRATE BRIGHTENING PIGMENTATION CORRECTOR,Bioderma,39990.0,https://skinpopessentiel.com/products/bioderma-pigmentbio-c-concentrate-brightening-pigmentation-corrector,SkinPopEssentiel,"['treatment-&-gel', 'treatment']",Abuja
BIODERMA SEBIUM GEL MOUSSANT ACTIF FOAMING GEL CLEANSER 200ML,Bioderma,17845.0,https://skinpopessentiel.com/products/untitled-19dec_22-41,SkinPopEssentiel,"['face-wash-&-cleansers', 'cleanser']",Abuja
BIODERMA SEBIUM H2O (MICELLAR WATER) 500ML,Bioderma,19995.0,https://skinpopessentiel.com/products/bioderma-sebium-h2o-micellar-water-500ml,SkinPopEssentiel,"['face-wash-&-cleansers', 'micellar-water']",Abuja
BIODERMA SEBIUM HYDRA- FACIAL MOISTURISER,Bioderma,14835.0,https://skinpopessentiel.com/products/bioderma-sebium-hydra-facial-moisturiser,SkinPopEssentiel,"['face-moisturizer', 'face-cream', 'face-moisturizer']",Abuja
BIODERMA SEBIUM KERATO+ ACNE TREATMENT GEL CREAM,Bioderma,20210.0,https://skinpopessentiel.com/products/bioderma-2,SkinPopEssentiel,"['treatment-&-gel', 'treatment']",Abuja
BIODERMA SEBIUM MAT SHINE-CONTROL MOISTURIZER,Bioderma,20855.0,https://skinpopessentiel.com/products/bioderma-mat,SkinPopEssentiel,"['face-moisturizer', 'face-cream', 'face-moisturizer']",Abuja
BIODERMA SENSIBIO DEFENSIVE ACTIVE SOOTHING CREAM,Bioderma,19565.0,https://skinpopessentiel.com/products/bioderma-sensibio-defensive-active-soothing-cream,SkinPopEssentiel,"['face-moisturizer', 'face-cream', 'face-moisturizer']",Abuja
BIODERMA SENSIBIO H2O (MICELLAR WATER) 500ML,Bioderma,19995.0,https://skinpopessentiel.com/products/bioderma-sensibio-h2o-micellar-water-500ml,SkinPopEssentiel,"['face-wash-&-cleansers', 'micellar-water']",Abuja
BIODERMA SÉBIUM HYDRA SOOTHING CLEANSER 200ML,Bioderma,14835.0,https://skinpopessentiel.com/products/bioderma-sebium-hydra-soothing-cleanser-200ml,SkinPopEssentiel,"['face-wash-&-cleansers', 'cleanser']",Abuja
BIORE UV AQUA RICH AQUA PROTECT LOTION SPF50+ PA++++,Biore,13437.0,https://skinpopessentiel.com/products/biore-uv-aqua-rich-aqua-protect-lotion-spf50-pa,SkinPopEssentiel,"['sunscreen', 'sunscreen']",Abuja
BIORE UV AQUA RICH WATERY ESSENCE SUNSCREEN SPF 50- 70G,Biore,12900.0,https://skinpopessentiel.com/products/biore-uv-aqua-rich-watery-essence-spf50-70g,SkinPopEssentiel,"['sunscreen', 'sunscreen']",Abuja
BLACK GIRL SUNSCREEN KIDS SPF 50 89ML,Black Girl Sunscreen,13964.0,https://skinpopessentiel.com/products/black-girl-sunscreen-kids-spf-50,SkinPopEssentiel,"['sunscreen', 'sunscreen']",Abuja
BLACK GIRL SUNSCREEN KIDS SPRAY & PLAY SPF 50 SUNSCREEN,Black Girl Sunscreen,8492.0,https://skinpopessentiel.com/products/black-girl-sunscreen-kids-spray-play-spf-50-sunscreen,SkinPopEssentiel,"['sunscreen', 'sunscreen']",Abuja
BLACK GIRL SUNSCREEN MAKE IT GLOW™ SPF 30,Black Girl Sunscreen,9890.0,https://skinpopessentiel.com/products/black-girl-sunscreen-make-it-glow™-spf-30,SkinPopEssentiel,"['sunscreen', 'sunscreen']",Abuja
BLACK GIRL SUNSCREEN MAKE IT MATTE SPF 45,Black Girl Sunscreen,9567.0,https://skinpopessentiel.com/products/black-girl-sunscreen-make-it-matte-spf-45,SkinPopEssentiel,"['sunscreen', 'sunscreen']",Abuja
BLACK GIRL SUNSCREEN SPF 30 89ML,Black Girl Sunscreen,20414.0,https://skinpopessentiel.com/products/black-girl-sunscreen-spf-30,SkinPopEssentiel,"['sunscreen', 'sunscreen']",Abuja
BLISTEX LIP MEDEX,Blistex,2365.0,https://skinpopessentiel.com/products/blistex-lip-medex,SkinPopEssentiel,"['lips', 'lip-balm']",Abuja
BLISTEX MEDICATED BERRY BALM SPF15,Blistex,3117.0,https://skinpopessentiel.com/products/blistex-medicated-berry-balm,SkinPopEssentiel,"['lips', 'lip-balm']",Abuja
BLISTEX MEDICATED LIP OINTMENT,Blistex,1612.0,https://skinpopessentiel.com/products/blistex-medicated-lip-ointment,SkinPopEssentiel,"['lips', 'lip-balm']",Abuja
BLISTEX MEDICATED MINT BALM SPF 15,Blistex,1935.0,https://skinpopessentiel.com/products/blistex-medicated-mint-balm-spf-15,SkinPopEssentiel,"['lips', 'lip-balm']",Abuja
BONDI SANDS FACE SPF 50,Bondi Sands,12900.0,https://skinpopessentiel.com/products/bondi-sands-face-spf-50,SkinPopEssentiel,"['sunscreen', 'sunscreen']",Abuja
BONDI SANDS FACE SUNSCREEN FLUID SPF50,Bondi Sands,15587.0,https://skinpopessentiel.com/products/copy-of-bondi-sands-face-sunscreen-fluid-spf50,SkinPopEssentiel,"['sunscreen', 'sunscreen']",Abuja
BONDI SANDS FACE SUNSCREEN SPRAY SPF50,Bondi Sands,13115.0,https://skinpopessentiel.com/products/bondi-sands-face-sunscreen-mist-spf50,SkinPopEssentiel,"['sunscreen', 'sunscreen']",Abuja
BONDI SANDS HYDRA UV PROTECT SPF50+ 150ML,Bondi Sands,18812.0,https://skinpopessentiel.com/products/bondi-sands-hydra-uv-protect-spf50-150ml,SkinPopEssentiel,"['sunscreen', 'sunscreen']",Abuja
BONDI SANDS JUICY WATERMELON SPF50+ LIP BALM,Bondi Sands,9245.0,https://skinpopessentiel.com/products/bondi-sands-watermelon,SkinPopEssentiel,"['lips', 'lip-balm']",Abuja
BONDI SANDS MOISTURISING LIP BALM- TOASTED COCONUT,Bondi Sands,9245.0,https://skinpopessentiel.com/products/bondi-sands-moisturising-lip-balm-coconut,SkinPopEssentiel,"['lips', 'lip-balm']",Abuja
BONDI SANDS SPF 50+ BODY SUNSCREEN FRAGRANCE FREE- 150ML,Bondi Sands,18812.0,https://skinpopessentiel.com/products/copy-of-bondi-sands-spf-50-body-sunscreen-fragrance-free-lotion-150ml,SkinPopEssentiel,['sunscreen'],Abuja
BONDI SANDS SPF 50+ FRAGRANCE FREE HYDRATING TINTED FACE LOTION,Bondi Sands,0.0,https://skinpopessentiel.com/products/bondi-sands-spf-50-fragrance-free-hydrating-tinted-face-lotion,SkinPopEssentiel,"['sunscreen', 'sunscreen']",Abuja
BONDI SANDS SPF 50+ FRAGRANCE FREE MATTE TINTED FACE LOTION 75ML,Bondi Sands,18167.0,https://skinpopessentiel.com/products/untitled-2sept_22-36,SkinPopEssentiel,"['sunscreen', 'sunscreen']",Abuja
BONDI SANDS SPF 50+ FRAGRANCE FREE SUNSCREEN LOTION PUMP- 500ML,Bondi Sands,36012.0,https://skinpopessentiel.com/products/bondi-sands-spf-50-fragrance-free-sunscreen-lotion-pump-500ml,SkinPopEssentiel,"['sunscreen', 'sunscreen']",Abuja
BONDI SANDS SPF 50+ LIP BALM SWEET VANILLA,Bondi Sands,9245.0,https://skinpopessentiel.com/products/bondi-sands-spf-50-lip-balm-sweet-vanilla,SkinPopEssentiel,"['lips', 'lip-balm', 'sunscreen']",Abuja
BONDI SANDS TROPICAL MANGO LIP BALM SPF 50+,Bondi Sands,9245.0,https://skinpopessentiel.com/products/bondi-sands-tropical-mango-lip-balm-spf50,SkinPopEssentiel,"['lips', 'lip-balm']",Abuja
"BY WISHTREND
MANDELIC ACID 5% SKIN PREP WATER",Klairs,0.0,https://skinpopessentiel.com/products/copy-of-by-wishtrend-mandelic-acid-5-skin-prep-water-30ml,SkinPopEssentiel,"['toners-&-exfoliants', 'exfoliant']",Abuja
Bondi Sands SPF 50+ LIP BALM- WILD STRAWBERRY,Bondi Sands,9245.0,https://skinpopessentiel.com/products/bondi-sands-spf-50-lip-balm-wild-strawberry,SkinPopEssentiel,"['lips', 'lip-balm']",Abuja
"CANTU BIOTIN-INFUSED HAIR & SCALP OIL- TEA TREE, PEPPERMINT AND AVOCADO 59ML",Cantu,8600.0,https://skinpopessentiel.com/products/cantu-biotin-infused-hair-scalp-oil,SkinPopEssentiel,"['hair-care', 'hair-care']",Abuja
CANTU CARE FOR KIDS LEAVE-IN CONDITIONER - 283g,Cantu,6665.0,https://skinpopessentiel.com/products/cantu-care-for-kids-leave-in-conditioner-296ml,SkinPopEssentiel,"['hair-care', 'hair-care']",Abuja
CANTU CARE FOR KIDS NOURISHING CONDITIONER - 237ML,Cantu,6665.0,https://skinpopessentiel.com/products/cantu-care-for-kids-nourishing-conditioner-237ml,SkinPopEssentiel,"['hair-care', 'hair-care']",Abuja
CANTU CARE FOR KIDS NOURISHING SHAMPOO - 237ML,Cantu,6665.0,https://skinpopessentiel.com/products/cantu-care-for-kids-nourishing-shampoo-237ml,SkinPopEssentiel,"['hair-care', 'hair-care']",Abuja
CANTU GROW STRONG HAIR STRENGTHENING TREATMENT WITH SHEA BUTTER - 173g,Cantu,7310.0,https://skinpopessentiel.com/products/cantu-grow-strong-hair-strengthening-treatment-with-shea-butter,SkinPopEssentiel,"['hair-care', 'hair-care']",Abuja
CANTU KIDS BONNET SATIN SLEEP CAP,Cantu,4515.0,https://skinpopessentiel.com/products/cantu-kids-bonnet-satin-sleep-cap,SkinPopEssentiel,"['hair-care', 'hair-care']",Abuja
"CANTU KIDS CURLING CREAM. GENTLE CARE FOR CURLS, COIL & WAVES-  227g",Cantu,6665.0,https://skinpopessentiel.com/products/cantu-care-for-kids-curling-cream-237ml,SkinPopEssentiel,"['hair-care', 'hair-care']",Abuja
CANTU MEN 2-IN-1 HAIR & BODY WASH - 400ML,Cantu,8385.0,https://skinpopessentiel.com/products/cantu-men-2-in-1-hair-body-wash-400ml,SkinPopEssentiel,"['hair-care', 'hair-care']",Abuja
CANTU NATURAL HAIR LEAVE-IN CONDITIONING CREAM - 340g,Cantu,9675.0,https://skinpopessentiel.com/products/cantu-leave-in-conditioning-cream-340g,SkinPopEssentiel,"['hair-care', 'hair-care']",Abuja
CANTU NATURAL HYDRATING CREAM CONDITIONER 400ML,Cantu,8170.0,https://skinpopessentiel.com/products/cantu-natural-hydrating-cream-conditioner-400ml,SkinPopEssentiel,"['hair-care', 'hair-care']",Abuja
CANTU NATURAL SHEA BUTTER COCONUT CURLING CREAM - 340ML,Cantu,11825.0,https://skinpopessentiel.com/products/cantu-natural-shea-butter-coconut-curling-cream-340ml,SkinPopEssentiel,"['hair-care', 'hair-care']",Abuja
CANTU SHEA BUTTER ARGAN OIL - 453g,Cantu,8385.0,https://skinpopessentiel.com/products/cantu-shea-butter-argan-oil,SkinPopEssentiel,"['hair-care', 'hair-care']",Abuja
CANTU SHEA BUTTER DAILY HAIR OIL MOISTURIZER - 384ML,Cantu,8170.0,https://skinpopessentiel.com/products/cantu-butter-daily-oil-moisturizer-shea-384ml,SkinPopEssentiel,"['hair-care', 'hair-care']",Abuja
CANTU SHEA BUTTER EDGE GEL 64ML,Cantu,7095.0,https://skinpopessentiel.com/products/cantu-shea-butter-edge-gel-64ml,SkinPopEssentiel,"['hair-care', 'hair-care']",Abuja
CANTU SHEA BUTTER HAIR DRESSING POMADE - 113g,Cantu,6235.0,https://skinpopessentiel.com/products/cantu-shea-butter-hair-dressing-pomade-190g,SkinPopEssentiel,"['hair-care', 'hair-care']",Abuja
CANTU SHEA BUTTER LEAVE-IN CONDITIONER CONDITIONING REPAIR CREAM - 453g,Cantu,8385.0,https://skinpopessentiel.com/products/cantu-shea-butter-leave-in-conditioner-conditioning-repair-cream-453ml,SkinPopEssentiel,"['hair-care', 'hair-care']",Abuja
CANTU SHEA BUTTER MOISTURIZING CURL ACTIVATOR CREAM - 355ML,Cantu,10320.0,https://skinpopessentiel.com/products/cantu-shea-butter-moisturizing-curl-activator-cream-355ml,SkinPopEssentiel,"['hair-care', 'hair-care']",Abuja
CANTU SHEA BUTTER TEA TREE & JOJOBA HAIR & SCALP OIL- 180g,Cantu,9460.0,https://skinpopessentiel.com/products/cantu-shea-butter-tea-tree-jojoba-hair-scalp-oil-180g,SkinPopEssentiel,"['hair-care', 'hair-care']",Abuja
CANTU SULFATE-FREE CLEANSING CREAM SHAMPOO WITH SHEA BUTTER FOR NATURAL HAIR 400ML,Cantu,8170.0,https://skinpopessentiel.com/products/cantu-sulfate-free-cleansing-cream-shampoo-with-shea-butter-for-natural-hair-400ml,SkinPopEssentiel,"['hair-care', 'hair-care']",Abuja
CANTU THERMAL SHIELD HEAT PROTECTANT WITH SHEA BUTTER - 151ML,Cantu,7095.0,https://skinpopessentiel.com/products/cantu-thermal-shield-heat-protectant,SkinPopEssentiel,"['hair-care', 'hair-care']",Abuja
CARBON THEORY VITAMIN C - 5% GLYCOLIC & VITAMIN C FACIAL TONIC- 250ML,Carbon Theory,18920.0,https://skinpopessentiel.com/products/untitled-14jul_16-52,SkinPopEssentiel,"['toners-&-exfoliants', 'toner']",Abuja
CELIMAX - PORE+ DARK SPOT BRIGHTENING CARE SUNSCREEN SPF 50+,Celimax,15480.0,https://skinpopessentiel.com/products/celimax-pore-dark-spot-brightening-care-sunscreen,SkinPopEssentiel,"['sunscreen', 'sunscreen']",Abuja
CELIMAX PORE + DARK SPOT BRIGHTENING CREAM MASK,Celimax,4515.0,https://skinpopessentiel.com/products/celimax-pore-dark-spot-brightening-cream-mask,SkinPopEssentiel,"['mask-&-scrubs', 'sheet-mask']",Abuja
CELIMAX PORE+DARK SPOT BRIGHTENING CREAM,Celimax,16770.0,https://skinpopessentiel.com/products/celimax-pore-dark-spot-brightening-cream,SkinPopEssentiel,"['face-moisturizer', 'face-cream', 'face-moisturizer']",Abuja
CELIMAX VITA A RETINAL SHOT TIGHTENING BOOSTER - 15ML,Celimax,16125.0,https://skinpopessentiel.com/products/celimax-vita-a-retinol-shot-tightening-serum-30ml,SkinPopEssentiel,"['essence-&-serums', 'serum']",Abuja
CERAVE (USA) BABY MOISTURIZING LOTION,Cerave,17737.0,https://skinpopessentiel.com/products/cerave-usa-baby-moisturizing-lotion,SkinPopEssentiel,"['body-moisturizer', 'body-lotion']",Abuja
CERAVE (USA) RENEWING SA CLEANSER,Cerave,18060.0,https://skinpopessentiel.com/products/cerave-renewing-sa-cleanser-1,SkinPopEssentiel,"['face-wash-&-cleansers', 'cleanser']",Abuja
CERAVE ACNE FOAMING CREAM CLEANSER - 150ML,Cerave,27305.0,https://skinpopessentiel.com/products/cerave-acne-foaming-cream-cleanser,SkinPopEssentiel,"['face-wash-&-cleansers', 'cleanser']",Abuja
CERAVE ADVANCED REPAIR HEALING OINTMENT 85G,Cerave,15910.0,https://skinpopessentiel.com/products/cerave-advanced-repair-healing-ointment-85g,SkinPopEssentiel,"['occlusive', 'occlusive']",Abuja
CERAVE AHA & BHA BLEMISH (ACNE) CONTROL GEL,Cerave,23650.0,https://skinpopessentiel.com/products/cerave-blemish-acne-control-gel,SkinPopEssentiel,"['treatment-&-gel', 'treatment']",Abuja
CERAVE AM FACIAL MOISTURIZING LOTION SPF 50,Cerave,19887.0,https://skinpopessentiel.com/products/cerave-facial-moisturizing-lotion-spf-25-52ml,SkinPopEssentiel,"['face-moisturizer', 'face-cream', 'face-moisturizer']",Abuja
CERAVE BLEMISH CONTROL CLEANSER,Cerave,16770.0,https://skinpopessentiel.com/products/cerave-blemish-control-cleanser,SkinPopEssentiel,"['face-wash-&-cleansers', 'cleanser']",Abuja
CERAVE CLAY TO FOAM CLEANSER,Cerave,23865.0,https://skinpopessentiel.com/products/cerave-clay-to-foam-cleanser,SkinPopEssentiel,"['face-wash-&-cleansers', 'cleanser', 'mask']",Abuja
CERAVE EYE REPAIR CREAM,Cerave,15910.0,https://skinpopessentiel.com/products/cerave-eye-repair-cream-1,SkinPopEssentiel,"['eye-cream-&-gel', 'body-lotion', 'eye']",Abuja
CERAVE FOAMING CLEANSER BAR,Cerave,7396.0,https://skinpopessentiel.com/products/cerave-foaming-cleanser-bar,SkinPopEssentiel,"['face-wash-&-cleansers', 'cleanser']",Abuja
CERAVE FOAMING CLEANSER NORMAL TO OILY SKIN,Cerave,14835.0,https://skinpopessentiel.com/products/cerave-foaming-cleanser-normal-to-oily-skin-473ml,SkinPopEssentiel,"['face-wash-&-cleansers', 'cleanser']",Abuja
CERAVE HYDRATING CLEANSER,Cerave,12900.0,https://skinpopessentiel.com/products/copy-of-cerave-hydrating-cleanser-236ml,SkinPopEssentiel,"['face-wash-&-cleansers', 'cleanser']",Abuja
CERAVE HYDRATING CLEANSER BAR 4.5OZ 128G,Cerave,5912.0,https://skinpopessentiel.com/products/cerave-hydrating-cleanser-bar-4-5oz-128g,SkinPopEssentiel,"['face-wash-&-cleansers', 'cleanser']",Abuja
CERAVE HYDRATING CREAM TO FOAM CLEANSER,Cerave,15910.0,https://skinpopessentiel.com/products/cerave-hydrating-cream-to-foam-cleanser-355ml,SkinPopEssentiel,"['face-wash-&-cleansers', 'cleanser']",Abuja
CERAVE HYDRATING FOAMING OIL CLEANSER 473ML,Cerave,24187.0,https://skinpopessentiel.com/products/cerave-hydrating-foaming-oil-cleanser,SkinPopEssentiel,"['face-wash-&-cleansers', 'cleanser']",Abuja
CERAVE HYDRATING HYALURONIC ACID SERUM,Cerave,15910.0,https://skinpopessentiel.com/products/cerave-hydrating-hyaluronic-acid-serum-1,SkinPopEssentiel,"['essence-&-serums', 'serum']",Abuja
CERAVE HYDRATING MINERAL SUNSCREEN SPF 50 - 75ML,Cerave,24725.0,https://skinpopessentiel.com/products/cerave-hydrating-mineral-sunscreen-spf-50-75ml,SkinPopEssentiel,"['sunscreen', 'sunscreen']",Abuja
CERAVE HYDRATING TONER,Cerave,18705.0,https://skinpopessentiel.com/products/cerave-hydrating-toner-coming-in-stock-soon,SkinPopEssentiel,"['toners-&-exfoliants', 'toner']",Abuja
CERAVE INTENSIVE MOISTURIZING LOTION 473ML,Cerave,33755.0,https://skinpopessentiel.com/products/untitled-3dec_18-03,SkinPopEssentiel,"['body-moisturizer', 'body-lotion']",Abuja
CERAVE MICELLAR CLEANSING WATER - 295ML,Cerave,16770.0,https://skinpopessentiel.com/products/cerave-micellar-cleansing-water-1,SkinPopEssentiel,"['face-wash-&-cleansers', 'cleanser', 'double-cleanser']",Abuja
CERAVE MOISTURIZING CREAM,Cerave,17630.0,https://skinpopessentiel.com/products/cerave-moisturizing-cream-jar-dry-to-v-dry-340gram,SkinPopEssentiel,"['body-moisturizer', 'body-cream', 'body-lotion']",Abuja
CERAVE MOISTURIZING LOTION,Cerave,14405.0,https://skinpopessentiel.com/products/cerave-uk-moisturizing-lotion-473ml,SkinPopEssentiel,"['body-moisturizer', 'body-lotion']",Abuja
CERAVE OIL CONTROL MOISTURISING GEL-CREAM FOR OILY SKIN,Cerave,19995.0,https://skinpopessentiel.com/products/cerave-oil-control-moisturising-gel-cream-for-oily-skin,SkinPopEssentiel,"['face-moisturizer', 'face-cream', 'face-moisturizer']",Abuja
CERAVE PM FACIAL MOISTURIZING LOTION- 52ML,Cerave,18812.0,https://skinpopessentiel.com/products/cerave-pm-facial-moisturizing-lotion-52ml,SkinPopEssentiel,"['face-moisturizer', 'face-cream', 'face-moisturizer']",Abuja
CERAVE PSORIASIS CLEANSER,Cerave,13437.0,https://skinpopessentiel.com/products/cerave-psoriasis-cleanser,SkinPopEssentiel,"['face-wash-&-cleansers', 'cleanser']",Abuja
CERAVE RESURFACING RETINOL SERUM (UK),Cerave,27305.0,https://skinpopessentiel.com/products/cerave-resurfacing-retinol-serum,SkinPopEssentiel,"['essence-&-serums', 'serum']",Abuja
CERAVE SA LOTION FOR BUMPY & ROUGH SKIN 236ML,Cerave,21392.0,https://skinpopessentiel.com/products/cerave-sa-lotion-for-bumpy-rough-skin-237ml,SkinPopEssentiel,"['body-moisturizer', 'body-cream', 'body-lotion']",Abuja
CERAVE SA SMOOTHING CLEANSER,Cerave,16555.0,https://skinpopessentiel.com/products/cerave-sa-smoothing-cleanser,SkinPopEssentiel,"['face-wash-&-cleansers', 'cleanser']",Abuja
CERAVE SA SMOOTHING CREAM 177ML,Cerave,13437.0,https://skinpopessentiel.com/products/cerave-sa-smoothing-cream-177ml,SkinPopEssentiel,"['body-moisturizer', 'body-cream', 'body-lotion']",Abuja
CERAVE SA SMOOTHING CREAM 340G,Cerave,20855.0,https://skinpopessentiel.com/products/cerave-sa-smoothing-cream-340g-1,SkinPopEssentiel,"['body-moisturizer', 'body-cream', 'body-lotion']",Abuja
CERAVE SALICYLIC ACID ACNE CONTROL CLEANSER,Cerave,0.0,https://skinpopessentiel.com/products/cerave-usa-acne-control-cleanser-355ml-1,SkinPopEssentiel,"['face-wash-&-cleansers', 'cleanser']",Abuja
CERAVE SKIN RENEWING NIGHT CREAM,Cerave,17737.0,https://skinpopessentiel.com/products/cerave-skin-renewing-night-cream,SkinPopEssentiel,"['face-moisturizer', 'face-cream', 'face-moisturizer']",Abuja
CERAVE SKIN RENEWING NIGHTLY EXFOLIATING TREATMENT,Cerave,14512.0,https://skinpopessentiel.com/products/cerave-skin-renewing-nightly-exfoliating-treatment,SkinPopEssentiel,"['toners-&-exfoliants', 'exfoliant']",Abuja
CERAVE SKIN RENEWING RETINOL FACE SERUM,Cerave,14942.0,https://skinpopessentiel.com/products/cerave-skin-renewing-retinol-face-serum,SkinPopEssentiel,"['essence-&-serums', 'serum']",Abuja
CERAVE SKIN RENEWING VITAMIN C SERUM,Cerave,17845.0,https://skinpopessentiel.com/products/cerave-skin-renewing-vitamin-c-serum-1,SkinPopEssentiel,"['essence-&-serums', 'serum']",Abuja
CERAVE ULTRA-LIGHTWEIGHT MOISTURIZING LOTION 50ML,Cerave,12898.0,https://skinpopessentiel.com/products/cerave-ultra-lightweight-moisturizing-lotion-50ml,SkinPopEssentiel,"['face-moisturizer', 'face-moisturizer']",Abuja
CERAVE USA MOISTURIZING CREAM,Cerave,26445.0,https://skinpopessentiel.com/products/cerave-moisturizing-cream-463ml,SkinPopEssentiel,"['body-moisturizer', 'body-cream', 'body-lotion']",Abuja
CETAPHIL DAILY FACIAL CLEANSER 473ML,Cetaphil,6987.0,https://skinpopessentiel.com/products/cetaphil-daily-facial-cleanser-473ml,SkinPopEssentiel,"['face-wash-&-cleansers', 'cleanser']",Abuja
CETAPHIL GENTLE CLEAR CLARIFYING ACNE CREAM CLEANSER,Cetaphil,9890.0,https://skinpopessentiel.com/products/cetaphil-gentle-clear-clarifying-acne-cream-cleanser,SkinPopEssentiel,"['face-wash-&-cleansers', 'cleanser']",Abuja
CETAPHIL GENTLE CLEAR MATTIFYING ACNE MOISTURIZER,Cetaphil,11717.0,https://skinpopessentiel.com/products/cetaphil-face-moisturizer-gentle-clear-mattifying-acne-moisturizer,SkinPopEssentiel,"['face-moisturizer', 'face-cream', 'face-moisturizer']",Abuja
CETAPHIL GENTLE SKIN CLEANSER,Cetaphil,5912.0,https://skinpopessentiel.com/products/cetaphil-gentle-skin-cleanser,SkinPopEssentiel,"['face-wash-&-cleansers', 'cleanser']",Abuja
CETAPHIL MOISTURIZING CREAM,Cetaphil,21392.0,https://skinpopessentiel.com/products/cetaphil-moisturizing-cream-566g,SkinPopEssentiel,"['body-moisturizer', 'body-cream', 'body-lotion']",Abuja
CETAPHIL MOISTURIZING LOTION 591ML,Cetaphil,24725.0,https://skinpopessentiel.com/products/cetaphil-moisturizing-lotion-473ml-1,SkinPopEssentiel,"['body-moisturizer', 'body-lotion']",Abuja
CETAPHIL OILY SKIN CLEANSER,Cetaphil,12362.0,https://skinpopessentiel.com/products/cetaphil-oily-skin-cleanser,SkinPopEssentiel,"['face-wash-&-cleansers', 'cleanser']",Abuja
CETAPHIL RICH NIGHT CREAM,Cetaphil,9137.0,https://skinpopessentiel.com/products/cetaphil-rich-night-cream,SkinPopEssentiel,"['face-moisturizer', 'face-cream', 'face-moisturizer']",Abuja
COMMONLABS VITAMIN C BRIGHTENING AMPOULE,Commonlabs,11825.0,https://skinpopessentiel.com/products/commonlabs-vitamin-c-brightening-ampoule,SkinPopEssentiel,"['essence-&-serums', 'essence', 'serum']",Abuja
COMMONLABS VITAMIN C BRIGHTENING GEL CREAM,Commonlabs,14190.0,https://skinpopessentiel.com/products/commonlabs-vitamin-c-brightening-gel-cream,SkinPopEssentiel,"['face-moisturizer', 'face-moisturizer']",Abuja
COMMONLABS VITAMIN C BRIGHTENING PEELING TONER,Commonlabs,14190.0,https://skinpopessentiel.com/products/commonlabs-vitamin-c-brightening-peeling-toner,SkinPopEssentiel,"['toners-&-exfoliants', 'toner']",Abuja
COMMONLABS VITAMIN C BRIGHTENING SUN SERUM,Commonlabs,12900.0,https://skinpopessentiel.com/products/commonlabs-vitamin-c-brightening-sun-serum,SkinPopEssentiel,"['sunscreen', 'sunscreen']",Abuja
CONSCIOUS CHEMIST TRUBIOM PIGMENTATION AND DARK SPOTS TREATMENT SERUM,Conscious Chemist,11825.0,https://skinpopessentiel.com/products/conscious-chemist-trubiompigmentation-and-dark-spots-treatment-serum,SkinPopEssentiel,"['essence-&-serums', 'serum', 'treatment']",Abuja
CONSCIOUS CHEMIST TRUBIOM PIGMENTATION CORRECTOR CREAM,Conscious Chemist,11825.0,https://skinpopessentiel.com/products/untitled-27feb_18-52,SkinPopEssentiel,"['treatment-&-gel', 'treatment']",Abuja
CONSCIOUS CHEMIST VIVID C 10% VITAMIN C SKIN BRIGHTENING SERUM - 30 ML,Conscious Chemist,11825.0,https://skinpopessentiel.com/products/conscious-chemist-vivid-c-10-vitamin-c-skin-brightening-serum-30-ml,SkinPopEssentiel,"['essence-&-serums', 'serum', 'treatment']",Abuja
CONSCIOUS CHEMIST VIVID C RADIANCE BOOSTING DAILY GEL CREAM 100G,Conscious Chemist,10750.0,https://skinpopessentiel.com/products/conscious-chemist-vivid-c-radiance-boosting-daily-gel-cream-100g,SkinPopEssentiel,['face-moisturizer'],Abuja
COS DE BAHA ALPHA ARBUTIN LICORICE SERUM,Cos De Baha,12470.0,https://skinpopessentiel.com/products/cos-de-baha-alpha-arbutin-licorice-serum,SkinPopEssentiel,"['essence-&-serums', 'serum']",Abuja
COS DE BAHA ARBUTIN BRIGHTENING SERUM,Cos De Baha,12255.0,https://skinpopessentiel.com/products/copy-cos-de-baha-alpha-arbutin-brightening-serum,SkinPopEssentiel,"['essence-&-serums', 'serum']",Abuja
COS DE BAHA AZELAIC ACID SERUM,Cos De Baha,12255.0,https://skinpopessentiel.com/products/cos-de-baha-azelaic-acid-serum,SkinPopEssentiel,"['essence-&-serums', 'serum']",Abuja
COS DE BAHA HYDROQUINONE BRIGHTENING SERUM,Cos De Baha,12470.0,https://skinpopessentiel.com/products/cos-de-baha-hydroquinone-brightening-serum,SkinPopEssentiel,"['essence-&-serums', 'serum']",Abuja
COS DE BAHA SALICYLIC ACID SERUM - 30ML,Cos De Baha,11825.0,https://skinpopessentiel.com/products/cos-de-baha-salicylic-acid-serum,SkinPopEssentiel,"['essence-&-serums', 'serum']",Abuja
COS DE BAHA TRANEXAMIC & NIACINAMIDE SERUM - 30ML,Cos De Baha,12470.0,https://skinpopessentiel.com/products/cos-de-baha-tranexamic-niacinamide-serum-1,SkinPopEssentiel,"['essence-&-serums', 'serum']",Abuja
COSRX AC COLLECTION CALMING FOAM CLEANSER 150ML,Cosrx,12362.0,https://skinpopessentiel.com/products/cosrx-ac-collection-calming-foam-cleanser-150ml,SkinPopEssentiel,"['face-wash-&-cleansers', 'cleanser']",Abuja
COSRX ACNE PIMPLE MASTER PATCH,Cosrx,5805.0,https://skinpopessentiel.com/products/cosrx-acne-pimple-master-patch,SkinPopEssentiel,"['treatment-&-gel', 'treatment']",Abuja
COSRX ADVANCED SNAIL ALL IN ONE CREAM,Cosrx,14835.0,https://skinpopessentiel.com/products/cosrx-advanced-snail-all-in-one-cream,SkinPopEssentiel,"['face-moisturizer', 'face-cream', 'face-moisturizer']",Abuja
COSRX ADVANCED SNAIL MUCIN ESSENCE,Cosrx,13975.0,https://skinpopessentiel.com/products/cosrx-advanced-snail-mucin-essence,SkinPopEssentiel,"['essence-&-serums', 'essence']",Abuja
COSRX ADVANCED SNAIL PEPTIDE EYE CREAM,Cosrx,10212.0,https://skinpopessentiel.com/products/cosrx-advanced-snail-peptide-eye-cream,SkinPopEssentiel,"['eye-cream-&-gel', 'eye']",Abuja
COSRX ADVANCED SNAIL RADIANCE DUAL ESSENCE - 80ML,Cosrx,20640.0,https://skinpopessentiel.com/products/cosrx-advanced-snail-radiance-dual-essence-80ml,SkinPopEssentiel,"['essence-&-serums', 'essence']",Abuja
COSRX AHA WHITEHEAD POWER LIQUID,Cosrx,12685.0,https://skinpopessentiel.com/products/cosrx-aha-whitehead-power-liquid,SkinPopEssentiel,"['toners-&-exfoliants', 'exfoliant']",Abuja
COSRX AHA/BHA CLARIFYING TREATMENT TONER,Cosrx,10212.0,https://skinpopessentiel.com/products/aha-bha-clarifying-treatment-toner,SkinPopEssentiel,"['toners-&-exfoliants', 'exfoliant', 'toner']",Abuja
COSRX ALOE 54.2 AQUA TONE-UP SUNSCREEN SPF 50+,Cosrx,9675.0,https://skinpopessentiel.com/products/cosrx-aloe-54-2-aqua-tone-up-sunscreen-spf-52,SkinPopEssentiel,"['sunscreen', 'sunscreen']",Abuja
COSRX ALOE SOOTHING SUN CREAM SPF 50,Cosrx,12900.0,https://skinpopessentiel.com/products/cosrx-aloe-soothing-sun-cream-spf-50,SkinPopEssentiel,"['sunscreen', 'sunscreen']",Abuja
COSRX ALPHA ARBUTIN DISCOLORATION SERUM,Cosrx,20425.0,https://skinpopessentiel.com/products/cosrx-alpha-arburin-discoloration-serum,SkinPopEssentiel,"['essence-&-serums', 'serum']",Abuja
COSRX BHA BLACKHEAD POWER LIQUID,Cosrx,13975.0,https://skinpopessentiel.com/products/bha-blackhead-power-liquid,SkinPopEssentiel,"['toners-&-exfoliants', 'exfoliant']",Abuja
COSRX CENTELLA WATER ALCOHOL-FREE TONER,Cosrx,11395.0,https://skinpopessentiel.com/products/cosrx-centella-water-alcohol-free-toner,SkinPopEssentiel,"['toners-&-exfoliants', 'toner']",Abuja
COSRX CLEAR FIT MASTER PATCH,Cosrx,5364.0,https://skinpopessentiel.com/products/cosrx-ac-collection-calming-solution-body-cleanser-310ml,SkinPopEssentiel,"['treatment-&-gel', 'treatment']",Abuja
COSRX FULL FIT PROPOLIS SYNERGY TONER - 150ML,Cosrx,12255.0,https://skinpopessentiel.com/products/cosrx-full-fit-propolis-synergy-toner-150ml,SkinPopEssentiel,"['toners-&-exfoliants', 'toner']",Abuja
COSRX GALACTOMYCES 95 TONE BALANCING ESSENCE,Cosrx,8546.0,https://skinpopessentiel.com/products/cosrx-galactomyces-95-tone-balancing-essence,SkinPopEssentiel,"['essence-&-serums', 'essence']",Abuja
COSRX HYALURONIC ACID INTENSIVE CREAM,Cosrx,16770.0,https://skinpopessentiel.com/products/balancium-comfort-ceramide-cream,SkinPopEssentiel,"['face-moisturizer', 'face-cream', 'face-moisturizer']",Abuja
COSRX HYDRIUM TRIPLE HYALURONIC MOISTURIZING CLEANSER,Cosrx,10965.0,https://skinpopessentiel.com/products/cosrx-hydrium-triple-hyaluronic-moisturizing-cleanser,SkinPopEssentiel,"['face-wash-&-cleansers', 'cleanser']",Abuja
COSRX LOW PH GOOD MORNING GEL CLEANSER,Cosrx,9890.0,https://skinpopessentiel.com/products/cosrx-low-ph-good-morning-gel-cleanser,SkinPopEssentiel,"['face-wash-&-cleansers', 'cleanser']",Abuja
COSRX LOW PH NIACINAMIDE MICELLAR CLEANSING WATER 400ML,Cosrx,9137.0,https://skinpopessentiel.com/products/low-ph-niacinamide-micellar-cleansing-water-400ml,SkinPopEssentiel,"['face-wash-&-cleansers', 'double-cleanser']",Abuja
COSRX OIL-FREE ULTRA-MOISTURIZING LOTION WITH BIRCH SAP,Cosrx,16555.0,https://skinpopessentiel.com/products/cosrx-oil-free-ultra-moisturizing-lotion-with-birch-sap,SkinPopEssentiel,"['face-moisturizer', 'face-cream', 'face-moisturizer']",Abuja
COSRX PURE FIT CICA CREAMY FOAM CLEANSER,Cosrx,9137.0,https://skinpopessentiel.com/products/cosrx-pure-fit-cica-creamy-foam-cleanser-75ml,SkinPopEssentiel,"['face-wash-&-cleansers', 'cleanser']",Abuja
COSRX REFRESH AHA BHA VITAMIN C DAILY TONER,Cosrx,5160.0,https://skinpopessentiel.com/products/cosrx-refresh-aha-bha-vitamin-c-daily-toner-50ml,SkinPopEssentiel,"['toners-&-exfoliants', 'toner']",Abuja
COSRX SALICYLIC ACID DAILY GENTLE CLEANSER 150ML,Cosrx,9675.0,https://skinpopessentiel.com/products/cosrx-salicylic-acid-daily-gentle-cleanser,SkinPopEssentiel,"['face-wash-&-cleansers', 'cleanser']",Abuja
COSRX THE 6 PEPTIDE SKIN BOOSTER SERUM - 150ML,Cosrx,19350.0,https://skinpopessentiel.com/products/cosrx-the-6-peptide-skin-booster-serum-150ml,SkinPopEssentiel,"['essence-&-serums', 'essence']",Abuja
COSRX THE CERAMIDE SKIN BARRIER MOISTURIZER,Cosrx,21285.0,https://skinpopessentiel.com/products/copy-copy-copy-copy-copy-copy-copy-copy-eucerin,SkinPopEssentiel,"['face-moisturizer', 'face-moisturizer']",Abuja
COSRX THE HYALURONIC 3 SERUM,Cosrx,17845.0,https://skinpopessentiel.com/products/cosrx-the-hyaluronic-3-serum,SkinPopEssentiel,"['essence-&-serums', 'serum']",Abuja
COSRX THE NIACINAMIDE 15 SERUM,Cosrx,18264.0,https://skinpopessentiel.com/products/cosrx-the-niacinamide-15-serum,SkinPopEssentiel,"['essence-&-serums', 'serum']",Abuja
COSRX THE RETINOL 0.1 CREAM,Cosrx,18920.0,https://skinpopessentiel.com/products/cosrx-the-retinol-0-1-cream,SkinPopEssentiel,"['treatment-&-gel', 'treatment']",Abuja
COSRX THE RETINOL 0.5 OIL,Cosrx,14512.0,https://skinpopessentiel.com/products/cosrx-the-retinol-0-5-oil,SkinPopEssentiel,"['face-oil', 'face-oil', 'treatment']",Abuja
COSRX THE VITAMIN C 23 SERUM,Cosrx,16662.0,https://skinpopessentiel.com/products/cosrx-the-vit-c-23-serum,SkinPopEssentiel,"['essence-&-serums', 'serum']",Abuja
COSRX ULTRA-LIGHT INVISIBLE SUNSCREEN SPF50,Cosrx,15480.0,https://skinpopessentiel.com/products/cosrx-aloe-54-2-aqua-tone-up-sunscreen-spf-50,SkinPopEssentiel,"['sunscreen', 'sunscreen']",Abuja
CREIGHTON HAND CREAM WITH VIT E,Creightons,4300.0,https://skinpopessentiel.com/products/creighton-hand-cream-with-vit-e,SkinPopEssentiel,"['hand-cream', 'hand-cream']",Abuja
CREIGHTON SALICYLIC ACID EXFOLIATING TONIC 200ML,Creightons,7955.0,https://skinpopessentiel.com/products/creighton-salicylic-acid-exfoliating-tonic-200ml,SkinPopEssentiel,"['toners-&-exfoliants', 'exfoliant', 'toner']",Abuja
CREIGHTONS SALICYLIC ACID 2% INTENSE SERUM,Creightons,8815.0,https://skinpopessentiel.com/products/creightons-salicylic-acid-2-intense-serum,SkinPopEssentiel,"['essence-&-serums', 'exfoliant', 'serum']",Abuja
CREIGHTONS SALICYLIC ACID FOAMING CLAY CLEANSER,Creightons,7310.0,https://skinpopessentiel.com/products/creightons-salicylic-acid-foaming-clay-cleanser,SkinPopEssentiel,"['face-wash-&-cleansers', 'cleanser']",Abuja
CREIGHTONS VITAMIN C DAILY BRIGHTENING WASH,Creightons,6880.0,https://skinpopessentiel.com/products/creighton-vitamin-c-daily-brightening-wash,SkinPopEssentiel,"['face-wash-&-cleansers', 'cleanser']",Abuja
DANG! 5% MANDELIC ACID 3-IN-1 FOAMING FACE WASH - 120ML,Dang,16900.0,https://skinpopessentiel.com/products/dang-5-mandelic-acid-3-in-1-foaming-face-wash-120ml,SkinPopEssentiel,"['face-wash-&-cleansers', 'cleanser']",Abuja
DANG! AZELAIC ACID SERUM - 30ML,Dang,17700.0,https://skinpopessentiel.com/products/dang-azelaic-acid-serum-30ml,SkinPopEssentiel,"['essence-&-serums', 'serum']",Abuja
DANG! BEAUTY WATER - 100ML,Dang,14400.0,https://skinpopessentiel.com/products/dang-beauty-water-100ml,SkinPopEssentiel,"['toners-&-exfoliants', 'toner']",Abuja
DANG! CERAMIDE BUFFET DAY CREAM FOR FACE - 50G,Dang,15200.0,https://skinpopessentiel.com/products/dang-ceramide-buffet-day-cream-for-face-50g,SkinPopEssentiel,"['face-moisturizer', 'face-cream', 'face-moisturizer']",Abuja
DANG! COLLAGEN AND HYDRATING SERUM WITH CERAMIDES - 30ML,Dang,17000.0,https://skinpopessentiel.com/products/dang-collagen-and-hydrating-serum-with-ceramides-30ml,SkinPopEssentiel,"['essence-&-serums', 'serum']",Abuja
DANG! EVERYDAY GENTLE FOAMING FACE WASH - 120ML,Dang,15500.0,https://skinpopessentiel.com/products/dang-everyday-gentle-foaming-face-wash-120ml,SkinPopEssentiel,"['face-wash-&-cleansers', 'cleanser']",Abuja
DANG! EXFOLIATING AND MOISTURISING SHOWER GEL - BRANDIED OUD - 450ML,Dang,20100.0,https://skinpopessentiel.com/products/dang-exfoliating-and-moisturising-shower-gel-brandied-oud-450ml-copy,SkinPopEssentiel,"['body-wash', 'body-wash']",Abuja
DANG! EXFOLIATING AND MOISTURISING SHOWER GEL - EXOTIC FRUITS - 450ML,Dang,20100.0,https://skinpopessentiel.com/products/dang-exfoliating-and-moisturising-shower-gel-exotic-fruits-450ml,SkinPopEssentiel,"['body-wash', 'body-wash']",Abuja
DANG! HYALURONIC CREAM HYDRATING FACE CLEANSER FOR SENSITIVE/DRY SKIN - 200ML,Dang,19100.0,https://skinpopessentiel.com/products/dang-hyaluronic-cream-hydrating-face-cleanser-for-sensitive-dry-skin-200ml,SkinPopEssentiel,"['face-wash-&-cleansers', 'cleanser']",Abuja
DANG! HYDRA GLOW SUN PROTECTION GEL SPF 50 - 60ML,Dang,25000.0,https://skinpopessentiel.com/products/dang-hydra-glow-sun-protection-gel-spf-50-60ml,SkinPopEssentiel,"['sunscreen', 'sunscreen']",Abuja
DANG! MULTI FUNCTION FORMULA SNAIL MUCIN REPAIR SERUM FOR FACE - 100ML,Dang,21600.0,https://skinpopessentiel.com/products/dang-multi-function-formula-snail-mucin-repair-serum-for-face-100ml,SkinPopEssentiel,"['essence-&-serums', 'serum']",Abuja
DANG! NIACINAMIDE + N-ACETYL GLUCOSAMINE SERUM - 30ML,Dang,17700.0,https://skinpopessentiel.com/products/dang-niacinamide-n-acetyl-glucosamine-serum-30ml,SkinPopEssentiel,"['essence-&-serums', 'serum']",Abuja
DANG! Q10+ VITAMIN C FACE OIL SERUM- 30ML,Dang,17700.0,https://skinpopessentiel.com/products/dang-q10-vitamin-c-face-oil-serum-30ml,SkinPopEssentiel,"['essence-&-serums', 'serum']",Abuja
DANG! RESTORATION BODY MOISTURISER - 400ML,Dang,31700.0,https://skinpopessentiel.com/products/dang-restoration-body-moisturiser-400ml,SkinPopEssentiel,"['body-moisturizer', 'body-cream', 'body-lotion']",Abuja
DANG! RESTORATION BODY OIL - 100ML,Dang,19400.0,https://skinpopessentiel.com/products/dang-restoration-body-oil-100ml,SkinPopEssentiel,"['body-oil', 'body-oil']",Abuja
DANG! SNAIL SECRETION FILTRATE REPAIR FACE CREAM - 50g,Dang,15200.0,https://skinpopessentiel.com/products/dang-snail-secretion-filtrate-repair-face-cream-50g,SkinPopEssentiel,"['face-moisturizer', 'face-cream', 'face-moisturizer']",Abuja
DANG! ULTRA-RICH MOISTURIZING SHOWER GEL WITH BOTANICAL EXTRACTS - 500ML,Dang,22100.0,https://skinpopessentiel.com/products/dang-ultra-rich-moisturizing-shower-gel-with-botanicalextracts-500ml,SkinPopEssentiel,"['body-wash', 'body-wash']",Abuja
DANG! VITAMIN C CONCENTRATED OIL FREE SERUM- 30ML,Dang,17700.0,https://skinpopessentiel.com/products/dang-vitamin-c-concentrated-serum-30ml,SkinPopEssentiel,"['essence-&-serums', 'serum']",Abuja
DEAR BOO GLASS SKIN SNAIL CREAM- 80g,Dear boo,16985.0,https://skinpopessentiel.com/products/dear-boo-glass-skin-snail-cream-80g,SkinPopEssentiel,"['face-moisturizer', 'face-cream']",Abuja
DEAR BOO GLASS SKIN SNAIL SERUM - 100ML,Dear boo,15910.0,https://skinpopessentiel.com/products/dear-boo-glass-skin-snail-serum-100ml,SkinPopEssentiel,"['essence-&-serums', 'essence']",Abuja
DEAR BOO GLASS SKIN TONER 250ML,Dear boo,17845.0,https://skinpopessentiel.com/products/dear-boo-glass-skin-toner-250ml,SkinPopEssentiel,"['toners-&-exfoliants', 'toner']",Abuja
"DEMELAN GLYCOLIC, ARBUTIN & KOJIC ACID CREAM",Demelan,11825.0,https://skinpopessentiel.com/products/demelan-cream,SkinPopEssentiel,"['treatment-&-gel', 'treatment']",Abuja
DERMA B EVERYDAY SUNSCREEN SPF 50+ - 200ML,Derma b,17845.0,https://skinpopessentiel.com/products/derma-b-everyday-sunscreen-spf50-200ml,SkinPopEssentiel,"['sunscreen', 'sunscreen']",Abuja
DIFFERIN ADAPALENE GEL 15G,Differin,14835.0,https://skinpopessentiel.com/products/differin-adapalene-gel-15g,SkinPopEssentiel,"['treatment-&-gel', 'treatment']",Abuja
DIFFERIN ADAPALENE GEL 45G,Differin,28487.0,https://skinpopessentiel.com/products/differin-adapalene-gel-45g,SkinPopEssentiel,"['treatment-&-gel', 'treatment']",Abuja
DIFFERIN BENZOYL PEROXIDE 5% ACNE CLEANSER,Differin,12362.0,https://skinpopessentiel.com/products/differin-daily-deep-cleanser,SkinPopEssentiel,"['face-wash-&-cleansers', 'cleanser']",Abuja
DIFFERIN DARK SPOT CORRECTING SERUM,Differin,18812.0,https://skinpopessentiel.com/products/differin-dark-spot-correcting-serum,SkinPopEssentiel,"['essence-&-serums', 'serum']",Abuja
DIFFERIN OIL ABSORBING MOISTURIZER SPF 30,Differin,11287.0,https://skinpopessentiel.com/products/differin-oil-absorbing-moisturizer-spf-30,SkinPopEssentiel,"['face-moisturizer', 'face-moisturizer', 'sunscreen']",Abuja
DIFFERIN RESTORATIVE NIGHT MOISTURIZER,Differin,8062.0,https://skinpopessentiel.com/products/differin-restorative-night-moisturizer,SkinPopEssentiel,[],Abuja
DIFFERIN SOOTHING MOISTURIZER,Differin,8062.0,https://skinpopessentiel.com/products/differin-soothing-moisturizer,SkinPopEssentiel,[],Abuja
DIVASKIN 5% BENZOYL PEROXIDE GEL,Divaskin,31067.0,https://skinpopessentiel.com/products/divaskin-5-benzolyn-peroxide-gel,SkinPopEssentiel,"['treatment-&-gel', 'treatment']",Abuja
DIVASKIN BENZOYL PEROXIDE 5% WASH,Divaskin,31712.0,https://skinpopessentiel.com/products/divaskin-benzolyn-peroxide-5-wash,SkinPopEssentiel,"['face-wash-&-cleansers', 'cleanser']",Abuja
DIVASKIN GLY/SAL 5-2 ACNE CLEANSER,Divaskin,42462.0,https://skinpopessentiel.com/products/divaskin-gly-sal-5-2-acne-cleanser,SkinPopEssentiel,"['face-wash-&-cleansers', 'cleanser']",Abuja
"DOCTOR'S BEST PURE COLLAGEN TYPES 1 AND 3 POWDER, 7.1 OZ (200 G)",Doctor's best,25262.0,https://skinpopessentiel.com/products/doctors-best-pure-collagen-types-1-and-3-powder-7-1-oz-200-g,SkinPopEssentiel,"['collagen', 'collagen']",Abuja
DOVE ADVANCED CARE DEODORANT SPRAY- INVISIBLE DRY ANTI-PERSPIRANT,Dove,4730.0,https://skinpopessentiel.com/products/dove-advanced-care-deodorant-spray-invisible-dry-anti-perspirant,SkinPopEssentiel,"['deodorant', 'deodorant']",Abuja
DOVE BABY HEAD TO TOE WASH - 400ML,Dove,6020.0,https://skinpopessentiel.com/products/dove-baby-head-to-toe-wash-400ml,SkinPopEssentiel,"['body-wash', 'body-wash']",Abuja
DOVE BABY ULTRA-GENTLE CALMING MOISTURE NIGHT TIME WASH - 400ML,Dove,6020.0,https://skinpopessentiel.com/products/dove-baby-head-to-toe-wash-400ml-1,SkinPopEssentiel,"['body-wash', 'body-wash']",Abuja
DOVE BEAUTY CREAM BODY BAR (PACK OF 4)- DEEP MOISTURE,Dove,6235.0,https://skinpopessentiel.com/products/dove-body-bar-pack-of-4-beauty-bar,SkinPopEssentiel,"['body-wash', 'body-wash']",Abuja
DOVE BODY LOTION 400ML- BODY LOVE- Light Care 48hrs,Dove,0.0,https://skinpopessentiel.com/products/dove-body-lotion-400ml-body-love-light-care-48hrs,SkinPopEssentiel,"['body-moisturizer', 'body-cream', 'body-lotion']",Abuja
DOVE BODY LOVE LOTION 400ML- INTENSE CARE,Dove,7095.0,https://skinpopessentiel.com/products/dove-body-lotion-400ml-intense-care,SkinPopEssentiel,"['body-moisturizer', 'body-cream', 'body-lotion']",Abuja
DOVE BODY LOVE LOTION 400ML- INVIGORATING CARE- Avocado Oil & calendula,Dove,7095.0,https://skinpopessentiel.com/products/dove-body-lotion-400ml-invigorating-care-avocado-oil-calendula,SkinPopEssentiel,"['body-moisturizer', 'body-cream', 'body-lotion']",Abuja
DOVE BODY LOVE PAMPERING CARE LOTION - 400ML,Dove,7095.0,https://skinpopessentiel.com/products/dove-silky-pampering-body-cream,SkinPopEssentiel,"['body-moisturizer', 'body-cream']",Abuja
DOVE CALMING PISTACHIO & MAGNOLIA BODY WASH 750ML,Dove,9460.0,https://skinpopessentiel.com/products/dove-deeply-pistachio-body-wash,SkinPopEssentiel,"['body-wash', 'body-wash']",Abuja
DOVE CARE + RADIANT GLOW BODY LOTION,Dove,8815.0,https://skinpopessentiel.com/products/dove-care-radiant-glow-body-lotion,SkinPopEssentiel,"['body-moisturizer', 'body-cream', 'body-lotion']",Abuja
DOVE CRUSHED MACADAMIA & RICE MILK EXFOLIATING BODY SCRUB,Dove,12900.0,https://skinpopessentiel.com/products/dove-crushed-macadamia-rice-milk-scent-exfoliating-body-scrub,SkinPopEssentiel,"['mask-&-scrubs', 'body-scrub']",Abuja
DOVE DEEPLY NOURISHING BODY WASH,Dove,7095.0,https://skinpopessentiel.com/products/dove-deeply-nourishing-body-wash-500ml,SkinPopEssentiel,"['body-wash', 'body-wash']",Abuja
DOVE DEODORANT MEN CLEAN COMFORT ANTIPERSPIRANT SPRAY,Dove,4945.0,https://skinpopessentiel.com/products/dove-deodorant-men-cool-comfort-antiperspirant-spray,SkinPopEssentiel,"['deodorant', 'deodorant']",Abuja
DOVE DEODORANT MEN COOL FRESH ANTIPERSPIRANT SPRAY,Dove,4945.0,https://skinpopessentiel.com/products/dove-deodorant-men-cool-fresh-antiperspirant-spray,SkinPopEssentiel,"['deodorant', 'deodorant']",Abuja
DOVE DEODORANT MEN EXTRA FRESH ANTIPERSPIRANT SPRAY,Dove,4945.0,https://skinpopessentiel.com/products/copy-dove-spray,SkinPopEssentiel,"['deodorant', 'deodorant']",Abuja
DOVE DEODORANT MEN INVISIBLE DRY ANTIPERSPIRANT SPRAY,Dove,4945.0,https://skinpopessentiel.com/products/dove-deodorant-men-invisible-dryantiperspirant-spray,SkinPopEssentiel,"['deodorant', 'deodorant']",Abuja
DOVE DEODORANT MEN INVISIBLE DRY ANTIPERSPIRANT SPRAY,Dove,4945.0,https://skinpopessentiel.com/products/dove-spray,SkinPopEssentiel,"['deodorant', 'deodorant']",Abuja
DOVE DEODORANT MEN SENSITIVE SHIELD ANTIPERSPIRANT SPRAY,Dove,4730.0,https://skinpopessentiel.com/products/dove-deodorant-men-sensitive-shield-antiperspirant-spray,SkinPopEssentiel,"['deodorant', 'deodorant']",Abuja
DOVE DEODORANT MEN SPORT ACTIVE + FRESH ANTIPERSPIRANT SPRAY,Dove,4945.0,https://skinpopessentiel.com/products/copy-dove-deodorant-men-sport-active-fresh-antiperspirant-spray,SkinPopEssentiel,"['deodorant', 'deodorant']",Abuja
DOVE DEODORANT MEN SPORT MINERAL POWDER + SANDALWOOD ANTIPERSPIRANT SPRAY,Dove,4945.0,https://skinpopessentiel.com/products/dove-deodorant-men-sport-mineral-powder-sandalwood-antiperspirant-spray,SkinPopEssentiel,"['deodorant', 'deodorant']",Abuja
DOVE DEODORANT MEN SPORT MINERALS + SAGE ANTIPERSPIRANT SPRAY,Dove,4945.0,https://skinpopessentiel.com/products/dove-deodorant-men-sport-minerals-sage-antiperspirant-spray,SkinPopEssentiel,"['deodorant', 'deodorant']",Abuja
DOVE DEODORANT SPRAY APPLE AND WHITE TEA ANTIPERSPIRANT,Dove,4945.0,https://skinpopessentiel.com/products/dove-deodorant-spray-apple-and-white-tea-antiperspirant-spray,SkinPopEssentiel,"['deodorant', 'deodorant']",Abuja
DOVE DEODORANT SPRAY POMEGRANATE LEMON ANTIPERSPIRANT,Dove,4730.0,https://skinpopessentiel.com/products/copy-copy-dove-spray,SkinPopEssentiel,"['deodorant', 'deodorant']",Abuja
DOVE DEODORANT SPRAY- COCONUT NOURISHING SECRETS ANTI-PERSPIRANT,Dove,4730.0,https://skinpopessentiel.com/products/dove-deodorant-spray-coconut-nourishing-secrets-anti-perspirant,SkinPopEssentiel,"['deodorant', 'deodorant']",Abuja
DOVE DEODORANT SPRAY- PEAR AND ALOE VERA ANTI-PERSPIRANT,Dove,4945.0,https://skinpopessentiel.com/products/dove-pomegranate-and-aoe-vera,SkinPopEssentiel,"['deodorant', 'deodorant']",Abuja
DOVE ESSENTIAL CARE BODY LOTION - BODY MILK FOR DRY SKIN - 500ML,Dove,7095.0,https://skinpopessentiel.com/products/copy-dove-body-lotion-400ml-essential-care,SkinPopEssentiel,"['body-moisturizer', 'body-cream', 'body-lotion']",Abuja
DOVE GENTLE EXFOLIATING BODY BAR (PACK OF 4),Dove,6235.0,https://skinpopessentiel.com/products/dove-gentle-exfoliating-body-bar-pack-of-4,SkinPopEssentiel,"['body-wash', 'body-wash']",Abuja
DOVE GLOWING CARE BODY LOTION- 400ML,Dove,7095.0,https://skinpopessentiel.com/products/dove-glowing-care-body-lotion-400ml,SkinPopEssentiel,"['body-moisturizer', 'body-cream', 'body-lotion']",Abuja
DOVE GLOWING RITUAL BODY WASH,Dove,7095.0,https://skinpopessentiel.com/products/dove-glowing-ritual-body-wash-500ml,SkinPopEssentiel,"['body-wash', 'body-wash']",Abuja
DOVE GO FRESH DEODORANT SPRAY- CUCUMBER & GREEN TEA ANTI-PERSPIRANT,Dove,4730.0,https://skinpopessentiel.com/products/untitled-17dec_20-54,SkinPopEssentiel,"['deodorant', 'deodorant']",Abuja
DOVE GO FRESH DEODORANT SPRAY- ORIGINAL ANTI-PERSPIRANT,Dove,4730.0,https://skinpopessentiel.com/products/dove-go-fresh-deodorant-spray-original-anti-perspirant,SkinPopEssentiel,"['deodorant', 'deodorant']",Abuja
DOVE INTENSE CARE PANTHENOL BODY LOTION - BARRIER RESTORE - 400ML,Dove,6880.0,https://skinpopessentiel.com/products/dove-intense-care-panthenol-body-lotion-barrier-restore-complex-400ml,SkinPopEssentiel,"['body-moisturizer', 'body-cream', 'body-lotion']",Abuja
DOVE INVIGORATING BODY WASH 750ML,Dove,9460.0,https://skinpopessentiel.com/products/dove-invigorating-body-wash,SkinPopEssentiel,"['body-wash', 'body-wash']",Abuja
DOVE KIWI SEEDS & COOL ALOE SCENT EXFOLIATING BODY SCRUB,Dove,10642.0,https://skinpopessentiel.com/products/dove-kiwi-seeds-cool-aloe-scent-exfoliating-body-scrub,SkinPopEssentiel,"['mask-&-scrubs', 'body-scrub']",Abuja
DOVE MELANIN EVEN TONE BODY WASH - 547ML,Dove,20425.0,https://skinpopessentiel.com/products/dove-melanin-even-tone-body-wash,SkinPopEssentiel,"['body-wash', 'body-wash']",Abuja
DOVE MEN +CARE CLEAN COMFORT BODY BAR (PACK OF 4),Dove,6235.0,https://skinpopessentiel.com/products/dove-men-care-clean-comfort-body-bar-pack-of-4,SkinPopEssentiel,"['body-wash', 'body-wash']",Abuja
DOVE MEN EXTRA CARE BODY BAR (PACK OF 4),Dove,6235.0,https://skinpopessentiel.com/products/dove-men-cream-body-bar-pack-of-4,SkinPopEssentiel,"['body-wash', 'body-wash']",Abuja
DOVE NOURISHING CREAM BODY BAR (PACK OF 4)- WITH MOROCCAN ARGAN OIL,Dove,6235.0,https://skinpopessentiel.com/products/dove-nourishing-cream-body-bar-pack-of-4-coconut-milk-jasmine-petals,SkinPopEssentiel,"['body-wash', 'body-wash']",Abuja
DOVE NOURISHING SECRETS BODY LOTION 400ML- INDULGING RITUAL- Oat milk & acacia honey,Dove,0.0,https://skinpopessentiel.com/products/dove-body-lotion-400ml-indulging-ritual-oat-milk-acacia-honey,SkinPopEssentiel,"['body-moisturizer', 'body-cream', 'body-lotion']",Abuja
DOVE NOURISHING SILK BODY WASH 750ML,Dove,9460.0,https://skinpopessentiel.com/products/dove-nourishing-silk-body-wash-750ml,SkinPopEssentiel,"['body-wash', 'body-wash']",Abuja
DOVE PAMPERING CREAM BODY BAR (PACK OF 4)-SHEA BUTTER & WARM VANILLA,Dove,6235.0,https://skinpopessentiel.com/products/dove-pampering-cream-body-bar-pack-of-4,SkinPopEssentiel,"['body-wash', 'body-wash']",Abuja
DOVE PAMPERING SHEA BUTTER AND VANILLA SCENT BODY WASH 750ML,Dove,9460.0,https://skinpopessentiel.com/products/dove-shea-butter-body-wash,SkinPopEssentiel,"['body-wash', 'body-wash']",Abuja
"DOVE PINK BODY BAR (PACK OF 4)- FOR SOFT, SMOOTH SKIN",Dove,6880.0,https://skinpopessentiel.com/products/dove-pink-body-bar-pack-of-4,SkinPopEssentiel,"['body-wash', 'body-wash']",Abuja
DOVE POMEGRANATE SEEDS & SHEA BUTTER SCENT EXFOLIATING BODY SCRUB,Dove,12900.0,https://skinpopessentiel.com/products/dove-brown-sugar-coconut-butter-deep-exfoliating-body-polish,SkinPopEssentiel,"['mask-&-scrubs', 'body-scrub']",Abuja
DOVE PURELY PAMPERING COCONUT MILK AND JASMINE PETALS BODY WASH,Dove,7095.0,https://skinpopessentiel.com/products/dove-body-wash-dove-coconut-milk-and-jasmine-petals-body-wash,SkinPopEssentiel,"['body-wash', 'body-wash']",Abuja
DOVE REFRESHING CREAM BODY BAR (PACK OF 4)- CUCUMBER & GREEN TEA,Dove,6235.0,https://skinpopessentiel.com/products/dove-refreshing-cream-body-bar-pack-of-4-cucumber-green-tea,SkinPopEssentiel,"['body-wash', 'body-wash']",Abuja
DOVE REFRESHING CUCUMBER AND GREEN TEA BODY WASH,Dove,7095.0,https://skinpopessentiel.com/products/dove-refreshing-body-wash,SkinPopEssentiel,"['body-wash', 'body-wash']",Abuja
DOVE REJUVENATING CREAM BODY BAR (PACK OF 4)- WITH POMEGRANATE & HIBISCUS TEA SCENT,Dove,6235.0,https://skinpopessentiel.com/products/dove-rejuvenating-cream-body-bar-pack-of-4-coconut-milk-jasmine-petals,SkinPopEssentiel,"['body-wash', 'body-wash']",Abuja
DOVE RELAXING CREAM BODY BAR (PACK OF 4)- COCONUT MILK & JASMINE PETALS,Dove,6235.0,https://skinpopessentiel.com/products/untitled-31jan_15-45,SkinPopEssentiel,"['body-wash', 'body-wash']",Abuja
DOVE RELAXING RITUAL BODY WASH,Dove,7095.0,https://skinpopessentiel.com/products/dove-relaxing-ritual-body-wash,SkinPopEssentiel,"['body-wash', 'body-wash']",Abuja
DOVE RESTORING CARE BODY LOTION FOR DRY SKIN - COCONUT OIL & ALMOND MILK - 400ML,Dove,7095.0,https://skinpopessentiel.com/products/dove-body-lotion-400ml-restoring-care-coconut-oil-almond-milk,SkinPopEssentiel,"['body-moisturizer', 'body-cream', 'body-lotion']",Abuja
DOVE RESTORING CREAM BODY BAR (PACK OF 4)- WITH BLUE FIG & ORANGE BLOSSOM SCENT,Dove,6235.0,https://skinpopessentiel.com/products/dove-restoring-cream-body-bar-pack-of-4-coconut-milk-jasmine-petals,SkinPopEssentiel,"['body-wash', 'body-wash']",Abuja
DOVE RESTORING RITUAL BODY WASH - 500ML,Dove,7095.0,https://skinpopessentiel.com/products/dove-restoring-ritual-body-wash-500ml,SkinPopEssentiel,"['body-wash', 'body-wash']",Abuja
DOVE SENSITIVE SKIN BAR - FRAGRANCE FREE,Dove,6235.0,https://skinpopessentiel.com/products/garnier-vitamin-c-2-in-1-brightening-serum-cream,SkinPopEssentiel,"['body-wash', 'body-wash']",Abuja
DOVE SERUM BODY WASH GLOW RECHARGE - 547ML,Dove,20425.0,https://skinpopessentiel.com/products/dove-serum-body-wash-glow-recharge,SkinPopEssentiel,"['body-wash', 'body-wash']",Abuja
DR ALTHEA 0.1% GENTLE RETINOL SERUM,Dr Althea,16770.0,https://skinpopessentiel.com/products/dr-althea-0-1-gentle-retinol-serum,SkinPopEssentiel,"['essence-&-serums', 'serum']",Abuja
DR ALTHEA 147 BARRIER CREAM,Dr Althea,19995.0,https://skinpopessentiel.com/products/dr-althea-147-barrier-cream,SkinPopEssentiel,['face-moisturizer'],Abuja
DR ALTHEA 15% NIACINAMIDE SERUM,Dr Althea,16770.0,https://skinpopessentiel.com/products/dr-althea-15-niacinamide-serum,SkinPopEssentiel,"['essence-&-serums', 'serum']",Abuja
DR ALTHEA 345 RELIEF CREAM,Dr Althea,19995.0,https://skinpopessentiel.com/products/dr-althea,SkinPopEssentiel,['face-moisturizer'],Abuja
DR ALTHEA 345 RELIEF CREAM MIST - 60ML,Dr Althea,14835.0,https://skinpopessentiel.com/products/dr-althea-345-relief-cream-mist-60ml,SkinPopEssentiel,"['toners-&-exfoliants', 'mist']",Abuja
DR ALTHEA 345 RELIEF CREAM SHEET MASK,Dr Althea,3870.0,https://skinpopessentiel.com/products/dr-althea-345-relief-cream-sheet-mask,SkinPopEssentiel,"['mask-&-scrubs', 'mask']",Abuja
DR ALTHEA GENTLE PORE VEGAN CLEANSING OIL 150ML,Dr Althea,18920.0,https://skinpopessentiel.com/products/anua-gentle-pore-vegan-cleansing-oil-150ml,SkinPopEssentiel,"['face-wash-&-cleansers', 'cleansing-oil']",Abuja
DR ALTHEA GENTLE VITAMIN C SERUM,Dr Althea,16770.0,https://skinpopessentiel.com/products/dr-althea-gentle-vitamin-c-serum,SkinPopEssentiel,"['face-moisturizer', 'face-cream', 'face-moisturizer']",Abuja
DR ALTHEA PORE GRINDING CLEANSING BALM,Dr Althea,17415.0,https://skinpopessentiel.com/products/dr-althea-pore-grinding-cleansing-balm,SkinPopEssentiel,"['face-wash-&-cleansers', 'cleanser', 'double-cleanser']",Abuja
DR ALTHEA PORE REFRESH GRINDING CLEANSING BALM,Dr Althea,17415.0,https://skinpopessentiel.com/products/dr-althea-pore-refresh-grinding-cleansing-balm,SkinPopEssentiel,"['face-wash-&-cleansers', 'cleanser', 'double-cleanser']",Abuja
DR ALTHEA SKIN RELIEF ESSENCE,Dr Althea,13760.0,https://skinpopessentiel.com/products/dr-althea-skin-relief-essence,SkinPopEssentiel,"['essence-&-serums', 'essence']",Abuja
DR ALTHEA VITA GLOW SHEET MASK,Dr Althea,3870.0,https://skinpopessentiel.com/products/dr-althea-vita-glow-sheet-mask,SkinPopEssentiel,"['mask-&-scrubs', 'mask']",Abuja
DR ALTHEA VITAMIN C BOOSTING SERUM,Dr Althea,16770.0,https://skinpopessentiel.com/products/dr-althea-vitamin-c-boosting-serum,SkinPopEssentiel,"['face-moisturizer', 'face-cream', 'face-moisturizer']",Abuja
DR SCHOLL'S ULTRA EXFOLIATING FOOT CREAM,Dr Scholls,10750.0,https://skinpopessentiel.com/products/dr-scholls,SkinPopEssentiel,"['treatment-&-gel', 'exfoliant']",Abuja
DR TEAL'S ALUMINIUM FREE DEODORANT - COCONUT,Dr Teals,7310.0,https://skinpopessentiel.com/products/dr-teals-aluminium-free-deodorant,SkinPopEssentiel,"['deodorant', 'deodorant']",Abuja
DR TEAL'S ALUMINIUM FREE DEODORANT - ELDERBERRY & VIT D,Dr Teals,7310.0,https://skinpopessentiel.com/products/copy-rexona-spray,SkinPopEssentiel,"['deodorant', 'deodorant']",Abuja
DR TEAL'S ALUMINIUM FREE DEODORANT - EUCALYPTUS,Dr Teals,7310.0,https://skinpopessentiel.com/products/dr-teals-aluminium-free-deodorant-eucalyptus,SkinPopEssentiel,"['deodorant', 'deodorant']",Abuja
DR TEAL'S ALUMINIUM FREE DEODORANT - LAVENDER,Dr Teals,7310.0,https://skinpopessentiel.com/products/dr-teals-aluminium-free-deodorant-lavender,SkinPopEssentiel,"['deodorant', 'deodorant']",Abuja
DR TEAL'S ALUMINIUM FREE DEODORANT - ROSE AND MILK,Dr Teals,7310.0,https://skinpopessentiel.com/products/dr-teals-aluminium-free-deodorant-rose-and-milk,SkinPopEssentiel,"['deodorant', 'deodorant']",Abuja
DR TEAL'S BODY THERAPY SOAK- EASES ACHES & PAINS INFUSED WITH MENTHOL- 1000ML,Dr Teals,10750.0,https://skinpopessentiel.com/products/dr-teals-body-therapy-soak-eases-aches-pains-infused-with-menthol-1000ml,SkinPopEssentiel,"['body-wash', 'body-wash']",Abuja
DR TEAL'S CERAMIDES AND AVOCADO OIL SHEA SUGAR SCRUB 538G,Dr Teals,12255.0,https://skinpopessentiel.com/products/dr-teals-ceramides-and-avocado-oil-shea-sugar-scrub-538g,SkinPopEssentiel,"['mask-&-scrubs', 'body-scrub']",Abuja
DR TEAL'S ELDERBERRY RENEWING BODY WASH 710ML,Dr Teals,7955.0,https://skinpopessentiel.com/products/dr-teals-elderberry-renewing-body-wash-710ml,SkinPopEssentiel,"['body-wash', 'body-wash']",Abuja
DR TEAL'S ELDERBERRY SHEA SUGAR SCRUB 538G,Dr Teals,12255.0,https://skinpopessentiel.com/products/dr-teals-elderberry-shea-butter-and-almond-sugar-scrub-538g,SkinPopEssentiel,"['mask-&-scrubs', 'body-scrub']",Abuja
DR TEAL'S EUCALYPTUS & SPEARMINT BODY LOTION,Dr Teals,7955.0,https://skinpopessentiel.com/products/rexona-spray,SkinPopEssentiel,"['body-moisturizer', 'body-lotion']",Abuja
DR TEAL'S EUCALYPTUS BODY WASH 710ML,Dr Teals,7955.0,https://skinpopessentiel.com/products/dr-teals-eucalyptus-body-wash-710ml,SkinPopEssentiel,"['body-wash', 'body-wash']",Abuja
DR TEAL'S EUCALYPTUS MOISTURIZING BATH & BODY OIL 260ML,Dr Teals,8600.0,https://skinpopessentiel.com/products/dr-teals-eucalyptus-moisturizing-bath-body-oil-260ml,SkinPopEssentiel,"['body-oil', 'body-oil']",Abuja
DR TEAL'S FOAMING BATH PREBIOTIC LEMON BALM 1000ML,Dr Teals,10750.0,https://skinpopessentiel.com/products/untitled-10dec_15-13,SkinPopEssentiel,"['body-wash', 'body-wash']",Abuja
DR TEAL'S FOAMING BATH WITH ASHWAGANDHA- 1000ML,Dr Teals,10750.0,https://skinpopessentiel.com/products/dr-teals-foaming-bath-with-ashwagandha-1000ml,SkinPopEssentiel,"['body-wash', 'body-wash']",Abuja
DR TEAL'S FOAMING BATH WITH CHAMOMILE- 1000ML,Dr Teals,10750.0,https://skinpopessentiel.com/products/dr-teals-foaming-bath-chamomile-1000ml,SkinPopEssentiel,"['body-wash', 'body-wash']",Abuja
DR TEAL'S FOAMING BATH- CERAMIDES AVOCADO OIL - 1000ML,Dr Teals,10750.0,https://skinpopessentiel.com/products/dr-teals-foaming-bath-ceramides-avocado-oil-1000ml,SkinPopEssentiel,"['body-wash', 'body-wash']",Abuja
DR TEAL'S GLOW & RADIANCE CITRUS FOAMING BATH WITH VITAMIN C 1000ML,Dr Teals,10750.0,https://skinpopessentiel.com/products/dr-teals-glow-radiance-foaming-bath-with-vitamin-c-100ml,SkinPopEssentiel,"['body-wash', 'body-wash']",Abuja
DR TEAL'S GLOW AND HYDRATE CERAMIDES AVOCADO BATH & BODY OIL 260ML,Dr Teals,8600.0,https://skinpopessentiel.com/products/dr-teals-glow-and-hydrate-ceramides-avocado-bath-body-oil-260ml,SkinPopEssentiel,"['body-oil', 'body-oil']",Abuja
DR TEAL'S GLOW AND HYDRATE CERAMIDES AVOCADO OIL BODY WASH 710ML,Dr Teals,7955.0,https://skinpopessentiel.com/products/dr-teals-glow-and-hydrate-ceramides-avocado-oil-body-wash-710ml,SkinPopEssentiel,"['body-wash', 'body-wash']",Abuja
DR TEAL'S GLOW AND HYDRATE CERAMIDES BODY LOTION 532ML,Dr Teals,7955.0,https://skinpopessentiel.com/products/dr-teals-glow-and-hydrate-ceramides-body-lotion-532ml,SkinPopEssentiel,"['body-moisturizer', 'body-lotion']",Abuja
"DR TEAL'S KIDS 3-IN-1 ELDERBERRY BATH: BUBBLE BATH, BODY WASH & SHAMPOO",Dr Teals,7740.0,https://skinpopessentiel.com/products/dr-teals-kids-3-in-1-elderberry-bath-bubble-bath-body-wash-shampoo,SkinPopEssentiel,"['body-wash', 'body-wash']",Abuja
"DR TEAL'S KIDS 3-IN-1 MELATONIN: BUBBLE BATH, BODY WASH & SHAMPOO",Dr Teals,7740.0,https://skinpopessentiel.com/products/dr-teals-kids-3-in-1-melatonin-bubble-bath-body-wash-shampoo,SkinPopEssentiel,"['body-wash', 'body-wash']",Abuja
"DR TEAL'S KIDS WITH OAT MILK 3-IN-1 BODY WASH, BUBBLE BATH & SHAMPOO",Dr Teals,7740.0,https://skinpopessentiel.com/products/dr-teals-kids-3-in-1-sleep-bath-with-oat-milk,SkinPopEssentiel,"['body-wash', 'body-wash']",Abuja
DR TEAL'S LAVENDER BODY WASH 710ML,Dr Teals,7955.0,https://skinpopessentiel.com/products/copy-copy-dr-teals-body-wash-710ml,SkinPopEssentiel,"['body-wash', 'body-wash']",Abuja
DR TEAL'S MELATONIN SLEEP MOISTURIZING BATH & BODY OIL 260ML,Dr Teals,7955.0,https://skinpopessentiel.com/products/dr-teals-melatonin-moisturizing-bath-body-oil-260ml-1,SkinPopEssentiel,"['body-oil', 'body-oil']",Abuja
DR TEAL'S MENSTRUAL RELIEF FOAMING BATH- 1000ML,Dr Teals,10739.0,https://skinpopessentiel.com/products/dr-teals-menstrual-relief-foaming-bath-herbal-plant-complex-1000ml,SkinPopEssentiel,"['body-wash', 'body-wash']",Abuja
DR TEAL'S MOISTURE+ MELATONIN SLEEP BODY LOTION 532ML,Dr Teals,7955.0,https://skinpopessentiel.com/products/dr-teals-moisture-melatonin-sleep-body-lotion-532ml,SkinPopEssentiel,"['body-moisturizer', 'body-lotion']",Abuja
DR TEAL'S MOISTURE+ PREBIOTIC BALM BODY LOTION 532ML,Dr Teals,7955.0,https://skinpopessentiel.com/products/dr-teals-moisture-prebiotic-balm-body-lotion-532ml,SkinPopEssentiel,"['body-moisturizer', 'body-lotion']",Abuja
DR TEAL'S MOISTURE+ SHEA BUTTER AND ALMOND OIL BODY LOTION 532ML,Dr Teals,7955.0,https://skinpopessentiel.com/products/copy-dr-teals-moisture-shea-butter-and-almond-oil-body-lotion-532ml,SkinPopEssentiel,"['body-moisturizer', 'body-lotion']",Abuja
DR TEAL'S MOISTURIZING PREBIOTIC + LEMON BALM BATH & BODY OIL 260ML,Dr Teals,7955.0,https://skinpopessentiel.com/products/dr-teals-moisturizing-prebiotic-lemon-balm-bath-body-oil-260ml,SkinPopEssentiel,"['body-oil', 'body-oil']",Abuja
DR TEAL'S NOURISHING COCONUT BODY WASH 710ML,Dr Teals,7955.0,https://skinpopessentiel.com/products/copy-copy-copy-dr-teals-body-wash-710ml,SkinPopEssentiel,"['body-wash', 'body-wash']",Abuja
DR TEAL'S NOURISHING COCONUT MOISTURIZING BATH & BODY OIL 260ML,Dr Teals,8600.0,https://skinpopessentiel.com/products/copy-dr-teals-coconut-moisturizing-bath-body-oil-260ml,SkinPopEssentiel,"['body-oil', 'body-oil']",Abuja
DR TEAL'S NOURISHING COCONUT OIL BODY LOTION 532ML,Dr Teals,7955.0,https://skinpopessentiel.com/products/copy-dr-teals-nourishing-coconut-oil-body-lotion-532ml,SkinPopEssentiel,"['body-moisturizer', 'body-lotion']",Abuja
DR TEAL'S OAT MILK AND ARGAN OIL FOAMING BATH,Dr Teals,10750.0,https://skinpopessentiel.com/products/copy-copy-rexona-spray,SkinPopEssentiel,"['body-wash', 'body-wash']",Abuja
DR TEAL'S PINK HIMALAYAN CITRUS SALT SCRUB,Dr Teals,12255.0,https://skinpopessentiel.com/products/dr-teals-pink-hamalayan-citrus-salt-scrub,SkinPopEssentiel,"['mask-&-scrubs', 'body-scrub', 'scrub']",Abuja
DR TEAL'S PREBIOTIC LEMON BALM BODY WASH 710ML,Dr Teals,7955.0,https://skinpopessentiel.com/products/dr-teals-body-wash,SkinPopEssentiel,"['body-wash', 'body-wash']",Abuja
DR TEAL'S PREBIOTIC LEMON BALM SHEA SUGAR SCRUB 538G,Dr Teals,12255.0,https://skinpopessentiel.com/products/dr-teals-prebiotic-lemon-balm-shea-butter-and-almond-sugar-scrub-538g,SkinPopEssentiel,"['mask-&-scrubs', 'body-scrub']",Abuja
DR TEAL'S RELAX AND RELIEF EUCALYPTUS FOAMING AND SPEARMINT BATH - 1000ML,Dr Teals,10750.0,https://skinpopessentiel.com/products/copy-dr-teals-relax-and-relief-eucalyptus-foaming-and-spearmint-bath-1000ml,SkinPopEssentiel,"['body-wash', 'body-wash']",Abuja
DR TEAL'S RELAXING HEMPSEED MOISTURIZING BATH & BODY OIL 260ML,Dr Teals,7955.0,https://skinpopessentiel.com/products/copy-dr-teals-relaxing-hempseed-moisturizing-bath-body-oil-260ml,SkinPopEssentiel,"['body-oil', 'body-oil']",Abuja
DR TEAL'S RESTORATIVE FOAMING BATH - 1000ML,Dr Teals,10750.0,https://skinpopessentiel.com/products/dr-teals-foaming-bath-restorative-minerals-and-magnesium-potassium-zinc-1000ml,SkinPopEssentiel,"['body-wash', 'body-wash']",Abuja
DR TEAL'S RESTORATIVE SKIN COLLAGEN MILK BATH- 946ML,Dr Teals,12255.0,https://skinpopessentiel.com/products/dr-teals-collagen,SkinPopEssentiel,"['body-wash', 'body-wash']",Abuja
DR TEAL'S ROSE SHEA SUGAR SCRUB 538G,Dr Teals,12255.0,https://skinpopessentiel.com/products/dr-teals-rose-shea-butter-and-almond-sugar-scrub-538g,SkinPopEssentiel,"['mask-&-scrubs', 'body-scrub']",Abuja
DR TEAL'S SHEA BUTTER AND ALMOND BATH & BODY OIL 260ML,Dr Teals,7955.0,https://skinpopessentiel.com/products/dr-teals-shea-butter-bath-body-oil-260ml,SkinPopEssentiel,"['body-oil', 'body-oil']",Abuja
DR TEAL'S SHEA BUTTER AND ALMOND BODY WASH 710ML,Dr Teals,7955.0,https://skinpopessentiel.com/products/dr-teals-shea-butter-body-wash-710ml,SkinPopEssentiel,"['body-wash', 'body-wash']",Abuja
DR TEAL'S SHEA BUTTER AND ALMOND SUGAR SCRUB 538G,Dr Teals,12255.0,https://skinpopessentiel.com/products/dr-teals-shea-butter-and-almond-sugar-scrub-538g,SkinPopEssentiel,"['mask-&-scrubs', 'body-scrub']",Abuja
DR TEAL'S SHEA ENRICHED FOOT CREAM,Dr Teals,8385.0,https://skinpopessentiel.com/products/copy-copy-copy-rexona-spray,SkinPopEssentiel,"['body-moisturizer', 'body-cream']",Abuja
DR TEAL'S SKIN THERAPY COLLAGEN + RADIANT SKIN MILK BATH- 946ML,Dr Teals,12255.0,https://skinpopessentiel.com/products/dr-teals-collagen-milk-bath,SkinPopEssentiel,"['body-wash', 'body-wash']",Abuja
"DR TEAL'S SLEEP BODY WASH WITH MELATONIN, LAVENDER & CHAMOMILE- 710ML",Dr Teals,7955.0,https://skinpopessentiel.com/products/copy-dr-teals-body-wash-710ml,SkinPopEssentiel,"['body-wash', 'body-wash']",Abuja
DR TEAL'S SOOTHING LAVENDER BATH & BODY OIL 260ML,Dr Teals,7955.0,https://skinpopessentiel.com/products/dr-teals-soothing-lavender-bath-body-oil-260ml,SkinPopEssentiel,"['body-oil', 'body-oil']",Abuja
DR TEAL'S VITAMIN C CITRUS BODY LOTION 532ML,Dr Teals,7955.0,https://skinpopessentiel.com/products/dr-teals-moisturizing-body-lotion,SkinPopEssentiel,"['body-moisturizer', 'body-lotion']",Abuja
DR TEAL'S VITAMIN C CITRUS GLOW AND RADIANT BODY WASH - 710ML,Dr Teals,7955.0,https://skinpopessentiel.com/products/dr-teals-glow-and-radiant-body-wash-710ml,SkinPopEssentiel,"['body-wash', 'body-wash']",Abuja
DR TEAL'S VITAMIN C CITRUS SHEA SUGAR SCRUB 538G,Dr Teals,12255.0,https://skinpopessentiel.com/products/dr-teals-shea-sugar-citrus-vitamin-c-scrub,SkinPopEssentiel,"['mask-&-scrubs', 'body-scrub']",Abuja
DR TEAL’S COCONUT WITCH HAZEL FACIAL TONER,Dr Teals,10535.0,https://skinpopessentiel.com/products/dr-teal-s-coconut-witch-hazel-facial-toner,SkinPopEssentiel,"['toners-&-exfoliants', 'toner']",Abuja
DR TEAL’S EUCALYPTUS WITCH HAZEL FACIAL TONER- 473ML,Dr Teals,10535.0,https://skinpopessentiel.com/products/product-3,SkinPopEssentiel,"['toners-&-exfoliants', 'toner']",Abuja
DR TEAL’S LAVENDER WITCH HAZEL FACIAL TONER- 473ML,Dr Teals,10535.0,https://skinpopessentiel.com/products/dr-teal-s-lavender-witch-hazel-facial-toner-473ml,SkinPopEssentiel,"['toners-&-exfoliants', 'toner']",Abuja
DR TEAL’S ROSE WATER WITCH HAZEL FACIAL TONER,Dr Teals,10535.0,https://skinpopessentiel.com/products/dr-teal-s-rose-witch-hazel-facial-toner,SkinPopEssentiel,"['toners-&-exfoliants', 'toner']",Abuja
DR.ALTHEA ABC GLOW WHIPPED SERUM - 100ML,Dr Althea,17845.0,https://skinpopessentiel.com/products/dr-althea-abc-glow-whipped-serum-100ml,SkinPopEssentiel,"['essence-&-serums', 'serum']",Abuja
E45 MOISTURISING BODY CREAM FOR DRY SKIN- 350G,E45,12900.0,https://skinpopessentiel.com/products/e45-cream-350g,SkinPopEssentiel,"['body-moisturizer', 'body-cream']",Abuja
E45 MOISTURISING LOTION - 500ML,E45,11610.0,https://skinpopessentiel.com/products/e45-moisturising-lotion-500ml,SkinPopEssentiel,"['body-moisturizer', 'body-cream', 'body-lotion']",Abuja
EQUALBERRY SWIMMING POOL TONER 155ML,Equalberry,14835.0,https://skinpopessentiel.com/products/equalberry-swimming-pool-toner-155ml,SkinPopEssentiel,['toners-&-exfoliants'],Abuja
ESTELIN 5D HYALURONIC ACID HYDRATING FACE SERUM 30ML,Estelin,3870.0,https://skinpopessentiel.com/products/iunik-tea-tree-relief-serum-mini,SkinPopEssentiel,"['essence-&-serums', 'serum']",Abuja
ESTELIN 5D HYALURONIC ACID MOISTURIZING TONER - 400ML,Estelin,4945.0,https://skinpopessentiel.com/products/estelin-5d-hyaluronic-acid-moisturizing-toner-400ml,SkinPopEssentiel,"['toners-&-exfoliants', 'toner']",Abuja
ESTELIN AHA REJUVENATE TONER - 400ML,Estelin,4945.0,https://skinpopessentiel.com/products/estelin-aha-rejuvenate-toner-400ml,SkinPopEssentiel,"['toners-&-exfoliants', 'toner']",Abuja
ESTELIN ALPHA ARBUTIN + NIACINAMIDE CREAM - 200ML,Estelin,4945.0,https://skinpopessentiel.com/products/klairs-supple-preparation-unscented-toner,SkinPopEssentiel,"['face-moisturizer', 'face-cream', 'face-moisturizer']",Abuja
ESTELIN B5 CERAMIDE REPAIRING FACE SERUM - 30ML,Estelin,3870.0,https://skinpopessentiel.com/products/simple-kind-to-skin-eye-make-up-remover,SkinPopEssentiel,"['essence-&-serums', 'serum']",Abuja
ESTELIN CERAMIDE + CENTELLA REPAIR CREAM - 200ML,Estelin,4945.0,https://skinpopessentiel.com/products/aveeno-daily-moisturizing-lotion-nourishes-dry-skin-71g,SkinPopEssentiel,"['face-moisturizer', 'face-moisturizer']",Abuja
ESTELIN CERAMIDES VITAMIN B5 AND CENTELLA ASIATICA REPAIR TONER 400ML,Estelin,3870.0,https://skinpopessentiel.com/products/estelin-ceramides-vitamin-b5-and-centella-asiatica-repair-toner-400ml,SkinPopEssentiel,"['toners-&-exfoliants', 'toner']",Abuja
ESTELIN COLLAGEN FIRMING FACE WASH,Estelin,4085.0,https://skinpopessentiel.com/products/advanced-clinicals-collagen-serum,SkinPopEssentiel,"['face-wash-&-cleansers', 'cleanser']",Abuja
ESTELIN DARK SPOT CORRECTING ROSEHIP NIACINAMIDE FACIAL SERUM - 30ML,Estelin,3870.0,https://skinpopessentiel.com/products/iunik-propolis-vitamin-synergy-serum-mini,SkinPopEssentiel,"['essence-&-serums', 'serum']",Abuja
ESTELIN HYALURONIC ACID + POLYGLUTAMIC ACID MOISTURIZING CREAM – 200ML,Estelin,4945.0,https://skinpopessentiel.com/products/frudia-signature-mini-cream-set-5-pieces-in-a-box,SkinPopEssentiel,"['face-moisturizer', 'face-moisturizer']",Abuja
ESTELIN HYALURONIC ACID FACE WASH,Estelin,3870.0,https://skinpopessentiel.com/products/garnier-micellar-oil-infused-water-dry-sensi-400ml,SkinPopEssentiel,"['face-wash-&-cleansers', 'cleanser']",Abuja
ESTELIN NIACINAMIDE FACE WASH,Estelin,4085.0,https://skinpopessentiel.com/products/estelin-niacinamide-face-wash,SkinPopEssentiel,"['face-wash-&-cleansers', 'cleanser']",Abuja
ESTELIN NIACINAMIDE TONER - 400ML,Estelin,4945.0,https://skinpopessentiel.com/products/estelin-niacinamide-toner-400ml,SkinPopEssentiel,"['toners-&-exfoliants', 'toner']",Abuja
ESTELIN PEPTIDE + COLLAGEN FIRMING CREAM,Estelin,4945.0,https://skinpopessentiel.com/products/estelin-peptide-collagen-firming-cream,SkinPopEssentiel,"['face-moisturizer', 'serum']",Abuja
ESTELIN RETINOL TONER,Estelin,4945.0,https://skinpopessentiel.com/products/pyunkang-yul-mini-nutrition-cream-20ml,SkinPopEssentiel,"['toners-&-exfoliants', 'toner']",Abuja
ESTELIN RICE COLLAGEN FIRMING FACE SERUM,Estelin,3870.0,https://skinpopessentiel.com/products/estelin-rice-collagen-firming-face-serum,SkinPopEssentiel,"['essence-&-serums', 'serum']",Abuja
ESTELIN TEA TREE OIL SALICYLIC ACID SERUM 30ML,Estelin,3870.0,https://skinpopessentiel.com/products/estelin-tea-tree-oil-salicylic-acid-serum-30ml,SkinPopEssentiel,"['essence-&-serums', 'serum']",Abuja
ESTELIN TURMERIC VITAMIN C CREAM - 200ML,Estelin,4945.0,https://skinpopessentiel.com/products/frudia-re-proust-essential-blending-body-travel-kit-greenery,SkinPopEssentiel,"['face-moisturizer', 'face-moisturizer']",Abuja
ESTELIN TURMERIC VITAMIN C FACE SERUM - 30ML,Estelin,3870.0,https://skinpopessentiel.com/products/iunik-tea-tree-relief-serum-mini-1,SkinPopEssentiel,"['essence-&-serums', 'serum']",Abuja
ESTELIN ULTRA LIGHT HYDRATING INVISIBLE SUNSCREEN SPF 50+++,Estelin,3710.0,https://skinpopessentiel.com/products/estelin-ultra-light-hydrating-invisible-sunscreen-spf-50,SkinPopEssentiel,"['sunscreen', 'sunscreen']",Abuja
ESTELIN VITAMIN A RETINOL ANTI-AGING FACE SERUM - 30ML,Estelin,3870.0,https://skinpopessentiel.com/products/iunik-black-snail-restore-serum-mini,SkinPopEssentiel,"['essence-&-serums', 'serum']",Abuja
ESTELIN VITAMIN C BRIGHTENING TONER- 400ML,Estelin,4945.0,https://skinpopessentiel.com/products/estelin-vitamin-c-brightening-toner-400ml,SkinPopEssentiel,"['toners-&-exfoliants', 'toner']",Abuja
ESTELIN VITAMIN C FACE WASH,Estelin,4085.0,https://skinpopessentiel.com/products/estelin-vitamin-c-face-wash,SkinPopEssentiel,"['face-wash-&-cleansers', 'cleanser']",Abuja
ETUDE HOUSE SOON JUNG 5.5 FOAM CLEANSER,Etude House,7471.0,https://skinpopessentiel.com/products/etude-house-soon-jung-5-5-foam-cleanser,SkinPopEssentiel,"['face-wash-&-cleansers', 'cleanser']",Abuja
ETUDE HOUSE SOON JUNG MILD DEFENCE SUN CREAM,Etude House,7417.0,https://skinpopessentiel.com/products/copy-of-etude-house-soon-jung-hydro-barrier-cream-75ml-1,SkinPopEssentiel,"['sunscreen', 'sunscreen']",Abuja
ETUDE HOUSE SOON JUNG MOIST EMULSION 130ML,Etude House,8062.0,https://skinpopessentiel.com/products/copy-of-etude-house-soon-jung-hydro-barrier-cream-75ml,SkinPopEssentiel,"['face-moisturizer', 'face-cream', 'face-moisturizer']",Abuja
ETUDE HOUSE SOON JUNG PH 5.5 RELIEF TONER,Etude House,11287.0,https://skinpopessentiel.com/products/soon-jung-ph-5-5-relief-toner,SkinPopEssentiel,"['toners-&-exfoliants', 'toner']",Abuja
EUCERIN DAILY HYDRATING CREAM WITH SPF 30 226GRAM,Eucerin,0.0,https://skinpopessentiel.com/products/eucerin-daily-hydrating-cream-with-spf-30,SkinPopEssentiel,"['sunscreen', 'body-cream', 'body-lotion', 'sunscreen']",Abuja
EUCERIN DERMOPURIFYER ADJUNCTIVE SOOTHING CREAM 50ML,Eucerin,26445.0,https://skinpopessentiel.com/products/eucerin,SkinPopEssentiel,"['face-moisturizer', 'face-cream', 'face-moisturizer']",Abuja
EUCERIN DERMOPURIFYER CLEANSING GEL - 200ML,Eucerin,14160.0,https://skinpopessentiel.com/products/copy-eucerin,SkinPopEssentiel,"['face-wash-&-cleansers', 'cleanser']",Abuja
EUCERIN DERMOPURIFYER OIL CONTROL PROTECTIVE SPF FLUID- 50ML,Eucerin,30100.0,https://skinpopessentiel.com/products/eucerin-dermopurifyer-protective-spf-fluid-50ml,SkinPopEssentiel,"['sunscreen', 'sunscreen']",Abuja
EUCERIN DERMOPURIFYER TONER - FACE TONER FOR OILY SKIN - 200ML,Eucerin,21840.0,https://skinpopessentiel.com/products/eucerin-oil-control-toner,SkinPopEssentiel,"['toners-&-exfoliants', 'toner']",Abuja
EUCERIN DERMOPURIFYER TRIPLE EFFECT SERUM,Eucerin,30100.0,https://skinpopessentiel.com/products/eucerin-dermopurifyer-triple-effect-serum,SkinPopEssentiel,"['treatment-&-gel', 'treatment']",Abuja
EUCERIN ECZEMA RELIEF CREAM 226G,Eucerin,0.0,https://skinpopessentiel.com/products/eucerin-eczema-relief-cream-226g,SkinPopEssentiel,['body-moisturizer'],Abuja
EUCERIN EVEN PIGMENT NIGHT CREAM,Eucerin,31175.0,https://skinpopessentiel.com/products/copy-copy-copy-copy-copy-copy-copy-copy-copy-eucerin,SkinPopEssentiel,"['face-moisturizer', 'face-cream', 'face-moisturizer']",Abuja
EUCERIN EVEN PIGMENT PERFECTOR DAY CREAM SPF30,Eucerin,31175.0,https://skinpopessentiel.com/products/copy-copy-copy-copy-copy-copy-copy-copy-copy-copy-eucerin,SkinPopEssentiel,"['face-moisturizer', 'face-cream', 'face-moisturizer', 'sunscreen']",Abuja
EUCERIN EVEN PIGMENT PERFECTOR DUAL SERUM,Eucerin,48375.0,https://skinpopessentiel.com/products/copy-copy-eucerin,SkinPopEssentiel,"['essence-&-serums', 'serum']",Abuja
EUCERIN INTENSIVE REPAIR LOTION -500ML (new look),Eucerin,20855.0,https://skinpopessentiel.com/products/eucerin-intensive-repair-lotion-1,SkinPopEssentiel,"['body-moisturizer', 'body-lotion']",Abuja
EUCERIN OIL CONTROL SUN GEL-CREAM SPF 50+,Eucerin,20425.0,https://skinpopessentiel.com/products/copy-copy-copy-copy-copy-eucerin,SkinPopEssentiel,"['sunscreen', 'sunscreen']",Abuja
EUCERIN ORIGINAL HEALING LOTION,Eucerin,7417.0,https://skinpopessentiel.com/products/eucerin-original-healing-lotion,SkinPopEssentiel,"['body-moisturizer', 'body-lotion']",Abuja
EUCERIN PHOTO AGING CONTROL FACE SUNSCREEN FLUID SPF50+,Eucerin,20425.0,https://skinpopessentiel.com/products/copy-copy-copy-copy-copy-copy-copy-eucerin,SkinPopEssentiel,"['sunscreen', 'sunscreen']",Abuja
EUCERIN PIGMENT CONTROL FACE SUNSCREEN FLUID SPF 50+,Eucerin,21715.0,https://skinpopessentiel.com/products/copy-copy-copy-copy-copy-copy-eucerin,SkinPopEssentiel,"['sunscreen', 'sunscreen']",Abuja
EUCERIN ROUGHNESS RELIEF SPOT TREATMENT,Eucerin,0.0,https://skinpopessentiel.com/products/eucerin-roughness-relief-spot-treatment,SkinPopEssentiel,"['treatment-&-gel', 'treatment']",Abuja
EUCERIN SENSITIVE PROTECT SPF 50+ - 150ML,Eucerin,30100.0,https://skinpopessentiel.com/products/eucerin-sensitive-protect-spf-50-copy,SkinPopEssentiel,"['sunscreen', 'sunscreen']",Abuja
EUCERIN UREA REPAIR 10% UREA INTENSIVE MOISTURIZING LOTION- 250ML,Eucerin,26445.0,https://skinpopessentiel.com/products/copy-copy-copy-eucerin,SkinPopEssentiel,"['body-moisturizer', 'body-cream', 'body-lotion']",Abuja
EUCERIN UREA REPAIR 5% UREA INTENSIVE MOISTURIZING BODY CREAM - 450ML,Eucerin,29885.0,https://skinpopessentiel.com/products/copy-copy-copy-copy-eucerin,SkinPopEssentiel,"['body-moisturizer', 'body-cream', 'body-lotion']",Abuja
EUCERINE ROUGHNESS RELIEF LOTION 500ML,Eucerin,22360.0,https://skinpopessentiel.com/products/eucerine-roughness-relief-lotion-500ml,SkinPopEssentiel,"['body-moisturizer', 'body-cream', 'body-lotion']",Abuja
EUKROMA 2% HYDROQUINONE CREAM - 40g,Eukroma,6880.0,https://skinpopessentiel.com/products/eukroma-2-cream,SkinPopEssentiel,"['treatment-&-gel', 'treatment']",Abuja
EUKROMA 4% HYDROQUINONE CREAM - 20g,Eukroma,5790.0,https://skinpopessentiel.com/products/eukroma-4-cream,SkinPopEssentiel,['treatment'],Abuja
EVOLUTION OF SMOOTH (EOS) - COCONUT MILK SORBET LIP BALM,Evolution of Smooth,9460.0,https://skinpopessentiel.com/products/evolution-of-smooth-eos-coconut-milk-sorbet-lip-balm,SkinPopEssentiel,"['lips', 'lip-balm']",Abuja
EVOLUTION OF SMOOTH (EOS) - STRAWBERRY SORBET LIP BALM,Evolution of Smooth,9460.0,https://skinpopessentiel.com/products/evolution-of-smooth-eos-strawberry-sorbet-lip-balm,SkinPopEssentiel,"['lips', 'lip-balm']",Abuja
EVOLUTION OF SMOOTH (EOS) - STRAWBERRY SORBET LIP BALM (2pk),Evolution of Smooth,12255.0,https://skinpopessentiel.com/products/evolution-of-smooth-eos-strawberry-sorbet-lip-balm-2pk,SkinPopEssentiel,"['lips', 'lip-balm']",Abuja
EVOLUTION OF SMOOTH (EOS) - SWEET MINT LIP BALM (2pk),Evolution of Smooth,12255.0,https://skinpopessentiel.com/products/evolution-of-smooth-eos-sweet-mint-lip-balm-2pk,SkinPopEssentiel,"['lips', 'lip-balm']",Abuja
EVOLUTION OF SMOOTH (EOS) - VANILLA LIP BALM,Evolution of Smooth,9460.0,https://skinpopessentiel.com/products/untitled-7sept_21-48,SkinPopEssentiel,"['lips', 'lip-balm']",Abuja
EVOLUTION OF SMOOTH (EOS) - VANILLA LIP BALM (2pk),Evolution of Smooth,12255.0,https://skinpopessentiel.com/products/evolution-of-smooth-eos-vanilla-lip-balm-2pk,SkinPopEssentiel,"['lips', 'lip-balm']",Abuja
EVOLUTION OF SMOOTH (EOS) COCONUT WATERS BODY WASH,Evolution of Smooth,20855.0,https://skinpopessentiel.com/products/evolution-of-smooth-eos-coconut-waters-body-wash,SkinPopEssentiel,"['body-wash', 'body-wash']",Abuja
EVOLUTION OF SMOOTH (EOS) HAND CREAM- COCONUT WATERS,Evolution of Smooth,9890.0,https://skinpopessentiel.com/products/evolution-of-smooth-eos-shea-butter-hand-cream,SkinPopEssentiel,"['hand-cream', 'hand-cream']",Abuja
EVOLUTION OF SMOOTH (EOS) PINK CHAMPAGNE BODY WASH,Evolution of Smooth,20855.0,https://skinpopessentiel.com/products/copy-evolution-of-smooth-eos-pink-champagne-body-wash,SkinPopEssentiel,"['body-wash', 'body-wash']",Abuja
EVOLUTION OF SMOOTH (EOS) SHEA BUTTER VANILLA CASHMERE HAND CREAM,Evolution of Smooth,9890.0,https://skinpopessentiel.com/products/evolution-of-smooth-eos-shea-butter-vanilla-cashmere-hand-cream,SkinPopEssentiel,"['hand-cream', 'hand-cream']",Abuja
EVOLUTION OF SMOOTH (EOS) VANILLA CASHMERE BODY OIL,Evolution of Smooth,22790.0,https://skinpopessentiel.com/products/evolution-of-smooth-eos-vanilla-cashmere-body-oil-1,SkinPopEssentiel,"['body-oil', 'body-oil']",Abuja
EVOLUTION OF SMOOTH (EOS) VANILLA CASHMERE BODY WASH,Evolution of Smooth,20855.0,https://skinpopessentiel.com/products/evolution-of-smooth-eos-vanilla-cashmere-body-wash-1,SkinPopEssentiel,"['body-wash', 'body-wash']",Abuja
EVOLUTION OF SMOOTH (EOS) VANILLA CASHMERE WHIPPED OIL BUTTER,Evolution of Smooth,22790.0,https://skinpopessentiel.com/products/evolution-of-smooth-eos-vanilla-cashmere-whipped-oil-butter-1,SkinPopEssentiel,"['body-moisturizer', 'body-cream']",Abuja
EVOLUTION OF SMOOTH (EOS)- COCONUT WATERS 24HRS BODY LOTION 473ML,Evolution of Smooth,20855.0,https://skinpopessentiel.com/products/evolution-of-smooth-eos-coconut-waters-24hrs-body-lotion-473ml,SkinPopEssentiel,"['body-moisturizer', 'body-lotion']",Abuja
EVOLUTION OF SMOOTH (EOS)- FRESH AND COZY 24HRS BODY LOTION 473ML,Evolution of Smooth,20855.0,https://skinpopessentiel.com/products/evolution-of-smooth-eos-fresh-and-cozy-24hrs-body-lotion-473ml-broken-pump-discount,SkinPopEssentiel,"['body-moisturizer', 'body-lotion']",Abuja
EVOLUTION OF SMOOTH (EOS)- JASMINE PEACH 24HRS BODY LOTION 473ML,Evolution of Smooth,20855.0,https://skinpopessentiel.com/products/evolution-of-smooth-eos-jasmine-peach-24hrs-body-lotion-473ml,SkinPopEssentiel,"['body-moisturizer', 'body-lotion']",Abuja
EVOLUTION OF SMOOTH (EOS)- PINK CHAMPAGNE 24HRS BODY LOTION 473ML,Evolution of Smooth,20855.0,https://skinpopessentiel.com/products/evolution-of-smooth-eos-pink-champagne-24hrs-body-lotion-473ml,SkinPopEssentiel,"['body-moisturizer', 'body-lotion']",Abuja
EVOLUTION OF SMOOTH (EOS)- POMEGRANATE RASPBERRY 24HRS BODY LOTION 473ML,Evolution of Smooth,20855.0,https://skinpopessentiel.com/products/evolution-of-smooth-eos-pomegranate-raspberry-24hrs-body-lotion-473ml,SkinPopEssentiel,"['body-moisturizer', 'body-lotion']",Abuja
EVOLUTION OF SMOOTH (EOS)- STRAWBERRY DREAM 24HRS BODY LOTION 473ML,Evolution of Smooth,20855.0,https://skinpopessentiel.com/products/evolution-of-smooth-eos-strawberry-dream-24hrs-body-lotion-473ml,SkinPopEssentiel,"['body-moisturizer', 'body-lotion']",Abuja
EVOLUTION OF SMOOTH (EOS)- THE HERO DRY LIP REPAIR,Evolution of Smooth,9460.0,https://skinpopessentiel.com/products/evolution-of-smooth-eos-the-hero-dry-lip-repair,SkinPopEssentiel,"['lips', 'lip-balm']",Abuja
EVOLUTION OF SMOOTH (EOS)- VANILLA CASHMERE 24HRS BODY LOTION 473ML,Evolution of Smooth,20855.0,https://skinpopessentiel.com/products/evolution-of-smooth-eos-vanilla-cashmere-24hrs-body-lotion-473ml,SkinPopEssentiel,"['body-moisturizer', 'body-lotion']",Abuja
EZANIC AZELAIC ACID 10% TREATMENT CREAM,Ezanic,7525.0,https://skinpopessentiel.com/products/copy-product,SkinPopEssentiel,"['treatment-&-gel', 'treatment']",Abuja
EZANIC AZELAIC ACID 20% TREATMENT GEL,Ezanic,7525.0,https://skinpopessentiel.com/products/ezanic-20-gel-15-gm,SkinPopEssentiel,['treatment-&-gel'],Abuja
FACE FACTS AHA & VITAMIN C SORBET- BODY MOISTURISER,FaceFacts,5912.0,https://skinpopessentiel.com/products/face-facts-aha-vitamin-c-sorbet-body-moisturiser,SkinPopEssentiel,"['body-moisturizer', 'body-cream', 'body-lotion']",Abuja
FACE FACTS AWAKENING GEL EYE PATCHES - 30 PAIRS,FaceFacts,6235.0,https://skinpopessentiel.com/products/face-facts-awakening-gel-eye-patches-30-pairs,SkinPopEssentiel,"['eye-cream-&-gel', 'eye']",Abuja
FACE FACTS BALANCING RICE SERUM,FaceFacts,8600.0,https://skinpopessentiel.com/products/face-facts-balancing-rice-serum,SkinPopEssentiel,"['essence-&-serums', 'serum']",Abuja
FACE FACTS BARRIER REPAIR CERAMIDE SERUM,FaceFacts,4945.0,https://skinpopessentiel.com/products/facefacts-barrier-repair-ceramide-facial-serum-1,SkinPopEssentiel,"['essence-&-serums', 'serum']",Abuja
FACE FACTS BHA TONER,FaceFacts,6235.0,https://skinpopessentiel.com/products/face-facts-bha-toner,SkinPopEssentiel,"['toners-&-exfoliants', 'exfoliant', 'toner']",Abuja
FACE FACTS BLEMISH PATCHES CLEAR & ROUND – 36 PATCHES IN ONE,FaceFacts,2795.0,https://skinpopessentiel.com/products/face-facts-blemish-patches-clear-round-36-patches,SkinPopEssentiel,"['treatment-&-gel', 'treatment']",Abuja
FACE FACTS BODY BUTTER 400ML,FaceFacts,5805.0,https://skinpopessentiel.com/products/face-facts-body-butter-400ml,SkinPopEssentiel,"['body-moisturizer', 'body-cream', 'body-lotion']",Abuja
FACE FACTS BODY CLEANSER – GLYCOLIC ACID – 150ML,FaceFacts,5590.0,https://skinpopessentiel.com/products/face-facts-body-cleanser-glycolic-acid-150ml,SkinPopEssentiel,"['face-wash-&-cleansers', 'cleanser']",Abuja
FACE FACTS BODY CLEANSER – LACTIC ACID – 150ML,FaceFacts,5590.0,https://skinpopessentiel.com/products/face-facts-body-cleanser-lactic-acid-150ml,SkinPopEssentiel,"['face-wash-&-cleansers', 'cleanser']",Abuja
FACE FACTS BODY CLEANSER – SALICYLIC ACID – 150ML,FaceFacts,5590.0,https://skinpopessentiel.com/products/face-facts-body-cleanser-salicylic-acid-150ml,SkinPopEssentiel,"['face-wash-&-cleansers', 'cleanser']",Abuja
FACE FACTS BODY SCRUB 400ML,FaceFacts,4730.0,https://skinpopessentiel.com/products/face-facts-body-scrub,SkinPopEssentiel,"['mask-&-scrubs', 'body-scrub']",Abuja
FACE FACTS BODY SHOWER OIL- BERGAMOT & PEPPER 200ML,FaceFacts,7740.0,https://skinpopessentiel.com/products/copy-face-facts-body-shower-oil-bergamot-pepper-200ml,SkinPopEssentiel,"['body-oil', 'body-oil']",Abuja
FACE FACTS BODY SHOWER OIL- POMEGRANATE - 200ML,FaceFacts,7740.0,https://skinpopessentiel.com/products/face-facts-body-shower-oil-pomegranate-200ml,SkinPopEssentiel,"['body-oil', 'body-oil']",Abuja
FACE FACTS BODY SHOWER OIL- RHUBARB ROSE - 200ML,FaceFacts,7740.0,https://skinpopessentiel.com/products/face-facts-body-shower-oil-rhubarb-rose-200ml,SkinPopEssentiel,"['body-oil', 'body-oil']",Abuja
FACE FACTS BRIGHT + CLEAR FACE CREAM,FaceFacts,8385.0,https://skinpopessentiel.com/products/face-facts-bright-clear-face-cream,SkinPopEssentiel,"['face-moisturizer', 'face-cream', 'face-moisturizer']",Abuja
FACE FACTS BRIGHTEN + ILLUMINATE VITAMIN C SERUM 50ML,FaceFacts,6880.0,https://skinpopessentiel.com/products/face-facts-brighten-illuminate-vitamin-c-serum-50ml,SkinPopEssentiel,"['essence-&-serums', 'serum']",Abuja
FACE FACTS BRIGHTENING GEL EYE PATCHES,FaceFacts,2580.0,https://skinpopessentiel.com/products/face-facts-brightening-gel-eye-patches,SkinPopEssentiel,"['eye-cream-&-gel', 'eye']",Abuja
FACE FACTS BRIGHTENING SHEET MASK,FaceFacts,2580.0,https://skinpopessentiel.com/products/face-facts-brightening-sheet-mask,SkinPopEssentiel,"['mask-&-scrubs', 'sheet-mask']",Abuja
FACE FACTS CANDIED COCOA LIP SCRUB,FaceFacts,3440.0,https://skinpopessentiel.com/products/face-facts-candied-cocoa-lip-scrub,SkinPopEssentiel,"['lips', 'lip-balm']",Abuja
FACE FACTS CERAMIDE BLEMISH CLARIFYING CLEANSER 400ML,FaceFacts,8385.0,https://skinpopessentiel.com/products/facefacts-ceramide-blemish-foaming-cleanser-400ml,SkinPopEssentiel,"['face-wash-&-cleansers', 'cleanser']",Abuja
FACE FACTS CERAMIDE BLEMISH GEL MOISTURISER,FaceFacts,4085.0,https://skinpopessentiel.com/products/facefacts-ceramide-blemish-cream,SkinPopEssentiel,"['face-moisturizer', 'face-cream', 'face-moisturizer']",Abuja
FACE FACTS CERAMIDE BLEMISH TREATMENT GEL,FaceFacts,4085.0,https://skinpopessentiel.com/products/facefacts-ceramide-blemish-gel,SkinPopEssentiel,"['treatment-&-gel', 'cleanser', 'treatment']",Abuja
FACE FACTS CERAMIDE FOAMING CLEANSER - 400ML,FaceFacts,7740.0,https://skinpopessentiel.com/products/facefacts-ceramide-foaming-cleanser,SkinPopEssentiel,"['face-wash-&-cleansers', 'cleanser']",Abuja
FACE FACTS CERAMIDE HYDRATING GENTLE CLEANSER,FaceFacts,5805.0,https://skinpopessentiel.com/products/facefacts-ceramide-hydrating-gentle-cleanser-1,SkinPopEssentiel,"['face-wash-&-cleansers', 'cleanser']",Abuja
FACE FACTS CERAMIDE MOISTURISING BODY CREAM 454ML,FaceFacts,7740.0,https://skinpopessentiel.com/products/facefacts-ceramide-moisturising-body-cream-454ml,SkinPopEssentiel,"['body-moisturizer', 'body-cream']",Abuja
FACE FACTS CERAMIDE MOISTURISING BODY LOTION 400ML,FaceFacts,7310.0,https://skinpopessentiel.com/products/facefacts-ceramide-moisturising-body-lotion-400ml,SkinPopEssentiel,"['body-moisturizer', 'body-cream', 'body-lotion']",Abuja
FACE FACTS CERAMIDE MOISTURISING GEL CREAM,FaceFacts,4085.0,https://skinpopessentiel.com/products/facefacts-ceramide-moisturising-gel-cream-1,SkinPopEssentiel,"['face-moisturizer', 'face-cream', 'face-moisturizer']",Abuja
FACE FACTS CERAMIDE MOISTURISING GEL CREAM SPF 30,FaceFacts,7310.0,https://skinpopessentiel.com/products/face-facts-ceramide-moisturising-gel-cream-spf-30,SkinPopEssentiel,"['face-moisturizer', 'face-cream', 'face-moisturizer', 'sunscreen']",Abuja
FACE FACTS CERAMIDE OIL CONTROL FOAMING CLEANSER,FaceFacts,5805.0,https://skinpopessentiel.com/products/face-facts-ceramide-oil-control-foaming-cleanser-400ml,SkinPopEssentiel,"['face-wash-&-cleansers', 'cleanser']",Abuja
FACE FACTS CERAMIDE OIL CONTROL HYDRATING TONER - 200ML,FaceFacts,7095.0,https://skinpopessentiel.com/products/face-facts-ceramide-oil-control-hydrating-toner-200ml,SkinPopEssentiel,"['toners-&-exfoliants', 'toner']",Abuja
FACE FACTS CERAMIDE OIL CONTROL MOISTURISING GEL CREAM,FaceFacts,4085.0,https://skinpopessentiel.com/products/face-facts-ceramide-oil-control-moisturising-gel-cream,SkinPopEssentiel,"['face-moisturizer', 'face-moisturizer']",Abuja
FACE FACTS CERAMIDE REPAIRING LIP BALM,FaceFacts,4085.0,https://skinpopessentiel.com/products/face-facts-ceramide-repairing-lip-balm,SkinPopEssentiel,['lips'],Abuja
FACE FACTS CERAMIDE REPAIRING SERUM CREAM 30ML,FaceFacts,4085.0,https://skinpopessentiel.com/products/facefacts-ceramide-repairing-serum-cream,SkinPopEssentiel,"['essence-&-serums', 'face-cream', 'serum']",Abuja
FACE FACTS CERAMIDE REPLENISHING EYE CREAM,FaceFacts,4730.0,https://skinpopessentiel.com/products/face-facts-ceramide-replenishing-eye-cream,SkinPopEssentiel,"['eye-cream-&-gel', 'eye']",Abuja
FACE FACTS CERAMIDES NOURISHING CLEANSING BALM - 125ML,FaceFacts,8600.0,https://skinpopessentiel.com/products/face-facts-ceramides-nourishing-cleansing-balm-125ml,SkinPopEssentiel,"['face-wash-&-cleansers', 'cleanser', 'double-cleanser']",Abuja
FACE FACTS CHARCOAL PORE NOSE STRIP,FaceFacts,2150.0,https://skinpopessentiel.com/products/face-facts-nose-strip,SkinPopEssentiel,"['mask-&-scrubs', 'mask', 'sheet-mask']",Abuja
FACE FACTS CLEAN SKIN TOWELS - 50 Towels,FaceFacts,9460.0,https://skinpopessentiel.com/products/face-fact-clean-skin-towels-50-towels,SkinPopEssentiel,['face-wash-&-cleansers'],Abuja
FACE FACTS COLLAGEN & Q10 REPLENISHING DAY CREAM,FaceFacts,4085.0,https://skinpopessentiel.com/products/face-facts-collagen-q10-replenishing-day-cream,SkinPopEssentiel,"['face-moisturizer', 'face-moisturizer']",Abuja
FACE FACTS COLLAGEN AND Q10 BODY LOTION - 400ML,FaceFacts,7310.0,https://skinpopessentiel.com/products/face-facts-collagen-and-q10-body-lotion,SkinPopEssentiel,"['body-moisturizer', 'body-lotion']",Abuja
FACE FACTS COLLAGEN LIP BALM,FaceFacts,2150.0,https://skinpopessentiel.com/products/face-facts-collagen-lip-balm,SkinPopEssentiel,"['lips', 'lip-balm']",Abuja
FACE FACTS COLLAGEN LIP BOOST - 10ML,FaceFacts,5590.0,https://skinpopessentiel.com/products/face-facts-collagen-lip-boost-10ml,SkinPopEssentiel,"['lips', 'lip-balm']",Abuja
FACE FACTS DAILY RICH RICE CREAM - 100g,FaceFacts,8600.0,https://skinpopessentiel.com/products/face-facts-daily-rich-rice-cream-100g,SkinPopEssentiel,"['face-moisturizer', 'face-cream', 'face-moisturizer']",Abuja
FACE FACTS ENHANCE GEL-CREAM CLEANSER,FaceFacts,7310.0,https://skinpopessentiel.com/products/face-facts-enhance-gel-cream-cleanser,SkinPopEssentiel,"['face-wash-&-cleansers', 'cleanser']",Abuja
FACE FACTS ENRICHING RICE MILK TONER - 150ML,FaceFacts,8600.0,https://skinpopessentiel.com/products/face-facts-enriching-rice-milk-toner,SkinPopEssentiel,"['toners-&-exfoliants', 'toner']",Abuja
FACE FACTS FIRM & RENEW POLYPEPTIDE FACIAL SERUM,FaceFacts,4085.0,https://skinpopessentiel.com/products/face-facts-firm-renew-polypeptide-facial-serum,SkinPopEssentiel,"['essence-&-serums', 'serum']",Abuja
FACE FACTS FIRM + REVITALISE COLLAGEN FACIAL SERUM,FaceFacts,4085.0,https://skinpopessentiel.com/products/face-facts-collagen-q10-replenishing-facial-serum,SkinPopEssentiel,"['essence-&-serums', 'serum']",Abuja
FACE FACTS GLOW + RESURFACE LACTIC ACID AHA SERUM,FaceFacts,4085.0,https://skinpopessentiel.com/products/face-facts-glow-resurface-lactic-acid-aha-serum-1,SkinPopEssentiel,"['essence-&-serums', 'exfoliant', 'serum']",Abuja
FACE FACTS GLOW REVIVAL CLEANSER,FaceFacts,5805.0,https://skinpopessentiel.com/products/face-facts-glow-revival-cleanser,SkinPopEssentiel,"['face-wash-&-cleansers', 'cleanser']",Abuja
FACE FACTS HYALURONIC ACID HYDRATING UNDER-EYE GEL PATCHES,FaceFacts,2580.0,https://skinpopessentiel.com/products/face-facts-hyaluronic-acid-hydrating-under-eye-gel-patches,SkinPopEssentiel,"['eye-cream-&-gel', 'eye']",Abuja
FACE FACTS HYALURONIC BODY LOTION - 400ML,FaceFacts,7095.0,https://skinpopessentiel.com/products/face-facts-hyaluronic-body-lotion,SkinPopEssentiel,"['body-moisturizer', 'body-cream', 'body-lotion']",Abuja
FACE FACTS HYALURONIC FACIAL SERUM,FaceFacts,4085.0,https://skinpopessentiel.com/products/garnier-vitamin-c-brightening-day-cream,SkinPopEssentiel,"['essence-&-serums', 'serum']",Abuja
FACE FACTS HYALURONIC HYDRATING FACE CREAM,FaceFacts,4835.0,https://skinpopessentiel.com/products/face-facts-hyaluronic-hydrating-face-cream,SkinPopEssentiel,"['face-moisturizer', 'face-moisturizer']",Abuja
FACE FACTS HYALURONIC LIP BALM,FaceFacts,2150.0,https://skinpopessentiel.com/products/face-facts-hyaluronic-lip-balm,SkinPopEssentiel,"['lips', 'lip-balm']",Abuja
FACE FACTS HYDRATING SHEET MASK,FaceFacts,2580.0,https://skinpopessentiel.com/products/face-facts-hydrating-sheet-mask,SkinPopEssentiel,"['mask-&-scrubs', 'sheet-mask']",Abuja
FACE FACTS HYDRO-WATERMELON LIP OIL - 9ML,FaceFacts,3655.0,https://skinpopessentiel.com/products/face-facts-hydro-watermelon-lip-oil,SkinPopEssentiel,"['lips', 'lip-balm']",Abuja
FACE FACTS HYDROCOLLOID BLEMISH PATCHES - BUTTERFLIES,FaceFacts,2795.0,https://skinpopessentiel.com/products/face-facts-hydrocolloid-blemish-patches-glow-in-the-dark-stars,SkinPopEssentiel,"['treatment-&-gel', 'treatment']",Abuja
FACE FACTS HYDROCOLLOID BLEMISH PATCHES - CLOUD (24 patches in 1),FaceFacts,2795.0,https://skinpopessentiel.com/products/copy-face-facts-hydrocolloid-blemish-patches-holographic-diamonds-24-patches-in-1,SkinPopEssentiel,"['treatment-&-gel', 'treatment']",Abuja
FACE FACTS HYDROCOLLOID BLEMISH PATCHES - FEELING LUCKY (24 patches in 1),FaceFacts,2795.0,https://skinpopessentiel.com/products/face-facts-hydrocolloid-blemish-patches-feeling-lucky-24-patches-in-1,SkinPopEssentiel,"['treatment-&-gel', 'treatment']",Abuja
FACE FACTS HYDROCOLLOID BLEMISH PATCHES - GLOW IN THE DARK MOONS,FaceFacts,2795.0,https://skinpopessentiel.com/products/face-facts-hydrocolloid-blemish-patches-glow-in-the-dark-moons-1,SkinPopEssentiel,"['treatment-&-gel', 'treatment']",Abuja
FACE FACTS HYDROCOLLOID BLEMISH PATCHES - GLOW IN THE DARK STARS,FaceFacts,2795.0,https://skinpopessentiel.com/products/face-facts-hydrocolloid-blemish-patches-glow-in-the-dark-stars-1,SkinPopEssentiel,"['treatment-&-gel', 'treatment']",Abuja
FACE FACTS HYDROCOLLOID BLEMISH PATCHES - HEARTS,FaceFacts,2795.0,https://skinpopessentiel.com/products/face-facts-hydrocolloid-blemish-patches-glow-in-the-dark-moons,SkinPopEssentiel,"['treatment-&-gel', 'treatment']",Abuja
FACE FACTS HYDROCOLLOID BLEMISH PATCHES - HOLOGRAPHIC DIAMONDS (24 patches in 1),FaceFacts,2795.0,https://skinpopessentiel.com/products/face-facts-hydrocolloid-blemish-patches-holographic-diamonds-24-patches-in-1,SkinPopEssentiel,"['treatment-&-gel', 'treatment']",Abuja
FACE FACTS HYDROCOLLOID BLEMISH PATCHES - RED HEART,FaceFacts,2795.0,https://skinpopessentiel.com/products/face-facts-hydrocolloid-blemish-patches-red-heart,SkinPopEssentiel,"['treatment-&-gel', 'treatment']",Abuja
FACE FACTS HYDROCOLLOID BLEMISH PATCHES - STARS (24 patches in 1),FaceFacts,2795.0,https://skinpopessentiel.com/products/face-facts-hydrocolloid-blemish-patches-feeling-lucky,SkinPopEssentiel,"['treatment-&-gel', 'treatment']",Abuja
FACE FACTS KOJIC ACID BODY LOTION WITH RETINOL - 400ML (damaged box discount),FaceFacts,6450.0,https://skinpopessentiel.com/products/face-facts-kojic-acid-body-lotion-with-retinol,SkinPopEssentiel,"['body-moisturizer', 'body-cream', 'body-lotion']",Abuja
FACE FACTS MANGO BUTTER AND CAFFEINE BODY SOUFFLE MOISTURISER,FaceFacts,6342.0,https://skinpopessentiel.com/products/face-facts-mango-butter-and-caffeine-body-souffle,SkinPopEssentiel,"['body-moisturizer', 'body-cream', 'body-lotion']",Abuja
FACE FACTS MELLOW MANGO LIP SCRUB,FaceFacts,3440.0,https://skinpopessentiel.com/products/face-facts-strawberry-lip-scrub-1,SkinPopEssentiel,"['lips', 'lip-balm']",Abuja
FACE FACTS MULTIBIOTIC DAILY DEFENCE FACIAL SERUM,FaceFacts,8170.0,https://skinpopessentiel.com/products/face-facts-multibiotic-daily-defence-facial-serum,SkinPopEssentiel,"['essence-&-serums', 'serum']",Abuja
FACE FACTS NIACINAMIDE CLEANSER,FaceFacts,6235.0,https://skinpopessentiel.com/products/face-facts-niacinamide-cleanser,SkinPopEssentiel,"['face-wash-&-cleansers', 'cleanser']",Abuja
FACE FACTS PEPTIDE LIP TREATMENT SERUM - BUTTERCREAM DREAM,FaceFacts,3870.0,https://skinpopessentiel.com/products/face-facts-peptide-lip-serum-buttercream-dream,SkinPopEssentiel,"['lips', 'lip-balm']",Abuja
FACE FACTS PEPTIDE LIP TREATMENT SERUM - CANDY KISS,FaceFacts,3870.0,https://skinpopessentiel.com/products/face-facts-peptide-lip-serum-candy-kiss,SkinPopEssentiel,"['lips', 'lip-balm']",Abuja
FACE FACTS PRETTY MOISTURISING LIP BALM (2 in pack),FaceFacts,2150.0,https://skinpopessentiel.com/products/face-facts-pretty-moisturizing-lip-balm-2-in-pack,SkinPopEssentiel,"['lips', 'lip-balm']",Abuja
FACE FACTS PROTECTING GRAPE LIP OIL - 9ML,FaceFacts,3655.0,https://skinpopessentiel.com/products/face-facts-protecting-grape-lip-oil,SkinPopEssentiel,"['lips', 'lip-balm']",Abuja
FACE FACTS RENEW & RADIANCE RETINOL FACIAL SERUM,FaceFacts,4085.0,https://skinpopessentiel.com/products/facefacts-renew-radiance-retinol-facial-serum,SkinPopEssentiel,"['essence-&-serums', 'serum']",Abuja
FACE FACTS RESTORE & CLARIFY SALICYLIC ACID FACIAL SERUM,FaceFacts,4085.0,https://skinpopessentiel.com/products/facefacts-restore-clarify-salicylic-acid-facial-serum-1,SkinPopEssentiel,"['essence-&-serums', 'exfoliant', 'serum']",Abuja
FACE FACTS REVIVE & BRIGHTEN ENERGISING CAFFEINE FACIAL SERUM,FaceFacts,4085.0,https://skinpopessentiel.com/products/facefacts-revive-brighten-energising-caffeine-facial-serum-1,SkinPopEssentiel,"['essence-&-serums', 'serum']",Abuja
FACE FACTS RICE EXTRACT ULTRA GLOW RICE CLAY MASK,FaceFacts,8600.0,https://skinpopessentiel.com/products/face-facts-rice-extract-ultra-glow-rice-clay-mask,SkinPopEssentiel,"['mask-&-scrubs', 'mask']",Abuja
FACE FACTS SCỦỦP RASPBERRY RIPPLE SUGAR BODY SCRUB,FaceFacts,4730.0,https://skinpopessentiel.com/products/face-facts-scủủp-raspberry-ripple-sugar-body-scrub,SkinPopEssentiel,"['mask-&-scrubs', 'body-scrub']",Abuja
FACE FACTS SMOOTHING PEACH LIP OIL - 9ML,FaceFacts,3655.0,https://skinpopessentiel.com/products/face-facts-smoothing-peach-lip-oil,SkinPopEssentiel,"['lips', 'lip-balm']",Abuja
FACE FACTS SNAIL MUCIN 4 IN 1 ADVANCE GEL CREAM - 100g,FaceFacts,8600.0,https://skinpopessentiel.com/products/face-facts-snail-mucim-4-in-1-advance-gel-cream-100g,SkinPopEssentiel,"['face-moisturizer', 'face-cream', 'face-moisturizer']",Abuja
FACE FACTS SNAIL MUCIN HYDRA SMOOTH EYE CREAM,FaceFacts,8600.0,https://skinpopessentiel.com/products/face-facts-snail-mucin-hydra-smooth-eye-cream,SkinPopEssentiel,"['eye-cream-&-gel', 'eye']",Abuja
FACE FACTS SNAIL MUCIN JELLY REFRESH CLEANSER - 200ML,FaceFacts,8600.0,https://skinpopessentiel.com/products/face-facts-snail-mucin-jelly-refresh-cleanser,SkinPopEssentiel,"['face-wash-&-cleansers', 'cleanser']",Abuja
FACE FACTS SNAIL MUCIN MULTI-BENEFIT BIO-CELLULOSE MASK,FaceFacts,3870.0,https://skinpopessentiel.com/products/face-facts-soothing-rice-oil-cleanser-150ml,SkinPopEssentiel,"['mask-&-scrubs', 'mask', 'sheet-mask']",Abuja
FACE FACTS SNAIL MUCIN PLUMP REVIVAL SERUM,FaceFacts,8600.0,https://skinpopessentiel.com/products/face-facts-snail-mucin-plump-revival-serum,SkinPopEssentiel,"['essence-&-serums', 'serum']",Abuja
FACE FACTS SOOTHE + GLOW NIACINAMIDE SERUM,FaceFacts,4730.0,https://skinpopessentiel.com/products/face-facts-soothe-glow-niacinamide-serum,SkinPopEssentiel,"['essence-&-serums', 'serum']",Abuja
FACE FACTS SOOTHE PUFFY TIRED EYES UNDER-EYE GEL PATCHES,FaceFacts,2580.0,https://skinpopessentiel.com/products/face-facts-soothe-puffy-tired-eyes-under-eye-gel-patches,SkinPopEssentiel,"['eye-cream-&-gel', 'eye']",Abuja
FACE FACTS SOOTHING FACIAL TONER,FaceFacts,4945.0,https://skinpopessentiel.com/products/face-facts-soothing-facial-toner,SkinPopEssentiel,"['toners-&-exfoliants', 'toner']",Abuja
FACE FACTS SOOTHING RICE OIL CLEANSER - 150ML,FaceFacts,8600.0,https://skinpopessentiel.com/products/face-facts-soothing-rice-oil-cleanser-150ml-1,SkinPopEssentiel,"['face-wash-&-cleansers', 'cleanser', 'cleansing-oil']",Abuja
FACE FACTS SOOTHING SHEET MASK,FaceFacts,1935.0,https://skinpopessentiel.com/products/garnier-vitamin-c-2-in-1-brightening-serum-cream-2,SkinPopEssentiel,"['mask-&-scrubs', 'serum', 'sheet-mask']",Abuja
FACE FACTS STRAWBERRY LIP SCRUB,FaceFacts,3440.0,https://skinpopessentiel.com/products/face-facts-strawberry-lip-scrub,SkinPopEssentiel,"['lips', 'lip-balm']",Abuja
FACE FACTS TARGET DARK CIRCLES UNDER-EYE GEL PATCHES,FaceFacts,2580.0,https://skinpopessentiel.com/products/face-facts-hyaluronic-acid-hydrating-under-eye-gel-patches-1,SkinPopEssentiel,"['eye-cream-&-gel', 'eye']",Abuja
FACE FACTS TEA TREE NOSE STRIPS,FaceFacts,2150.0,https://skinpopessentiel.com/products/face-facts-tea-tree-nose-strips,SkinPopEssentiel,"['mask-&-scrubs', 'sheet-mask']",Abuja
FACE FACTS THE GLOW ROUTINE - GEL CLEANSER,FaceFacts,4730.0,https://skinpopessentiel.com/products/face-facts-the-glow-routine-superfood-gel-cleanser,SkinPopEssentiel,"['face-wash-&-cleansers', 'cleanser']",Abuja
FACE FACTS THE GLOW ROUTINE - HYALURONIC HYDRA GEL CREAM,FaceFacts,4515.0,https://skinpopessentiel.com/products/face-facts-the-glow-routine-hyaluronic-hydra-gel-cream,SkinPopEssentiel,"['face-moisturizer', 'face-cream', 'face-moisturizer']",Abuja
FACE FACTS THE GLOW ROUTINE - PEPTIDE FIRMING EYE GEL,FaceFacts,4289.0,https://skinpopessentiel.com/products/face-facts-the-glow-routine-peptide-firming-eye-gel,SkinPopEssentiel,"['eye-cream-&-gel', 'eye']",Abuja
FACE FACTS THE GLOW ROUTINE - SUPERBERRY RADIANCE SERUM,FaceFacts,4085.0,https://skinpopessentiel.com/products/face-facts-the-glow-routine-superberry-radiance-serum,SkinPopEssentiel,"['essence-&-serums', 'serum']",Abuja
FACE FACTS VITAMIN C BODY LOTION 400ML,FaceFacts,7740.0,https://skinpopessentiel.com/products/face-facts-vitamin-c-body-lotion-400ml,SkinPopEssentiel,"['body-moisturizer', 'body-lotion']",Abuja
FACE FACTS VITAMIN C BRIGHTENING EYE CREAM,FaceFacts,4085.0,https://skinpopessentiel.com/products/face-facts-vitamin-c-brightening-eye-cream,SkinPopEssentiel,"['eye-cream-&-gel', 'eye']",Abuja
FACE FACTS VITAMIN C BRIGHTENING FACE CREAM,FaceFacts,4085.0,https://skinpopessentiel.com/products/face-facts-vitamin-c-brightening-face-cream,SkinPopEssentiel,"['face-moisturizer', 'face-cream', 'face-moisturizer']",Abuja
FACE FACTS VITAMIN C BRIGHTENING FACIAL MIST 100ML,FaceFacts,3225.0,https://skinpopessentiel.com/products/face-facts-vitamin-c-brightening-facial-mist-100ml,SkinPopEssentiel,"['toners-&-exfoliants', 'mist', 'toner']",Abuja
FACE FACTS VITAMIN C BRIGHTENING JELLY CLEANSER 150ML,FaceFacts,4730.0,https://skinpopessentiel.com/products/face-facts-vitamin-c-brightening-jelly-cleanser-150ml,SkinPopEssentiel,"['face-wash-&-cleansers', 'cleanser']",Abuja
FACE FACTS VITAMIN C BRIGHTENING SHEET MASK,FaceFacts,2580.0,https://skinpopessentiel.com/products/face-facts-vitamin-c-cream,SkinPopEssentiel,"['mask-&-scrubs', 'sheet-mask']",Abuja
FACE FACTS VITAMIN C LIP BALM,FaceFacts,2150.0,https://skinpopessentiel.com/products/face-facts-vitamin-c-lip-balm,SkinPopEssentiel,"['lips', 'lip-balm']",Abuja
FACE FACTS VITAMIN C SERUM 30ML,FaceFacts,4085.0,https://skinpopessentiel.com/products/facefacts-vitamin-c-serum,SkinPopEssentiel,"['essence-&-serums', 'serum']",Abuja
FACE FACTS WITCH HAZEL PORE CLEANSING NOSE STRIPS,FaceFacts,2150.0,https://skinpopessentiel.com/products/face-facts-witch-hazel-pore-cleansing-nose-strips,SkinPopEssentiel,"['mask-&-scrubs', 'mask', 'sheet-mask']",Abuja
FACE FACTS WONDER BLOTTING PAPERS,FaceFacts,2365.0,https://skinpopessentiel.com/products/face-facts-blotting-papers,SkinPopEssentiel,['mask-&-scrubs'],Abuja
FACE FACTS WONDER CREAM,FaceFacts,7955.0,https://skinpopessentiel.com/products/face-facts-wonder-cream,SkinPopEssentiel,"['face-moisturizer', 'face-cream', 'face-moisturizer']",Abuja
FACE FACTS WRINKLE CARE UNDER-EYE GEL PATCHES,FaceFacts,2580.0,https://skinpopessentiel.com/products/face-facts-gel-eye-patches,SkinPopEssentiel,"['eye-cream-&-gel', 'eye']",Abuja
FACEFACTS CERAMIDE HYDRATING BODY WASH - 400ML,FaceFacts,7095.0,https://skinpopessentiel.com/products/untitled-22feb_18-56,SkinPopEssentiel,"['body-wash', 'body-wash']",Abuja
FACETHEORY Amil-C Whip Daily Defense Moisturizer,Facetheory,18812.0,https://skinpopessentiel.com/products/facetheory-amil-c-whip-daily-defense-moisturizer,SkinPopEssentiel,"['face-moisturizer', 'face-cream', 'face-moisturizer']",Abuja
"FACETHEORY Amil-C Whip M5 SPF 20-
with 5% Niacinamide and Dual Action Vitamin C",Facetheory,12362.0,https://skinpopessentiel.com/products/facetheory-bakuluronic-moisturizer-1,SkinPopEssentiel,"['face-moisturizer', 'face-cream', 'face-moisturizer']",Abuja
FACETHEORY BHA EXFOLIATING SERUM S3,Facetheory,19242.0,https://skinpopessentiel.com/products/facetheory-bha-exfoliating-serum-s3-1,SkinPopEssentiel,"['essence-&-serums', 'exfoliant', 'serum']",Abuja
"FACETHEORY CLARIFYING CLEANSER WITH GLYCOLIC, SALICYLIC & LACTIC ACID",Facetheory,14190.0,https://skinpopessentiel.com/products/facetheory-clarifying-cleanser-c2-with-glycolic-acid-salicylic-acid-lactic-acid,SkinPopEssentiel,"['face-wash-&-cleansers', 'cleanser']",Abuja
FACETHEORY EXAGLOW SERUM,Facetheory,16662.0,https://skinpopessentiel.com/products/facetheory-exaglow-serum,SkinPopEssentiel,"['essence-&-serums', 'serum']",Abuja
FACETHEORY LUMIZELA AZELAIC ACID SERUM A15,Facetheory,18812.0,https://skinpopessentiel.com/products/facetheory-lumizela-azelaic-acid-serum-a15,SkinPopEssentiel,"['essence-&-serums', 'serum']",Abuja
FACETHEORY POREBRIGHT SERUM N10,Facetheory,14942.0,https://skinpopessentiel.com/products/facetheory-porebright-serum-n10,SkinPopEssentiel,"['essence-&-serums', 'serum']",Abuja
FACETHEORY REGENA C20 VITAMIN C SERUM,Facetheory,16017.0,https://skinpopessentiel.com/products/regena-c20-vitamin-c-serum,SkinPopEssentiel,"['essence-&-serums', 'serum']",Abuja
FACETHEORY REGENA-C MOISTURISER M4,Facetheory,13437.0,https://skinpopessentiel.com/products/facetheory-regena-c-moisturiser-m4,SkinPopEssentiel,"['face-moisturizer', 'face-cream', 'face-moisturizer']",Abuja
FACETHEORY RELAXING NIGHT CREAM M10,Facetheory,13437.0,https://skinpopessentiel.com/products/facetheory-relaxing-night-cream-m10,SkinPopEssentiel,"['face-moisturizer', 'face-cream', 'face-moisturizer']",Abuja
FACETHEORY SALIATICA 2% BHA EXFOLIANT T6 200ML,Facetheory,15587.0,https://skinpopessentiel.com/products/facetheory-saliatica-2-bha-exfoliant-t6,SkinPopEssentiel,"['toners-&-exfoliants', 'exfoliant', 'toner']",Abuja
FACETHEORY SUPERGEL OIL-FREE MOISTURISER M3 FOR OILY AND ACNE-PRONE SKIN,Facetheory,15587.0,https://skinpopessentiel.com/products/facetheory-supergel-oil-free-moisturiser-m3-for-oily-and-acne-prone-skin,SkinPopEssentiel,"['face-moisturizer', 'face-cream', 'face-moisturizer']",Abuja
FACETHEORY VITAMIN C CREAM CLEANSER,Facetheory,11287.0,https://skinpopessentiel.com/products/facetheory-amil-c-whip-m5-spf-20-with-5-niacinamide-and-dual-action-vitamin-c,SkinPopEssentiel,"['face-wash-&-cleansers', 'cleanser']",Abuja
FRUDIA GREEN GRAPE SEBUM CONTROL COOLING SUN GEL SPF50,Frudia,9664.0,https://skinpopessentiel.com/products/frudia-green-grape-sebum-control-cooling-sun-gel-spf50-pa-50g,SkinPopEssentiel,"['sunscreen', 'sunscreen']",Abuja
FRUDIA ULTRA UV SHIELD SUN ESSENCE SPF50,Frudia,5590.0,https://skinpopessentiel.com/products/frudia-ultra-uv-shield-sun-essence-spf50,SkinPopEssentiel,"['sunscreen', 'sunscreen']",Abuja
GARDEN OF WISDOM (GOW)- ALPHA ARBUTIN 2% AND KOJIC ACID 1% SERUM,Garden of Wisdom,18920.0,https://skinpopessentiel.com/products/garden-of-wisdom-gow-alpha-arbutin-2-and-kojic-acid-1-serum-2,SkinPopEssentiel,"['essence-&-serums', 'serum', 'treatment']",Abuja
GARDEN OF WISDOM (GOW)- VITAMIN C SERUM 23% + FERULIC ACID,Garden of Wisdom,11287.0,https://skinpopessentiel.com/products/copy-of-garden-of-wisdom-gow-hyaluronic-acid-serum,SkinPopEssentiel,"['essence-&-serums', 'serum', 'treatment']",Abuja
GARNIER 3.5% VITAMIN C BRIGHTENING SERUM - 30ML,Garnier,19780.0,https://skinpopessentiel.com/products/garnier-3-5-vitamin-c-niacinamide-salicylic-acid-brightening-and-anti-dark-spot-serum-30ml,SkinPopEssentiel,"['essence-&-serums', 'serum']",Abuja
GARNIER 7 DAYS INTENSIVE NOURISHING HAND CREAM,Garnier,6450.0,https://skinpopessentiel.com/products/garnier-7-days-intensive-nourishing-hand-cream,SkinPopEssentiel,"['hand-cream', 'hand-cream']",Abuja
GARNIER AMBRE SOLAIRE ANTI-DARK SPOTS & ANTI-POLLUTION SUPER UV PROTECTION FLUID,Garnier,14512.0,https://skinpopessentiel.com/products/garnier-ambre-solaire-anti-dark-spots-anti-pollution-super-uv-protection-fluid,SkinPopEssentiel,"['sunscreen', 'sunscreen']",Abuja
GARNIER BRIGHT COMPLETE BRIGHTENING REPAIRING MILK LOTION- 400ML,Garnier,9890.0,https://skinpopessentiel.com/products/garnier-bright-complete-brightening-milk-400ml,SkinPopEssentiel,"['body-moisturizer', 'body-lotion']",Abuja
GARNIER BRIGHT COMPLETE VITAMIN C BODY SERUM LOTION,Garnier,9890.0,https://skinpopessentiel.com/products/untitled-3sept_16-53,SkinPopEssentiel,"['body-moisturizer', 'body-lotion']",Abuja
GARNIER EVEN & BRIGHT 10% PURE VITAMIN C NIGHT BOOSTER SERUM - 30ML,Garnier,19780.0,https://skinpopessentiel.com/products/garnier-even-bright-10-pure-vitamin-c-night-serum-30ml,SkinPopEssentiel,"['essence-&-serums', 'serum']",Abuja
GARNIER EVEN & MATTE EVEN AND MATTE DARK SPOT CORRECTOR,Garnier,6880.0,https://skinpopessentiel.com/products/garnier-even-matte-even-and-matte-dark-spot-corrector,SkinPopEssentiel,"['treatment-&-gel', 'treatment']",Abuja
GARNIER EVEN & MATTE EVEN AND MATTE VITAMIN C BOOSTER SERUM,Garnier,7310.0,https://skinpopessentiel.com/products/garnier-even-matte-even-and-matte-vitamin-c-booster-serum-15ml,SkinPopEssentiel,"['essence-&-serums', 'serum']",Abuja
GARNIER EVEN & MATTE GENTLE CLARIFYING FOAM 100ML,Garnier,5805.0,https://skinpopessentiel.com/products/garnier-even-matte-gentle-clarifying-foam-100ml,SkinPopEssentiel,"['face-wash-&-cleansers', 'cleanser']",Abuja
GARNIER EVEN & MATTE VITAMIN C PROTECTION DAY CREAM SPF30 - 50ML,Garnier,8385.0,https://skinpopessentiel.com/products/garnier-even-matte-vitamin-c-protection-day-cream-spf30,SkinPopEssentiel,"['face-moisturizer', 'face-moisturizer', 'sunscreen']",Abuja
GARNIER INTENSIVE RESTORING HAND CREAM,Garnier,6880.0,https://skinpopessentiel.com/products/garnier-intensive-restori-hand-cream,SkinPopEssentiel,"['hand-cream', 'hand-cream']",Abuja
GARNIER MICELLAR PURIFYING CHARCOAL AND SALICYLIC ACID CLEANSING JELLY WATER 400ML,Garnier,9245.0,https://skinpopessentiel.com/products/garnier-micellar-purifying-charcoal-and-salicylic-acid-cleansing-jelly-water-400ml,SkinPopEssentiel,"['face-wash-&-cleansers', 'micellar-water']",Abuja
"GARNIER PURE ACTIVE 3-IN-1 CLAY MASK-WASH-SCRUB, FACE CLEANSER",Garnier,11395.0,https://skinpopessentiel.com/products/garnier-pure-active-3-in-1-clay-mask-wash-scrub-face-cleanser,SkinPopEssentiel,"['mask-&-scrubs', 'cleanser', 'mask']",Abuja
GARNIER PURE ACTIVE 3IN1 CHARCOAL - 150ML,Garnier,12470.0,https://skinpopessentiel.com/products/garnier-pure-active-3in1-charcoal-150ml,SkinPopEssentiel,"['face-wash-&-cleansers', 'cleanser', 'scrub']",Abuja
GARNIER PURE ACTIVE AHA+BHA CHARCOAL ANTI-BLEMISH SERUM - 30ML,Garnier,11825.0,https://skinpopessentiel.com/products/untitled-30jan_18-29,SkinPopEssentiel,"['essence-&-serums', 'serum']",Abuja
GARNIER SAKURA GLOW HYALURON BODY SERUM LOTION 400ML,Garnier,9890.0,https://skinpopessentiel.com/products/garnier-sakura-glow-hyaluron-body-serum-lotion-uv-400ml,SkinPopEssentiel,"['body-moisturizer', 'body-cream', 'body-lotion']",Abuja
GARNIER SKINACTIVE MICELLAR CLEANSING WATER,Garnier,5805.0,https://skinpopessentiel.com/products/garnier-skinactive-micellar-cleansing-water,SkinPopEssentiel,"['face-wash-&-cleansers', 'double-cleanser', 'micellar-water']",Abuja
GARNIER VITAMIN C 2 IN 1 BRIGHTENING SERUM CREAM,Garnier,15480.0,https://skinpopessentiel.com/products/garnier-vitamin-c-2-in-1-brightening-serum-cream-3,SkinPopEssentiel,"['essence-&-serums', 'serum']",Abuja
GARNIER VITAMIN C 48 HR NUTRI-GLOW SUPERFOOD CREAM,Garnier,16985.0,https://skinpopessentiel.com/products/garnier-vitamin-c-48-hr-nutri-glow-superfood-cream,SkinPopEssentiel,"['body-moisturizer', 'body-cream']",Abuja
GARNIER VITAMIN C BRIGHTENING DAY CREAM,Garnier,13330.0,https://skinpopessentiel.com/products/garnier-vitamin-c-brightening-day-cream-1,SkinPopEssentiel,"['face-moisturizer', 'face-cream', 'face-moisturizer']",Abuja
GARNIER VITAMIN C CLARIFYING FACE WASH,Garnier,9460.0,https://skinpopessentiel.com/products/garnier-vitamin-c-clarifying-face-wash-1,SkinPopEssentiel,"['face-wash-&-cleansers', 'cleanser']",Abuja
GLAMFOX GLOWING & MOISTURIZING RICE NIACINAMIDE BODY WASH - 500ML,Glamfox,12900.0,https://skinpopessentiel.com/products/glamfox-glowing-moisturizing-rice-niacinamide-body-wash-500ml,SkinPopEssentiel,"['body-wash', 'body-wash']",Abuja
GLAMFOX RICE NIACINAMIDE BODY LOTION - 500ML,Glamfox,12900.0,https://skinpopessentiel.com/products/glamfox-body-lotion,SkinPopEssentiel,"['body-moisturizer', 'body-lotion']",Abuja
GLAMFOX RICE NIACINAMIDE FACE SERUM,Glamfox,11825.0,https://skinpopessentiel.com/products/glamfox-rice-niacinamide-face-serum,SkinPopEssentiel,"['essence-&-serums', 'serum']",Abuja
GLAMFOX RICE NIACINAMIDE FOAMING CLEANSER,Glamfox,10535.0,https://skinpopessentiel.com/products/glamfox-rice-niacinamide-foaming-cleanser,SkinPopEssentiel,"['face-wash-&-cleansers', 'cleanser']",Abuja
GLAMFOX RICE NIACINAMIDE GLOWING & MOISTURIZING TONER - 500ML,Glamfox,14405.0,https://skinpopessentiel.com/products/glamfox-rice-niacinamide-glowing-moisturizing-toner,SkinPopEssentiel,"['toners-&-exfoliants', 'toner']",Abuja
GLAMFOX RICE NIACINAMIDE SUNSCREEN,Glamfox,11825.0,https://skinpopessentiel.com/products/untitled-4mar_04-00,SkinPopEssentiel,"['sunscreen', 'sunscreen']",Abuja
GLYCO-12% GLYCOLIC ACID TREATMENT CREAM,Micro,9140.0,https://skinpopessentiel.com/products/glyco-12-cream,SkinPopEssentiel,"['treatment-&-gel', 'treatment']",Abuja
GOLD BOND AGE RENEW RETINOL OVERNIGHT BODY & FACE LOTION,Gold Bond,18812.0,https://skinpopessentiel.com/products/gold-bond-age-renew-retinol-overnight-body-face-lotion,SkinPopEssentiel,"['body-moisturizer', 'body-cream', 'body-lotion']",Abuja
GOLD BOND AGE RENEW STRENGTH & RESILIENCE BODY FIRMING LOTION,Gold Bond,16662.0,https://skinpopessentiel.com/products/gold-bond-age-renew-strength-resilience-body-firming-lotion,SkinPopEssentiel,"['body-moisturizer', 'body-cream', 'body-lotion']",Abuja
GOLD BOND BODY BRIGHT DAILY BODY & FACE LOTION,Gold Bond,15587.0,https://skinpopessentiel.com/products/gold-bond-body-bright-daily-body-face-lotion,SkinPopEssentiel,"['body-moisturizer', 'body-lotion', 'face-cream', 'face-moisturizer']",Abuja
GOLD BOND OVERNIGHT DEEP MOISTURIZING BODY LOTION,Gold Bond,14512.0,https://skinpopessentiel.com/products/untitled-jan17_16-17,SkinPopEssentiel,"['body-moisturizer', 'body-cream', 'body-lotion']",Abuja
GOLD BOND ULTIMATE HEALING SKIN THERAPY LOTION,Gold Bond,5912.0,https://skinpopessentiel.com/products/gold-bond-ultimate-healing-skin-therapy-lotion,SkinPopEssentiel,"['body-moisturizer', 'body-lotion']",Abuja
GOLD BOND ULTIMATE MEN'S ESSENTIAL HYDRATING LOTION 411G,Gold Bond,7417.0,https://skinpopessentiel.com/products/gold-bond-ultimate-hydrating-lotion-shaq-size,SkinPopEssentiel,"['body-moisturizer', 'body-lotion']",Abuja
GOOD MOLECULES 5% NIACINAMIDE SERUM WITH ECTOIN,Good Molecules,13545.0,https://skinpopessentiel.com/products/good-molecules,SkinPopEssentiel,"['essence-&-serums', 'serum']",Abuja
GOOD MOLECULES BHA CLARIFY GEL CREAM,Good Molecules,12900.0,https://skinpopessentiel.com/products/good-molecules-bha-clarify-gel-cream,SkinPopEssentiel,"['face-moisturizer', 'exfoliant', 'face-cream', 'face-moisturizer']",Abuja
GOOD MOLECULES BRIGHTENING AND DARK SPOTS BAR,Good Molecules,13760.0,https://skinpopessentiel.com/products/good-molecules-2,SkinPopEssentiel,"['face-wash-&-cleansers', 'cleanser']",Abuja
GOOD MOLECULES CLARIFY AND CLEANSE BAR,Good Molecules,4622.0,https://skinpopessentiel.com/products/good-molecules-clarify-and-cleanse-bar,SkinPopEssentiel,"['face-wash-&-cleansers', 'cleanser']",Abuja
GOOD MOLECULES DAILY BRIGHTENING SERUM,Good Molecules,13975.0,https://skinpopessentiel.com/products/good-molecules-daily-brightening-serum,SkinPopEssentiel,"['essence-&-serums', 'serum']",Abuja
GOOD MOLECULES DISCOLORATION BODY TREATMENT,Good Molecules,21070.0,https://skinpopessentiel.com/products/good-molecules-discolouration-body-treatment,SkinPopEssentiel,"['treatment-&-gel', 'body-cream', 'body-lotion', 'treatment']",Abuja
GOOD MOLECULES DISCOLORATION SERUM,Good Molecules,17415.0,https://skinpopessentiel.com/products/good-molecules-discoloration-serum,SkinPopEssentiel,"['essence-&-serums', 'serum']",Abuja
GOOD MOLECULES GENTLE RETINOL CREAM,Good Molecules,13330.0,https://skinpopessentiel.com/products/good-molecules-gentle-retinol-cream,SkinPopEssentiel,"['face-moisturizer', 'face-cream', 'face-moisturizer']",Abuja
GOOD MOLECULES GLYCOLIC EXFOLIATING TONER,Good Molecules,21930.0,https://skinpopessentiel.com/products/good-molecules-glycolic-exfoliating-toner,SkinPopEssentiel,"['toners-&-exfoliants', 'exfoliant', 'toner']",Abuja
GOOD MOLECULES HYALURONIC ACID SERUM,Good Molecules,11825.0,https://skinpopessentiel.com/products/good-molecules-hyaluronic-acid-serum,SkinPopEssentiel,"['essence-&-serums', 'serum']",Abuja
GOOD MOLECULES HYDRATING GEL MOISTURIZER WITH ELECTROLYTES,Good Molecules,14835.0,https://skinpopessentiel.com/products/good-molecules-hydrating-gel-moisturizer-with-electrolytes,SkinPopEssentiel,"['face-moisturizer', 'face-cream', 'face-moisturizer']",Abuja
GOOD MOLECULES LIGHTWEIGHT DAILY MOISTURIZER - 100ML,Good Molecules,16985.0,https://skinpopessentiel.com/products/good-molecules-1,SkinPopEssentiel,"['face-moisturizer', 'face-moisturizer']",Abuja
GOOD MOLECULES MANDELIC ACID SERUM,Good Molecules,15480.0,https://skinpopessentiel.com/products/product-1,SkinPopEssentiel,"['essence-&-serums', 'serum']",Abuja
GOOD MOLECULES NIACINAMIDE BRIGHTENING TONER,Good Molecules,11825.0,https://skinpopessentiel.com/products/good-molecules-niacinamide-brightening-toner-120ml,SkinPopEssentiel,"['toners-&-exfoliants', 'toner']",Abuja
GOOD MOLECULES NIACINAMIDE SERUM,Good Molecules,11825.0,https://skinpopessentiel.com/products/good-molecules-niacinamide-serum,SkinPopEssentiel,"['essence-&-serums', 'serum']",Abuja
GOOD MOLECULES OVERNIGHT EXFOLIATING TREATMENT,Good Molecules,11825.0,https://skinpopessentiel.com/products/good-molecules-overnight-exfoliating-treatment,SkinPopEssentiel,"['toners-&-exfoliants', 'exfoliant']",Abuja
GOOD MOLECULES YERBA MATE WAKE UP EYE GEL,Good Molecules,11825.0,https://skinpopessentiel.com/products/good-molecules-yerba-mate-wake-up-eye-gel,SkinPopEssentiel,"['eye-cream-&-gel', 'eye']",Abuja
GOODAL GREEN TANGERINE VITA C DARK SPOT SERUM 40ML,Goodal,24725.0,https://skinpopessentiel.com/products/goodal-green-tangerine-vita-c-dark-spot-serum-40ml,SkinPopEssentiel,"['essence-&-serums', 'serum']",Abuja
HADA LABO GOKUJUN ALL IN ONE UV WHITE GEL SPF50+,Rohto,16114.0,https://skinpopessentiel.com/products/hadalabo-gokujun-all-in-one-uv-white-gel-spf50,SkinPopEssentiel,"['sunscreen', 'sunscreen']",Abuja
HADA LABO GOKUJYUN CLEANSING OIL,Hada Labo,14835.0,https://skinpopessentiel.com/products/hada-labo-gokujyun-oil-cleansing-200ml,SkinPopEssentiel,"['face-wash-&-cleansers', 'cleansing-oil', 'double-cleanser']",Abuja
HADA LABO GOKUJYUN OIL CLEANSING REFILL 180ML,Hada Labo,7955.0,https://skinpopessentiel.com/products/hada-labo-gokujyun-oil-cleansing-refill-200ml,SkinPopEssentiel,"['face-wash-&-cleansers', 'cleansing-oil', 'double-cleanser']",Abuja
HADA LABO GOKUJYUN PREMIUM HYALURONIC HYDRATING MILKY EMULSION (MOISTURIZER) 140ML,Hada Labo,9137.0,https://skinpopessentiel.com/products/copy-of-hada-labo-gokujyun-hyaluronic-acid-emulsion,SkinPopEssentiel,"['essence-&-serums', 'emulsion', 'face-moisturizer']",Abuja
HADA LABO GOKUJYUN PREMIUM HYDRATING LOTION (ESSENCE/SERUM) 170ML,Hada Labo,14400.0,https://skinpopessentiel.com/products/hadalabo-gokujyun-premium-hyaluron-hydrating-lotion-toner-essence-170ml,SkinPopEssentiel,"['essence-&-serums', 'essence', 'serum', 'toner']",Abuja
HADA LABO GOKUJYUN PREMIUM LOTION REFILL 170ML,Hada Labo,8546.0,https://skinpopessentiel.com/products/hada-labo-gokujyun-premium-lotion-refill-170ml,SkinPopEssentiel,"['essence-&-serums', 'essence', 'serum', 'toner']",Abuja
HADA LABO GOKUJYUN PREMIUM MILKY EMULSION REFILL 140ML,Hada Labo,8546.0,https://skinpopessentiel.com/products/copy-of-hada-labo-gokujyun-premium-milky-emulsion-refill-140ml,SkinPopEssentiel,"['face-moisturizer', 'face-cream', 'face-moisturizer']",Abuja
HADA LABO SHIROJYUN PREMIUM WHITENING LOTION (ESSENCE/SERUM) 170ML,Hada Labo,17845.0,https://skinpopessentiel.com/products/hada-labo-shirojyun-premium-whitening-lotion-serum-toner-essence-170ml,SkinPopEssentiel,"['essence-&-serums', 'essence', 'serum', 'toner']",Abuja
HADA LABO SHIROJYUN PREMIUM WHITENING LOTION/SERUM/ESSENCE REFILL 170ML,Hada Labo,8546.0,https://skinpopessentiel.com/products/rohto-hada-labo-shirojyun-premium-whitening-lotion-refill-170ml-1,SkinPopEssentiel,"['essence-&-serums', 'essence', 'serum', 'toner']",Abuja
HADA LABO SHIROJYUN PREMIUM WHITENING MILK (EMULSION/MOISTURIZER) 140ML,Hada Labo,9137.0,https://skinpopessentiel.com/products/hada-labo-shirojyun-premium-whitening-milk-emulsion-moisturizer-140ml,SkinPopEssentiel,"['essence-&-serums', 'emulsion', 'face-moisturizer']",Abuja
HADA LABO SHIROJYUN PREMIUM WHITENING MILKY LOTION REFILL 140ML,Hada Labo,8546.0,https://skinpopessentiel.com/products/rohto-hada-labo-shirojyun-premium-whitening-lotion-refill-170ml,SkinPopEssentiel,"['face-moisturizer', 'emulsion', 'face-moisturizer']",Abuja
HARUHARU WONDER BLACK RICE BAKUCHIOL EYE CREAM 20ML,HaruHaru Wonder,8062.0,https://skinpopessentiel.com/products/haruharu-wonder-black-rice-bakuchiol-eye-cream-20ml,SkinPopEssentiel,"['eye-cream-&-gel', 'eye']",Abuja
HARUHARU WONDER BLACK RICE HYALURONIC CREAM,HaruHaru Wonder,13975.0,https://skinpopessentiel.com/products/haruharu-wonder-black-rice-hyaluronic-cream,SkinPopEssentiel,"['face-moisturizer', 'face-moisturizer']",Abuja
HARUHARU WONDER BLACK RICE HYALURONIC CREAM 50ML (UNSCENTED),HaruHaru Wonder,8815.0,https://skinpopessentiel.com/products/haruharu-wonder-black-rice-hyaluronic-cream-50ml-unscented,SkinPopEssentiel,"['face-moisturizer', 'face-moisturizer']",Abuja
HARUHARU WONDER BLACK RICE HYALURONIC TONER,HaruHaru Wonder,12470.0,https://skinpopessentiel.com/products/haruharu-wonder-black-rice-hyaluronic-toner,SkinPopEssentiel,"['toners-&-exfoliants', 'toner']",Abuja
HARUHARU WONDER BLACK RICE HYALURONIC TONER UNSCENTED - 150ML,HaruHaru Wonder,12900.0,https://skinpopessentiel.com/products/haruharu-wonder-black-rice-hyaluronic-toner-unscented-for-sensitive-skin,SkinPopEssentiel,"['toners-&-exfoliants', 'toner']",Abuja
HARUHARU WONDER BLACK RICE MOISTURE 5.5 SOFT CLEANSING GEL,HaruHaru Wonder,11825.0,https://skinpopessentiel.com/products/haruharu-black-rice-moisture-5-5-soft-cleansing-gel,SkinPopEssentiel,"['face-wash-&-cleansers', 'cleanser']",Abuja
HARUHARU WONDER BLACK RICE MOISTURE AIRYFIT DAILY SUNSCREEN SPF 50+,HaruHaru Wonder,14835.0,https://skinpopessentiel.com/products/haruharu-wonder-black-rice-moisture-airyfit-daily-sunscreen-spf50,SkinPopEssentiel,"['sunscreen', 'sunscreen']",Abuja
HARUHARU WONDER BLACK RICE MOISTURE DEEP CLEANSING OIL MAKEUP REMOVER (150 ML),HaruHaru Wonder,9137.0,https://skinpopessentiel.com/products/haruharu-wonder-black-rice-moisture-deep-cleansing-oil-makeup-remover-150-ml,SkinPopEssentiel,"['face-wash-&-cleansers', 'cleansing-oil']",Abuja
HATOMUGI UV MILKY GEL SPF 50+ - 250ML SUNSCREEN,Kumano Cosme,12900.0,https://skinpopessentiel.com/products/hatomugi-uv-milky-gel-spf50-pa-250ml-sunscreen,SkinPopEssentiel,"['sunscreen', 'sunscreen']",Abuja
HATOMUGI UV MILKY GEL SPF31 PA +++ 250ML SUNSCREEN,Kumano Cosme,11717.0,https://skinpopessentiel.com/products/hatomugi-uv-milky-gel-250-ml-sunscreen-spf31,SkinPopEssentiel,"['sunscreen', 'sunscreen']",Abuja
HEIMISH ALL CLEAN BALM,Heimish,0.0,https://skinpopessentiel.com/products/heimish-all-clean-balm,SkinPopEssentiel,"['face-wash-&-cleansers', 'double-cleanser']",Abuja
I'M FROM RICE CREAM,I'm From,19350.0,https://skinpopessentiel.com/products/im-from-rice-cream,SkinPopEssentiel,"['face-moisturizer', 'face-cream', 'face-moisturizer']",Abuja
I'M FROM RICE TONER- 150ML (new packaging),I'm From,16985.0,https://skinpopessentiel.com/products/im-from-rice-toner-150ml,SkinPopEssentiel,['toners-&-exfoliants'],Abuja
ILLIYOON CERAMIDE ATO LOTION,Illiyoon,0.0,https://skinpopessentiel.com/products/illiyoon-ceramide-ato-concentrate-cream-200ml,SkinPopEssentiel,"['body-moisturizer', 'body-cream']",Abuja
ISIS PHARMA UNITONE 4 WHITE ADVANCED- INTENSIVE DEPIGMENTATION TREATMENT,Isispharma,46870.0,https://skinpopessentiel.com/products/isis-pharma-unitone-4-white-advanced-intensive-depigmentation-serum,SkinPopEssentiel,"['essence-&-serums', 'serum', 'treatment']",Abuja
ISNTREE ALOE SOOTHING EMULSION,Isntree,8062.0,https://skinpopessentiel.com/products/isntree-aloe-soothing-emulsion,SkinPopEssentiel,"['face-moisturizer', 'emulsion', 'face-moisturizer']",Abuja
ISNTREE ALOE SOOTHING GEL 150ML,Isntree,6342.0,https://skinpopessentiel.com/products/isntree-aloe-soothing-gel-fresh-type-150ml,SkinPopEssentiel,"['face-moisturizer', 'face-moisturizer']",Abuja
ISNTREE ALOE TONER 200ML,Isntree,8062.0,https://skinpopessentiel.com/products/isntree-aloe-toner-200ml,SkinPopEssentiel,"['face-moisturizer', 'emulsion', 'face-moisturizer']",Abuja
ISNTREE C-NIACIN TONING AMPOULE,Isntree,10212.0,https://skinpopessentiel.com/products/isntree-c-niacin-toning-ampoule,SkinPopEssentiel,['essence-&-serums'],Abuja
ISNTREE C-NIACIN TONING CREAM,Isntree,13975.0,https://skinpopessentiel.com/products/isntree-c-niacin-toning-cream-1,SkinPopEssentiel,"['face-moisturizer', 'face-cream', 'face-moisturizer']",Abuja
ISNTREE CHESTNUT AHA CLEAR SKIN ESSENCE,Isntree,6987.0,https://skinpopessentiel.com/products/isntree-clear-skin-8-aha-essence,SkinPopEssentiel,"['toners-&-exfoliants', 'essence', 'exfoliant']",Abuja
ISNTREE CHESTNUT BHA CLEAR TONER,Isntree,8062.0,https://skinpopessentiel.com/products/isntree-clear-skin-bha-toner,SkinPopEssentiel,"['toners-&-exfoliants', 'exfoliant', 'toner']",Abuja
ISNTREE GREEN TEA FRESH CLEANSER 120ML,Isntree,7417.0,https://skinpopessentiel.com/products/isntree-green-tea-fresh-cleanser-120ml,SkinPopEssentiel,['face-wash-&-cleansers'],Abuja
ISNTREE GREEN TEA FRESH EMULSION 120ML,Isntree,13975.0,https://skinpopessentiel.com/products/isntree-green-tea-fresh-emulsion,SkinPopEssentiel,"['face-moisturizer', 'emulsion', 'face-moisturizer']",Abuja
ISNTREE GREEN TEA FRESH TONER,Isntree,14620.0,https://skinpopessentiel.com/products/isntree-green-tea-fresh-toner,SkinPopEssentiel,"['toners-&-exfoliants', 'toner']",Abuja
ISNTREE HYALURONIC ACID AQUA GEL CREAM,Isntree,16985.0,https://skinpopessentiel.com/products/isntree-hyaluronic-acid-aqua-gel-cream,SkinPopEssentiel,"['face-moisturizer', 'face-cream', 'face-moisturizer']",Abuja
ISNTREE HYALURONIC ACID MOIST CREAM,Isntree,16985.0,https://skinpopessentiel.com/products/istree-hyaluronic-acid-moist-cream,SkinPopEssentiel,"['face-moisturizer', 'face-cream', 'face-moisturizer']",Abuja
ISNTREE HYALURONIC ACID TONER,Isntree,14835.0,https://skinpopessentiel.com/products/isntree-hyaluronic-acid-toner,SkinPopEssentiel,"['toners-&-exfoliants', 'toner']",Abuja
ISNTREE HYALURONIC ACID TONER PLUS,Isntree,15039.0,https://skinpopessentiel.com/products/isntree-hyaluronic-acid-toner-plus-1,SkinPopEssentiel,"['toners-&-exfoliants', 'toner']",Abuja
ISNTREE HYALURONIC ACID WATERY SUN GEL - SPF 50,Isntree,16985.0,https://skinpopessentiel.com/products/isntree-hyaluronic-acid-watery-sun-gel-spf-50,SkinPopEssentiel,"['sunscreen', 'sunscreen']",Abuja
ISNTREE MUGWORT CALMING CLAY MASK 100ML,Isntree,8062.0,https://skinpopessentiel.com/products/real-mugwort-clay-mask,SkinPopEssentiel,"['mask-&-scrubs', 'mask']",Abuja
ISNTREE ULTRA-LOW MOLECULAR HYALURONIC ACID TONER 300ML,Isntree,17415.0,https://skinpopessentiel.com/products/isntree-ultra-low-molecular-hyaluronic-acid-toner-300ml-damaged-box-discount,SkinPopEssentiel,"['toners-&-exfoliants', 'toner']",Abuja
IUNIK BETA-GLUCAN DAILY MOISTURE CREAM,Iunik,9137.0,https://skinpopessentiel.com/products/iunik-beta-glucan-daily-moisture-cream,SkinPopEssentiel,"['face-moisturizer', 'face-cream', 'face-moisturizer']",Abuja
IUNIK CENTELLA CALMING GEL CREAM,Iunik,9137.0,https://skinpopessentiel.com/products/iunik-centella-calming-gel-cream,SkinPopEssentiel,"['face-moisturizer', 'face-cream', 'face-moisturizer']",Abuja
IUNIK PROPOLIS VITAMIN SLEEPING MASK,Iunik,9137.0,https://skinpopessentiel.com/products/iunik-propolis-vitamin-sleeping-mask,SkinPopEssentiel,"['face-moisturizer', 'face-cream', 'face-moisturizer', 'mask']",Abuja
JADE FACIAL ROLLER,Skin Treats,5805.0,https://skinpopessentiel.com/products/brushworks-hd-jade-roller,SkinPopEssentiel,"['beauty-tools-&-accessories', 'beauty-tools', 'gua-sha']",Abuja
JOHNSON ALOE & VITAMIN E OIL BODY GEL - 192ML,Johnson,11495.0,https://skinpopessentiel.com/products/johnson-aloe-vitamin-e-oil-body-gel-192ml,SkinPopEssentiel,"['body-oil', 'body-oil']",Abuja
JOHNSON LAVENDER OIL BODY GEL - 192ML,Johnson,11495.0,https://skinpopessentiel.com/products/johnson-lavender-oil-body-gel-192ml,SkinPopEssentiel,"['body-oil', 'body-oil']",Abuja
JOHNSON SHEA & COCOA BUTTER OIL BODY GEL - 192ML,Johnson,11495.0,https://skinpopessentiel.com/products/johnson-shea-cocoa-butter-oil-body-gel-192ml,SkinPopEssentiel,"['body-oil', 'body-oil']",Abuja
JUMISO 20% NIACINAMIDE SERUM,Jumiso,15480.0,https://skinpopessentiel.com/products/jumiso-20-niacinamide-serum,SkinPopEssentiel,"['essence-&-serums', 'serum']",Abuja
JUMISO ALL DAY VITAMIN BRIGHTENING & BALANCING SERUM,Jumiso,14835.0,https://skinpopessentiel.com/products/jumiso-all-day-vitamin-brightening-balancing-serum-1,SkinPopEssentiel,"['essence-&-serums', 'serum']",Abuja
JUMISO ALL DAY VITAMIN CLEAN & MILD FACIAL CLEANSER,Jumiso,9137.0,https://skinpopessentiel.com/products/jumiso-all-day-vitamin-clean-mild-facial-cleanser,SkinPopEssentiel,"['face-wash-&-cleansers', 'cleanser']",Abuja
JUMISO ALL DAY VITAMIN PURE C 5.5 DARK SPOT CORRECTOR GLOW SERUM,Jumiso,14835.0,https://skinpopessentiel.com/products/jumiso-all-day-pure-c-5-5-glow-facial-serum,SkinPopEssentiel,"['essence-&-serums', 'serum']",Abuja
JUMISO ANTIOXIDANT GLOW FACIAL ESSENCE,Jumiso,20855.0,https://skinpopessentiel.com/products/untitled-3oct_16-06,SkinPopEssentiel,"['essence-&-serums', 'essence']",Abuja
JUMISO NIACINAMIDE 2 + PORE SMOOTHING TONER 205ML,Jumiso,16555.0,https://skinpopessentiel.com/products/jumiso-niacinamide-2-pore-smoothing-toner-205ml,SkinPopEssentiel,"['toners-&-exfoliants', 'toner']",Abuja
JUMISO PORE CLEARING CLEANSING OIL 200ML,Jumiso,18167.0,https://skinpopessentiel.com/products/jumiso-pore-clearing-cleansing-oil-200ml,SkinPopEssentiel,"['face-wash-&-cleansers', 'cleansing-oil', 'double-cleanser']",Abuja
JUMISO SNAIL MUCIN 88 + PEPTIDE CREAM - 100ML,Jumiso,15840.0,https://skinpopessentiel.com/products/jumiso-snail-mucin-88-peptide-cream-100ml,SkinPopEssentiel,"['face-moisturizer', 'face-moisturizer']",Abuja
JUMISO SNAIL MUCIN 95% + PEPTIDE ESSENCE 140ML,Jumiso,14835.0,https://skinpopessentiel.com/products/untitled-7mar_14-54,SkinPopEssentiel,"['essence-&-serums', 'serum']",Abuja
JUMISO UREA 5 INTENSIVE MOISTURE CREAM - 80ML,Jumiso,16340.0,https://skinpopessentiel.com/products/jumiso-urea-5-intensive-moisture-cream-80ml,SkinPopEssentiel,"['face-moisturizer', 'face-cream', 'face-moisturizer']",Abuja
KOJIC ACID & COLLAGEN SKIN BRIGHTENING SOAP (2 BARS),Koji White,12792.0,https://skinpopessentiel.com/products/kojic-acid-collagen-skin-brightening-soap-2-bars,SkinPopEssentiel,"['face-wash-&-cleansers', 'cleanser']",Abuja
KOJIC ACID & PAPAYA SKIN BRIGHTENING SOAP (2 BARS),Koji White,12792.0,https://skinpopessentiel.com/products/kojic-acid-papaya-skin-brightening-soap-2-bars,SkinPopEssentiel,"['face-wash-&-cleansers', 'cleanser']",Abuja
KOJIE SAN DREAM WHITE ANTI-AGING SOAP,Bevi,5160.0,https://skinpopessentiel.com/products/kojie-san-dreamwhite-anti-aging-soap,SkinPopEssentiel,['face-wash-&-cleansers'],Abuja
KOJIE SAN SKIN LIGHTENING BODY LOTION SPF25 W/ HYDROMOIST,Bevi,9675.0,https://skinpopessentiel.com/products/kojie-san-skin-lightening-body-lotion-spf25-w-hydromoist,SkinPopEssentiel,"['body-moisturizer', 'body-cream', 'body-lotion']",Abuja
KOJIE SAN SKIN LIGHTENING BODY LOTION W/ HYDROMOIST 200ML,Bevi,17845.0,https://skinpopessentiel.com/products/kojie-san-skin-lightening-body-lotion-w-hydromoist,SkinPopEssentiel,"['body-moisturizer', 'body-cream', 'body-lotion']",Abuja
KOJIE SAN SKIN LIGHTENING FACE CREAM W/ HYDROMOIST,Bevi,8600.0,https://skinpopessentiel.com/products/kojie-san-skin-lightening-face-cream-w-hydromoist-1,SkinPopEssentiel,"['face-moisturizer', 'face-cream', 'face-moisturizer']",Abuja
KOJIE SAN SKIN LIGHTENING FACIAL WASH W/ HYDROMOIST,Bevi,7310.0,https://skinpopessentiel.com/products/kijie-san-skin-lightening-facial-wash-w-hydromoist,SkinPopEssentiel,"['face-wash-&-cleansers', 'cleanser']",Abuja
KOJIE SAN SOAP - 2 in 1- 135g,Bevi,8589.0,https://skinpopessentiel.com/products/kojie-san-soap-2-in-1,SkinPopEssentiel,"['face-wash-&-cleansers', 'cleanser']",Abuja
KOJIE SAN SOAP - 3 in 1,Bevi,7955.0,https://skinpopessentiel.com/products/kojie-san-soap-3-in-1-135g,SkinPopEssentiel,"['face-wash-&-cleansers', 'cleanser']",Abuja
KOJIE SAN SOAP - CLASSIC SINGLE BAR 135g,Bevi,4515.0,https://skinpopessentiel.com/products/kojie-san-soap-single-bar,SkinPopEssentiel,"['face-wash-&-cleansers', 'cleanser']",Abuja
KOJIE SAN SUPER SERUM,Bevi,18705.0,https://skinpopessentiel.com/products/kojie-san-super-serum,SkinPopEssentiel,"['essence-&-serums', 'serum']",Abuja
KOJIVIT ULTRA TREATMENT GEL 30G,Kojivit,11825.0,https://skinpopessentiel.com/products/kojivit-ultra-gel-30g,SkinPopEssentiel,"['treatment-&-gel', 'treatment']",Abuja
KOSE - SUNCUT PERFECT ESSENCE- 120g,Kose,14620.0,https://skinpopessentiel.com/products/kose-suncut-perfect-essence,SkinPopEssentiel,"['sunscreen', 'sunscreen']",Abuja
KOSE - SUNCUT SUPER WATERPROOF UV PERFECT PROTECT GEL,Kose,12900.0,https://skinpopessentiel.com/products/kose-suncut-super-waterproof-uv-perfect-protect-gel-80g,SkinPopEssentiel,"['sunscreen', 'sunscreen']",Abuja
LA ROCHE POSAY ANTHELIOS ANTI-DARK SPOTS FLUID ULTRA-LONG UVA PROTECTION 15ML,La Roche Posay,6235.0,https://skinpopessentiel.com/products/cerave-foaming-cleanser-travel-size-20ml,SkinPopEssentiel,"['sunscreen', 'sunscreen']",Abuja
LA ROCHE POSAY ANTHELIOS INVISIBLE FLUID - 15ML,La Roche Posay,6235.0,https://skinpopessentiel.com/products/cerave-moisturizing-cream-travel-size-15ml,SkinPopEssentiel,"['sunscreen', 'sunscreen']",Abuja
LA ROCHE POSAY ANTHELIOS INVISIBLE SPRAY SUNSCREEN SPF 50+,La Roche Posay,33970.0,https://skinpopessentiel.com/products/untitled-14jul_21-13,SkinPopEssentiel,['sunscreen'],Abuja
LA ROCHE POSAY ANTHELIOS UVMUNE 400 ANTI DARK SPOT FLUID SPF 50+ - 50ML,La Roche Posay,25800.0,https://skinpopessentiel.com/products/la-roche-posay-anthelios-uvmune-400-anti-dark-spot-fluid-spf50-50ml,SkinPopEssentiel,"['sunscreen', 'sunscreen']",Abuja
LA ROCHE POSAY ANTHELIOS UVMUNE 400 HYDRATING CREAM SPF 50+,La Roche Posay,21930.0,https://skinpopessentiel.com/products/copy-la-roche-posay-anthelios-uvmune-400-fluid-spf50,SkinPopEssentiel,"['sunscreen', 'sunscreen']",Abuja
LA ROCHE POSAY ANTHELIOS UVMUNE 400 INVISIBLE FLUID SUNSCREEN SPF 50+ - 50ML,La Roche Posay,21930.0,https://skinpopessentiel.com/products/la-roche-posay-uvmune-400-invisible-fluid-spf50,SkinPopEssentiel,"['sunscreen', 'sunscreen']",Abuja
LA ROCHE POSAY ANTHELIOS UVMUNE 400 OIL CONTROL FLUID SUNSCREEN SPF 50+- 50ML,La Roche Posay,25800.0,https://skinpopessentiel.com/products/la-roche-posay-anthelios-uvmune-400-oil-control-fluid-spf50,SkinPopEssentiel,"['sunscreen', 'sunscreen']",Abuja
LA ROCHE POSAY CICAPLAST BAUME B5,La Roche Posay,25155.0,https://skinpopessentiel.com/products/la-roche-posay-cicaplast-baume-b5,SkinPopEssentiel,"['face-moisturizer', 'body-cream', 'face-cream', 'treatment']",Abuja
LA ROCHE POSAY CLARIFYING SOLUTION ACNE TONER,La Roche Posay,11610.0,https://skinpopessentiel.com/products/la-roche-posay-clarifying-solution-acne-toner,SkinPopEssentiel,"['toners-&-exfoliants', 'exfoliant', 'toner']",Abuja
LA ROCHE POSAY DOUBLE REPAIR FACE MOISTURIZER,La Roche Posay,12792.0,https://skinpopessentiel.com/products/la-roche-posay-double-repair-face-moisturizer,SkinPopEssentiel,"['face-moisturizer', 'face-cream', 'face-moisturizer']",Abuja
LA ROCHE POSAY DOUBLE REPAIR FACE MOISTURIZER WITH SPF30,La Roche Posay,12362.0,https://skinpopessentiel.com/products/la-roche-posay-double-repair-face-moisturizer-with-spf30,SkinPopEssentiel,"['face-moisturizer', 'face-cream', 'face-moisturizer']",Abuja
LA ROCHE POSAY DOUBLE REPAIR MATTE FACE MOISTURIZER FOR OILY SKIN,La Roche Posay,13437.0,https://skinpopessentiel.com/products/la-roche-posay-double-repair-matte-face-moisturizer,SkinPopEssentiel,"['face-moisturizer', 'face-cream', 'face-moisturizer']",Abuja
LA ROCHE POSAY EFFACLAR DUO+M - 40ML,La Roche Posay,17845.0,https://skinpopessentiel.com/products/untitled-21dec_18-36,SkinPopEssentiel,"['treatment-&-gel', 'treatment']",Abuja
LA ROCHE POSAY EFFACLAR MATTIFYING FACE MOISTURIZER - 40ML,La Roche Posay,19995.0,https://skinpopessentiel.com/products/la-roche-posay-effaclar-mattifying-face-moisturiser,SkinPopEssentiel,"['face-moisturizer', 'face-cream', 'face-moisturizer']",Abuja
LA ROCHE POSAY EFFACLAR PURIFYING FOAMING GEL CLEANSER,La Roche Posay,13330.0,https://skinpopessentiel.com/products/effaclar-purifying-foaming-gel-cle,SkinPopEssentiel,"['face-wash-&-cleansers', 'cleanser']",Abuja
LA ROCHE POSAY HYDRATING GENTLE CLEANSER,La Roche Posay,0.0,https://skinpopessentiel.com/products/laroche-posay-hydrating-gentle-cleanser,SkinPopEssentiel,"['face-wash-&-cleansers', 'cleanser']",Abuja
"LA ROCHE POSAY LAVANT B5
PURIFYING SOOTHING FOAMING GEL CLEANSER - 200ML",La Roche Posay,19780.0,https://skinpopessentiel.com/products/la-roche-posay-lavant-b5-purifying-soothing-foaming-gel-cleanser,SkinPopEssentiel,"['face-wash-&-cleansers', 'cleanser']",Abuja
LA ROCHE POSAY LIPIKAR BAUME AP+M,La Roche Posay,28810.0,https://skinpopessentiel.com/products/laroche-posay-lipikar-baume-ap-m,SkinPopEssentiel,"['body-moisturizer', 'body-cream', 'body-lotion']",Abuja
LA ROCHE POSAY LIPIKAR GEL LAVANT GENTLE SHOWER GEL 750ML,La Roche Posay,26337.0,https://skinpopessentiel.com/products/laroche-posay-lipikar-gel-lavant-gentle-shower-gel-750ml,SkinPopEssentiel,"['face-wash-&-cleansers', 'body-wash', 'cleanser']",Abuja
LA ROCHE POSAY LIPIKAR HUILE LAVANT CLEANSING SHOWER OIL - 750ML,La Roche Posay,35690.0,https://skinpopessentiel.com/products/la-roche-posay-lipikar-huile-lavant-gentle-shower-gel-750ml,SkinPopEssentiel,"['face-wash-&-cleansers', 'body-wash', 'cleanser']",Abuja
"LA ROCHE POSAY LIPIKAR LAIT
48HR HYDRATION AND ANTI-DRYNESS 400ML",La Roche Posay,29562.0,https://skinpopessentiel.com/products/laroche-posay-lipikar-lait-48hr-hydration-and-anti-dryness,SkinPopEssentiel,"['body-moisturizer', 'body-cream', 'body-lotion']",Abuja
LA ROCHE POSAY LIPIKAR LAIT UREA 10%- 400ML,La Roche Posay,35475.0,https://skinpopessentiel.com/products/la-roche-posay-lipikar-urea-10-400ml,SkinPopEssentiel,['body-moisturizer'],Abuja
LA ROCHE POSAY MEDICATED GEL CLEANSER,La Roche Posay,17737.0,https://skinpopessentiel.com/products/laroche-posay-medicated-gel-cleanser,SkinPopEssentiel,['face-wash-&-cleansers'],Abuja
LA ROCHE POSAY MELA B3 CLEANSER - 200ML,La Roche Posay,23865.0,https://skinpopessentiel.com/products/la-roche-mela-b3-cleanser,SkinPopEssentiel,"['face-wash-&-cleansers', 'cleanser']",Abuja
LA ROCHE POSAY MELA B3 SERUM,La Roche Posay,15050.0,https://skinpopessentiel.com/products/la-roche-posay-mela-b4-serum,SkinPopEssentiel,"['essence-&-serums', 'serum', 'treatment']",Abuja
LA ROCHE POSAY MELA B3 SPF30 CREAM,La Roche Posay,37625.0,https://skinpopessentiel.com/products/la-roche-posay-mela-b3-spf30-cream,SkinPopEssentiel,"['face-moisturizer', 'face-cream', 'face-moisturizer', 'sunscreen']",Abuja
LA ROCHE POSAY PURE C VITAMIN BRIGHTENING CLEANSER - 200ML,La Roche Posay,22790.0,https://skinpopessentiel.com/products/la-roche-posay-vitamin-c-brightening-cleanser-200ml,SkinPopEssentiel,"['face-wash-&-cleansers', 'cleanser']",Abuja
LA ROCHE POSAY PURE VITAMIN C LIGHT ANTI-AGING FACE CREAM,La Roche Posay,39775.0,https://skinpopessentiel.com/products/la-roche-posay-pure-vitamin-c-light-anti-aging-face-cream,SkinPopEssentiel,"['face-moisturizer', 'face-cream', 'face-moisturizer']",Abuja
LA ROCHE POSAY PURE VITAMIN C10 SERUM - 30ML,La Roche Posay,47300.0,https://skinpopessentiel.com/products/la-roche-posay-pure-vitamin-c10-serum,SkinPopEssentiel,"['essence-&-serums', 'serum']",Abuja
LA ROCHE POSAY SYNDET AP+ LIPID-REPLENISHING CREAM BODY WASH,La Roche Posay,15910.0,https://skinpopessentiel.com/products/la-roche-posay-syndet-ap-lipid-replenishing-cream-body-wash-anti-irritation-anti-scratching-400ml,SkinPopEssentiel,"['body-wash', 'body-wash']",Abuja
LA ROCHE POSAY TOLERIANE DERMO-CLEANSER MAKE-UP REMOVER AND FACIAL CLEANSER - 400ML,La Roche Posay,21500.0,https://skinpopessentiel.com/products/la-roche-posay-toleriane-dermo-cleanser-make-up-remover-and-facial-cleanser,SkinPopEssentiel,"['face-wash-&-cleansers', 'cleanser']",Abuja
LANEIGE LIP SLEEPING MASK EX- MINI (3G),Laneige,5125.0,https://skinpopessentiel.com/products/laneige-lip-sleeping-mask-mini-3g,SkinPopEssentiel,"['lips', 'lip-balm']",Abuja
MARY AND MAY EYE CREAM SET,Mary & May,12900.0,https://skinpopessentiel.com/products/mary-and-may-eye-cream-set,SkinPopEssentiel,"['eye-cream-&-gel', 'eye']",Abuja
MAYBELLINE COLOSSAL 100% BLACK MASCARA,Maybelline,7955.0,https://skinpopessentiel.com/products/maybelline-copy-3,SkinPopEssentiel,"['make-up', 'make-up', 'mascara']",Abuja
MAYBELLINE COLOSSAL KAJAL ARGAN OIL EXTRA BLACK,Maybelline,6665.0,https://skinpopessentiel.com/products/maybelline-colosal-kajal-argan-oil-extra-black,SkinPopEssentiel,"['make-up', 'eye']",Abuja
MAYBELLINE FIT ME® MATTE + PORELESS FOUNDATION MAKEUP - 356,Maybelline,9460.0,https://skinpopessentiel.com/products/maybelline-fit-me®-matte-poreless-foundation-makeup-356,SkinPopEssentiel,"['make-up', 'make-up', 'powder']",Abuja
MAYBELLINE FIT ME® MATTE + PORELESS POWDER FOUNDATION MAKEUP - CARAMEL 350,Maybelline,11610.0,https://skinpopessentiel.com/products/maybelline-fit-me®-matte-poreless-powder-foundation-makeup-caramel,SkinPopEssentiel,"['make-up', 'make-up', 'powder']",Abuja
MAYBELLINE FIT ME® MATTE + PORELESS POWDER FOUNDATION MAKEUP - GOLDEN 312,Maybelline,11610.0,https://skinpopessentiel.com/products/maybelline-fit-me®-matte-poreless-powder-foundation-makeup-golden-312,SkinPopEssentiel,"['make-up', 'make-up', 'powder']",Abuja
MAYBELLINE FIT ME® MATTE + PORELESS POWDER FOUNDATION MAKEUP - GOLDEN CARAMEL 332,Maybelline,11610.0,https://skinpopessentiel.com/products/maybelline-fit-me®-matte-poreless-powder-foundation-makeup-golden-caramel,SkinPopEssentiel,"['make-up', 'make-up', 'powder']",Abuja
MAYBELLINE FIT ME® MATTE + PORELESS POWDER FOUNDATION MAKEUP - TOFFEE 330,Maybelline,11610.0,https://skinpopessentiel.com/products/maybelline-fit-me®-matte-poreless-powder-foundation-makeup,SkinPopEssentiel,"['make-up', 'make-up', 'powder']",Abuja
MAYBELLINE FIT ME® MATTE + PORELESS POWDER FOUNDATION MAKEUP - WARM COCONUT 356,Maybelline,11610.0,https://skinpopessentiel.com/products/maybelline-fit-me®-matte-poreless-powder-foundation-makeup-warm-cocomut-356,SkinPopEssentiel,"['make-up', 'make-up', 'powder']",Abuja
MAYBELLINE INSTANT PORE ERASER BABY SKIN PRIMER,Maybelline,7955.0,https://skinpopessentiel.com/products/maybelline-baby-skin-pore-eraser-1,SkinPopEssentiel,['make-up'],Abuja
MAYBELLINE LASH SENSATIONAL MASCARA - VERY BLACK,Maybelline,9890.0,https://skinpopessentiel.com/products/maybelline-lash-sensational-mascara-very-black,SkinPopEssentiel,"['make-up', 'make-up', 'mascara']",Abuja
MAYBELLINE LASH SENSATIONAL SKY HIGH® WATERPROOF MASCARA,Maybelline,14620.0,https://skinpopessentiel.com/products/maybelline-1,SkinPopEssentiel,"['make-up', 'make-up', 'mascara']",Abuja
MAYBELLINE LASH SENSATIONAL WATERPROOF MASCARA - VERY BLACK,Maybelline,10965.0,https://skinpopessentiel.com/products/maybelline,SkinPopEssentiel,"['make-up', 'make-up', 'mascara']",Abuja
MAYBELLINE LASH SENSATIONAL® LUSCIOUS WASHABLE MASCARA,Maybelline,11395.0,https://skinpopessentiel.com/products/maybelline-copy-2,SkinPopEssentiel,"['make-up', 'make-up', 'mascara']",Abuja
MAYBELLINE LIFTER LIP GLOSS®  WITH HYALURONIC ACID - PETAL,Maybelline,10535.0,https://skinpopessentiel.com/products/maybelline-lip-petal,SkinPopEssentiel,"['make-up', 'lip-gloss', 'make-up']",Abuja
MAYBELLINE LIFTER LIP GLOSS® MAKEUP WITH HYALURONIC ACID - SILK,Maybelline,10535.0,https://skinpopessentiel.com/products/maybelline-lip-silk,SkinPopEssentiel,"['make-up', 'lip-gloss', 'make-up']",Abuja
MAYBELLINE LIFTER LIP GLOSS® WITH HYALURONIC ACID - STONE,Maybelline,10535.0,https://skinpopessentiel.com/products/maybelline-lip-stone,SkinPopEssentiel,"['make-up', 'lip-gloss', 'make-up']",Abuja
MAYBELLINE LIFTER LIP GLOSS® WITH HYALURONIC ACID - TOPAZ,Maybelline,10535.0,https://skinpopessentiel.com/products/maybelline-lip-topaz,SkinPopEssentiel,"['make-up', 'lip-gloss', 'make-up']",Abuja
MAYBELLINE LIFTER PLUMP™ LIP PLUMPING GLOSS - BLUSH BLAZE,Maybelline,12470.0,https://skinpopessentiel.com/products/maybelline-lip-blush-blaze,SkinPopEssentiel,"['make-up', 'lip-gloss', 'make-up']",Abuja
MAYBELLINE LIFTER PLUMP™ LIP PLUMPING GLOSS - HOT CHILI,Maybelline,12470.0,https://skinpopessentiel.com/products/maybelline-lip-hot-chili,SkinPopEssentiel,"['make-up', 'lip-gloss', 'make-up']",Abuja
MAYBELLINE LIFTER PLUMP™ LIP PLUMPING GLOSS - MAUVE BITE,Maybelline,12470.0,https://skinpopessentiel.com/products/maybelline-lip-copy-2,SkinPopEssentiel,"['make-up', 'lip-gloss', 'make-up']",Abuja
MAYBELLINE LIFTER PLUMP™ LIP PLUMPING GLOSS - PEACH FEVER,Maybelline,12470.0,https://skinpopessentiel.com/products/maybelline-lip-peach-forever,SkinPopEssentiel,"['make-up', 'lip-gloss', 'make-up']",Abuja
MAYBELLINE LIFTER PLUMP™ LIP PLUMPING GLOSS - RED FLAG,Maybelline,12470.0,https://skinpopessentiel.com/products/maybelline-lifter-plump™-lip-plumping-gloss-red-flag,SkinPopEssentiel,"['make-up', 'lip-gloss', 'make-up']",Abuja
MAYBELLINE SUPER STAY MATTE INK - 115 FOUNDER,Maybelline,12470.0,https://skinpopessentiel.com/products/maybelline-super-stay-matte-ink-115-founder,SkinPopEssentiel,"['make-up', 'lip-gloss', 'make-up']",Abuja
MAYBELLINE SUPERSTAY VINYL INK LIQUID LIPSTICK – 25 RED HOT,Maybelline,13545.0,https://skinpopessentiel.com/products/maybelline-superstay-vinyl-ink-liquid-lipstick-25-red-hot,SkinPopEssentiel,"['make-up', 'lip-gloss', 'make-up']",Abuja
MAYBELLINE THE ROCKET VOLUM' EXPRESS MASCARA,Maybelline,8385.0,https://skinpopessentiel.com/products/maybelline-copy,SkinPopEssentiel,"['make-up', 'make-up', 'mascara']",Abuja
MEDICUBE AZELAIC ACID 16 BB SOOTHING SERUM,Medicube,15480.0,https://skinpopessentiel.com/products/medicube-azelaic-acid-16-bb-soothing-serum,SkinPopEssentiel,"['essence-&-serums', 'serum']",Abuja
MEDICUBE AZELAIC ACID EXOSOME SHOT 7500,Medicube,20855.0,https://skinpopessentiel.com/products/medicube-azelaic-acid-exosome-shot-7500,SkinPopEssentiel,"['essence-&-serums', 'serum']",Abuja
MEDICUBE AZELAIC ACID NIACINAMIDE CLEAR TONER - 250ML,Medicube,18920.0,https://skinpopessentiel.com/products/medicube-azelaic-acid-niacinamide-clear-toner-250ml,SkinPopEssentiel,"['toners-&-exfoliants', 'toner']",Abuja
MEDICUBE AZELAIC ACID NIACINAMIDE DEEP CLEAN FOAM CLEANSER,Medicube,14405.0,https://skinpopessentiel.com/products/medicube-azelaic-acid-niacinamide-deep-clean-foam-cleanser,SkinPopEssentiel,"['face-wash-&-cleansers', 'cleanser']",Abuja
MEDICUBE COLLAGEN NIGHT WRAPPING MASK - 75ML,Medicube,18920.0,https://skinpopessentiel.com/products/medicube-collagen-night-wrapping-mask,SkinPopEssentiel,"['mask-&-scrubs', 'mask']",Abuja
MEDICUBE KOJIC ACID TURMERIC BRIGHTENING GEL MASK - 1EA,Medicube,4730.0,https://skinpopessentiel.com/products/medicube-kojic-acid-turmeric-brightening-gel-mask,SkinPopEssentiel,"['mask-&-scrubs', 'sheet-mask']",Abuja
MEDICUBE KOJIC ACID TURMERIC NIACINAMIDE SERUM,Medicube,15910.0,https://skinpopessentiel.com/products/medicube-kojic-acid-turmeric-niacinamide-serum-1,SkinPopEssentiel,"['essence-&-serums', 'serum']",Abuja
MEDICUBE KOJIC ACID TURMERIC NIGHT WRAPPING MASK,Medicube,18920.0,https://skinpopessentiel.com/products/kojic-acid-turmeric-overnight-wrapping-mask-1,SkinPopEssentiel,"['mask-&-scrubs', 'mask']",Abuja
MEDICUBE KOJIC ACID TURMERIC TONER,Medicube,15910.0,https://skinpopessentiel.com/products/medicube-kojic-toner,SkinPopEssentiel,"['toners-&-exfoliants', 'toner']",Abuja
MEDICUBE KOJIC ACID TURMERIC VITA CAPSULE CREAM,Medicube,21285.0,https://skinpopessentiel.com/products/kojic-acid-turmeric-vita-capsule-cream-1,SkinPopEssentiel,"['face-moisturizer', 'face-cream', 'face-moisturizer']",Abuja
MEDICUBE NIACINAMIDE 15% + TXA SERUM,Medicube,17630.0,https://skinpopessentiel.com/products/medicube-niacinamide-15-txa-serum,SkinPopEssentiel,"['essence-&-serums', 'serum']",Abuja
MEDICUBE PDRN PINK COLLAGEN GEL MASK - 1EA,Medicube,4730.0,https://skinpopessentiel.com/products/medicube-pdrn-pink-collagen-gel-mask,SkinPopEssentiel,"['mask-&-scrubs', 'sheet-mask']",Abuja
MEDICUBE PDRN PINK PEPTIDE EYE CREAM,Medicube,14835.0,https://skinpopessentiel.com/products/medicube-pdrn-eye,SkinPopEssentiel,"['eye-cream-&-gel', 'eye']",Abuja
MEDICUBE PORE ONE DAY PEPTIDE SERUM,Medicube,15480.0,https://skinpopessentiel.com/products/medicube-pore-one-day-peptide-serum-1,SkinPopEssentiel,"['essence-&-serums', 'serum']",Abuja
MEDICUBE TXA NIACINAMIDE CAPSULE CREAM,Medicube,20855.0,https://skinpopessentiel.com/products/medicube-txa-niacinamide-capsule-cream,SkinPopEssentiel,"['face-moisturizer', 'face-cream', 'face-moisturizer']",Abuja
MEDICUBE ZERO PORE PADS,Medicube,22360.0,https://skinpopessentiel.com/products/medicube-zero-pore-pads,SkinPopEssentiel,"['toners-&-exfoliants', 'treatment']",Abuja
MEDICUBE ZERO PORE TONER - 250ML,Medicube,15910.0,https://skinpopessentiel.com/products/medicube-zero-pore-toner,SkinPopEssentiel,"['toners-&-exfoliants', 'toner']",Abuja
MEDIX 5.5 COLLAGEN + PEPTIDES BODY LOTION,Medix 5.5,20855.0,https://skinpopessentiel.com/products/medix-5-5-collagen-peptides-body-lotion,SkinPopEssentiel,"['body-moisturizer', 'body-cream', 'body-lotion']",Abuja
MEDIX 5.5 GLYCOLIC ACID + LACTIC ACID BODY WASH,Medix 5.5,17630.0,https://skinpopessentiel.com/products/medix-5-5-glycolic-acid-lactic-acid-body-wash,SkinPopEssentiel,"['body-wash', 'body-wash']",Abuja
MEDIX 5.5 NIACINAMIDE + SHEA BUTTER CREAM,Medix 5.5,20425.0,https://skinpopessentiel.com/products/untitled-nov13_21-34,SkinPopEssentiel,"['body-moisturizer', 'body-cream', 'body-lotion']",Abuja
MEDIX 5.5 RETINOL + FERULIC ACID ANTI-SAGGING TREATMENT,Medix 5.5,20640.0,https://skinpopessentiel.com/products/copy-of-medix-5-5-collagen-caviar-age-control-moisturizer,SkinPopEssentiel,"['body-moisturizer', 'body-cream', 'body-lotion']",Abuja
MEDIX 5.5 VITAMIN C + TURMERIC FIRMING + BRIGHTENING CREAM,Medix 5.5,20425.0,https://skinpopessentiel.com/products/medix-5-5-vitamin-c-turmeric-firming-brightening-cream,SkinPopEssentiel,"['body-moisturizer', 'body-cream', 'body-lotion']",Abuja
MEDIX VITAMIN C + NIACINAMIDE BODY WASH,Medix 5.5,17630.0,https://skinpopessentiel.com/products/medix-vitamin-c-niacinamide-body-wash,SkinPopEssentiel,"['body-wash', 'body-wash']",Abuja
MELALITE FORTE 4% HYDROQUINONE TREATMENT CREAM - 30G,Abbott,5375.0,https://skinpopessentiel.com/products/melalite-forte-4-hydroquinone-cream-30g,SkinPopEssentiel,"['treatment-&-gel', 'treatment']",Abuja
MELANOFREE DEPIGMENTATION TREATMENT CREAM - 30g,Melanofree,6020.0,https://skinpopessentiel.com/products/melanofree-depigmentation-cream,SkinPopEssentiel,"['treatment-&-gel', 'treatment']",Abuja
METHOD BERRY BALANCE BODY WASH - 532ML,Method,17845.0,https://skinpopessentiel.com/products/method-berry-balance-body-wash-532ml,SkinPopEssentiel,"['body-wash', 'body-wash']",Abuja
METHOD COCO TWIST HYDRATING BODY WASH,Method,17845.0,https://skinpopessentiel.com/products/method-coco-twist-hydrating-body-wash,SkinPopEssentiel,"['body-wash', 'body-wash']",Abuja
METHOD ISLAND MIST BODY WASH - 532ML,Method,17845.0,https://skinpopessentiel.com/products/method-island-mist-body-wash-532ml,SkinPopEssentiel,"['body-wash', 'body-wash']",Abuja
METHOD SIMPLY NOURISH COCONUT AND RICE MILK BODY WASH- 532ML,Method,17845.0,https://skinpopessentiel.com/products/method-simply-nourish-coconut-and-rice-milk-body-wash-532ml,SkinPopEssentiel,"['body-wash', 'body-wash']",Abuja
MISSHA AQUA SUN SPF 50,Missha,11395.0,https://skinpopessentiel.com/products/missha-aqua-sun-gel-spf-50,SkinPopEssentiel,"['sunscreen', 'sunscreen']",Abuja
MISSHA ESSENCE 45,Missha,6880.0,https://skinpopessentiel.com/products/missha-essence-45,SkinPopEssentiel,"['sunscreen', 'sunscreen']",Abuja
MIXSOON BEAN ESSENCE 50ML,Mixsoon,19995.0,https://skinpopessentiel.com/products/mixsoon,SkinPopEssentiel,"['essence-&-serums', 'serum']",Abuja
Medix 5.5 Vit C Wash & Lotion,Medix 5.5,38055.0,https://skinpopessentiel.com/products/medix-vit-c-wash-lotion,SkinPopEssentiel,"['body-moisturizer', 'body-lotion', 'body-wash']",Abuja
NATUREWELL RETINOL ADVANCED MOISTURE CREAM 16oz,Naturewell,12792.0,https://skinpopessentiel.com/products/naturewell-retinol-advanced-moisture-cream-453-6g,SkinPopEssentiel,"['body-moisturizer', 'body-cream', 'body-lotion']",Abuja
NATUREWELL VIT C BRIGHTENING MOISTURE CREAM 16oz,Naturewell,12792.0,https://skinpopessentiel.com/products/naturewell-vit-c-brightening-moisture-cream-453-6g,SkinPopEssentiel,"['body-moisturizer', 'body-cream', 'body-lotion']",Abuja
NATURIUM - THE BRIGHTENER VITAMIN C BODY WASH,Naturium,41925.0,https://skinpopessentiel.com/products/the-brightener-vitamin-c-brightening-body-wash,SkinPopEssentiel,"['body-wash', 'body-wash']",Abuja
NATURIUM - THE PURIFIER NIACINAMIDE BODY WASH,Naturium,45150.0,https://skinpopessentiel.com/products/naturium-the-purifier-niacinamide-body-wash,SkinPopEssentiel,"['body-wash', 'body-wash']",Abuja
NATURIUM ALPHA ARBUTIN SERUM 2%,Naturium,15587.0,https://skinpopessentiel.com/products/naturium-alpha-arbutin-serum-2,SkinPopEssentiel,"['essence-&-serums', 'serum']",Abuja
NATURIUM AZELAIC TOPICAL ACID 10%,Naturium,33862.0,https://skinpopessentiel.com/products/naturium-azelaic-topical-acid-10,SkinPopEssentiel,"['essence-&-serums', 'serum']",Abuja
NATURIUM BHA LIQUID EXFOLIANT 2%,Naturium,33862.0,https://skinpopessentiel.com/products/naturium-bha-liquid-exfoliant-2,SkinPopEssentiel,"['toners-&-exfoliants', 'exfoliant', 'toner']",Abuja
NATURIUM BIO-LIPID RESTORING BODY LOTION,Naturium,39775.0,https://skinpopessentiel.com/products/naturium-bio-lipid-restoring-body-lotion,SkinPopEssentiel,"['body-moisturizer', 'body-cream', 'body-lotion']",Abuja
NATURIUM FERMENTED RICE ENZYME CLEANSER,Naturium,13867.0,https://skinpopessentiel.com/products/naturium-fermented-rice-enzyme-cleanser,SkinPopEssentiel,"['face-wash-&-cleansers', 'cleanser']",Abuja
NATURIUM MANDELIC TOPICAL ACID 12%,Naturium,15587.0,https://skinpopessentiel.com/products/naturium-mandelic-topical-acid-12,SkinPopEssentiel,"['toners-&-exfoliants', 'exfoliant']",Abuja
NATURIUM MULTI-BRIGHT TRANEXAMIC ACID TREATMENT 5%,Naturium,20962.0,https://skinpopessentiel.com/products/naturium-multi-bright-tranexamic-acid-treatment-5,SkinPopEssentiel,"['treatment-&-gel', 'emulsion', 'face-moisturizer', 'treatment']",Abuja
NATURIUM NIACINAMIDE CLEANSING GELEE 3%,Naturium,27412.0,https://skinpopessentiel.com/products/naturium-niacinamide-cleansing-gelee-3,SkinPopEssentiel,"['face-wash-&-cleansers', 'cleanser']",Abuja
NATURIUM NIACINAMIDE ESSENCE 3%,Naturium,13437.0,https://skinpopessentiel.com/products/naturium-niacinamide-essence-3,SkinPopEssentiel,"['essence-&-serums', 'essence']",Abuja
NATURIUM NIACINAMIDE SERUM 12% PLUS ZINC 2%,Naturium,26767.0,https://skinpopessentiel.com/products/naturium-niacinamide-serum-12-plus-zinc-2,SkinPopEssentiel,"['essence-&-serums', 'serum']",Abuja
NATURIUM RETINOL COMPLEX SERUM,Naturium,23639.0,https://skinpopessentiel.com/products/naturium-retinol-complex-serum,SkinPopEssentiel,"['essence-&-serums', 'serum']",Abuja
NATURIUM SULFUR SPOT TREATMENT 8%,Naturium,12685.0,https://skinpopessentiel.com/products/naturium-sulfur-spot-treatment-8,SkinPopEssentiel,"['treatment-&-gel', 'treatment']",Abuja
NATURIUM THE GLOW GETTER MULTI-OIL HYDRATING BODY WASH,Naturium,41925.0,https://skinpopessentiel.com/products/the-glow-getter-multi-oil-hydrating-body-wash,SkinPopEssentiel,"['body-wash', 'body-wash']",Abuja
NATURIUM TRANEXAMIC ACID 5%,Naturium,33862.0,https://skinpopessentiel.com/products/naturium-tranexamic-acid-5,SkinPopEssentiel,"['essence-&-serums', 'serum']",Abuja
NATURIUM VITAMIN C COMPLEX SERUM 30ML,Naturium,33862.0,https://skinpopessentiel.com/products/naturium-vitamin-c-complex-serum,SkinPopEssentiel,"['essence-&-serums', 'serum']",Abuja
NATURIUM VITAMIN C SUPER SERUM PLUS,Naturium,28810.0,https://skinpopessentiel.com/products/naturium-vitamin-c-super-serum-plus,SkinPopEssentiel,"['essence-&-serums', 'serum']",Abuja
NATURIUM- THE SMOOTHER GLYCOLIC ACID EXFOLIATING BODY WASH,Naturium,41925.0,https://skinpopessentiel.com/products/the-smoother-glycolic-acid-exfoliating-body-wash,SkinPopEssentiel,"['body-wash', 'body-wash']",Abuja
NEUTROGENA 2 IN 1 FIGHT AND FADE TONER,Neutrogena,22467.0,https://skinpopessentiel.com/products/neutrogena-2-in-1-fight-and-fade-toner,SkinPopEssentiel,"['toners-&-exfoliants', 'exfoliant', 'toner']",Abuja
NEUTROGENA ACNE STRESS CONTROL TONER,Neutrogena,18920.0,https://skinpopessentiel.com/products/neutrogena-acne-stress-control-toner,SkinPopEssentiel,"['toners-&-exfoliants', 'toner']",Abuja
NEUTROGENA HYDRO BOOST WATER GEL CLEANSER 200ML,Neutrogena,9567.0,https://skinpopessentiel.com/products/neutrogena-hydroboost-hydrating-cleansing-gel,SkinPopEssentiel,"['face-wash-&-cleansers', 'cleanser']",Abuja
NEUTROGENA HYDRO BOOST WATER GEL MOISTURIZER WITH HYALURONIC ACID 50ML,Neutrogena,17845.0,https://skinpopessentiel.com/products/neutrogena-hydro-boost-water-gel-moisturiser-with-hyaluronic-acid-50ml,SkinPopEssentiel,"['face-moisturizer', 'face-moisturizer']",Abuja
NEUTROGENA PINK GRAPEFRUIT OIL-FREE MOISTURIZER,Neutrogena,13867.0,https://skinpopessentiel.com/products/neutrogena-pink-grapefruit-oil-free-moisturizer,SkinPopEssentiel,"['face-moisturizer', 'face-moisturizer']",Abuja
NEUTROGENA UK HYDRO BOOST BODY GEL CREAM 400ML,Neutrogena,12470.0,https://skinpopessentiel.com/products/neutrogena-uk-hydro-boost-body-gel-cream-400ml,SkinPopEssentiel,"['body-moisturizer', 'body-cream', 'body-lotion']",Abuja
"NEUTROGENA® BODY OIL, LIGHT SESAME FORMULA FOR DRY SKIN - 250ML",Neutrogena,21828.0,https://skinpopessentiel.com/products/neutrogena®-body-oil-light-sesame-formula-for-dry-skin-250ml-1,SkinPopEssentiel,"['body-oil', 'body-oil']",Abuja
NEUTROGENA® OIL-FREE 2% SALICYLIC ACID ACNE WASH - PINK GRAPEFRUIT FACIAL CLEANSER - 269ML,Neutrogena,19135.0,https://skinpopessentiel.com/products/neutrogena®-oil-free-2-salicylic-acid-acne-wash-pink-grapefruit-facial-cleanser-269ml,SkinPopEssentiel,"['face-wash-&-cleansers', 'cleanser']",Abuja
NINELESS A-CONTROL AZELAIC ACID CREAM- 50ML,Nineless,16125.0,https://skinpopessentiel.com/products/nineless-a-control-azelaic-acid-cream-50ml,SkinPopEssentiel,"['face-moisturizer', 'face-moisturizer']",Abuja
NINELESS A-CONTROL AZELAIC ACID TONER- 150ML,Nineless,15480.0,https://skinpopessentiel.com/products/nineless-a-control-azelaic-acid-toner-200ml,SkinPopEssentiel,"['toners-&-exfoliants', 'toner']",Abuja
NINELESS A-CONTROL HEARTLEAF & BHA FOAM CLEANSER 120ML,Nineless,12255.0,https://skinpopessentiel.com/products/nineless-a-control-heartleaf-bha-foam-cleanser-120ml,SkinPopEssentiel,"['face-wash-&-cleansers', 'cleanser']",Abuja
NINELESS B-BOOST 1% KOJIC ACID SERUM,Nineless,14835.0,https://skinpopessentiel.com/products/nineless-b-boost-1-kojic-acid-serum,SkinPopEssentiel,"['essence-&-serums', 'serum']",Abuja
NINELESS B-BOOST 1% KOJIC ACID TONER 200ML,Nineless,15910.0,https://skinpopessentiel.com/products/nineless-b-boost-1-kojic-acid-toner-200ml,SkinPopEssentiel,"['toners-&-exfoliants', 'toner']",Abuja
NINELESS B-BOOST 10% NIACINAMIDE SERUM,Nineless,13975.0,https://skinpopessentiel.com/products/face-facts-glow-resurface-lactic-acid-aha-serum,SkinPopEssentiel,"['essence-&-serums', 'serum']",Abuja
NINELESS ESSENTIAL UV SHIELD SOOTHING SUN CREAM SPF 50+,Nineless,9890.0,https://skinpopessentiel.com/products/nineless-essential-uv-shield-soothing-sun-cream-spf50,SkinPopEssentiel,"['sunscreen', 'serum', 'sunscreen']",Abuja
NINELESS HYDRA MAX DEEP INFUSION SERUM 50ML,Nineless,17630.0,https://skinpopessentiel.com/products/nineless-hydra-max-deep-infusion-serum-50ml,SkinPopEssentiel,"['essence-&-serums', 'serum']",Abuja
NINELESS KOJIC ACID SHEET MASK (1pc),Nineless,2580.0,https://skinpopessentiel.com/products/im-from-mugwort-sheet-mask,SkinPopEssentiel,"['mask-&-scrubs', 'sheet-mask']",Abuja
NINELESS MELA-PRO 5% TRANEXAMIC ACID SERUM,Nineless,14835.0,https://skinpopessentiel.com/products/nine-less-mela-pro-5-tranexamic-acid-serum,SkinPopEssentiel,"['essence-&-serums', 'serum']",Abuja
NINELESS MELA-PRO RICE & TRANEXAMIC TONER 200ML,Nineless,16555.0,https://skinpopessentiel.com/products/nineless-mela-pro-rice-tranexamic-toner-200ml,SkinPopEssentiel,"['toners-&-exfoliants', 'toner']",Abuja
NINELESS MELA-PRO TRANEXAMIC ACID SUN SCREEN 100ML,Nineless,14835.0,https://skinpopessentiel.com/products/nineless-mela-pro-tranexamic-acid-sun-screen-100ml,SkinPopEssentiel,"['sunscreen', 'sunscreen']",Abuja
NINELESS MOLECULE-CLEAR 5% GLYCOLIC ACID SERUM,Nineless,14835.0,https://skinpopessentiel.com/products/nineless-salicylic,SkinPopEssentiel,['essence-&-serums'],Abuja
NINELESS MOLECULE-CLEAR SALICYLIC ACID SERUM,Nineless,15910.0,https://skinpopessentiel.com/products/nineless-glycolic,SkinPopEssentiel,['essence-&-serums'],Abuja
NINELESS PDRN SHEET MASK (1PC),Nineless,2580.0,https://skinpopessentiel.com/products/benton-aloe-soothing-gel-mask,SkinPopEssentiel,"['mask-&-scrubs', 'sheet-mask']",Abuja
NINELESS – A-CONTROL 10% AZELAIC ACID SERUM (new packaging),Nineless,13975.0,https://skinpopessentiel.com/products/facefacts-restore-clarify-salicylic-acid-facial-serum,SkinPopEssentiel,"['essence-&-serums', 'serum']",Abuja
NIU KIDS GENTLE CARE BODY WASH & SHAMPOO TWO IN ONE - 500ML,Niu Skin,6880.0,https://skinpopessentiel.com/products/niu-kids-gentle-care-body-wash-shampoo-two-in-one-500ml,SkinPopEssentiel,"['body-wash', 'body-wash']",Abuja
NIU KIDS PURE & GENTLE CARE LOTION - 320ML,Niu Skin,6880.0,https://skinpopessentiel.com/products/niu-kids-pure-gentle-care-lotion-320ml,SkinPopEssentiel,"['body-moisturizer', 'body-cream', 'body-lotion']",Abuja
NIU SKIN BRIGHT & CLEAR FACE CREAM,Niu Skin,6235.0,https://skinpopessentiel.com/products/niu-skin-bright-clear-face-cream,SkinPopEssentiel,"['face-moisturizer', 'face-cream', 'face-moisturizer']",Abuja
NIU SKIN BRIGHT AND CLEAR TONER - 220ML,Niu Skin,4730.0,https://skinpopessentiel.com/products/niu-skin-bright-and-clear-toner,SkinPopEssentiel,"['toners-&-exfoliants', 'toner']",Abuja
NIU SKIN CLEAR LIP GLOSS,Niu Skin,1935.0,https://skinpopessentiel.com/products/niu-skin-clear-lip-gloss,SkinPopEssentiel,"['lips', 'lip-balm']",Abuja
"NIU SKIN FACIAL SHEET MASK 3 IN 1 (Face, Eyes, Lips)",Niu Skin,1075.0,https://skinpopessentiel.com/products/niu-skin-facial-sheet-mask-3-in-1-face-eyes-lips,SkinPopEssentiel,"['mask-&-scrubs', 'sheet-mask']",Abuja
NIU SKIN GENTLE FACE WASH,Niu Skin,4515.0,https://skinpopessentiel.com/products/niu-skin-gentle-face-wash,SkinPopEssentiel,"['face-wash-&-cleansers', 'cleanser']",Abuja
NIU SKIN GLOWING BODY WASH - 800ML,Niu Skin,8815.0,https://skinpopessentiel.com/products/niu-skin-glowing-body,SkinPopEssentiel,"['body-wash', 'body-wash']",Abuja
NIU SKIN GLOWING BODY WASH REFILL - 500ML,Niu Skin,4945.0,https://skinpopessentiel.com/products/niu-skin-glowing-body-wash-refill-500ml,SkinPopEssentiel,"['body-wash', 'body-wash']",Abuja
"NIU SKIN INTENSIVE SERUM - NIACINAMIDE, VITAMIN C & HYALURONIC ACID",Niu Skin,5375.0,https://skinpopessentiel.com/products/niu-skin-intensive-serum-niacinamide-vitamin-c-hyaluronic-acid,SkinPopEssentiel,"['essence-&-serums', 'serum']",Abuja
"NIU SKIN NO.5 BODY LOTION, WITH ALPHA ARBUTIN, NIACINAMIDE & VITAMIN C",Niu Skin,8600.0,https://skinpopessentiel.com/products/niu-skin-no-5-body-lotion-with-alpha-arbutin-niacinamide-and-vitamin-c,SkinPopEssentiel,"['body-moisturizer', 'body-cream', 'body-lotion']",Abuja
"NIU SKIN OUDWOOD BODY LOTION, WITH ALPHA ARBUTIN, NIACINAMIDE & VITAMIN C",Niu Skin,8600.0,https://skinpopessentiel.com/products/niu-skin-oudwood-body-lotion-with-alpha-arbutin-niacinamide-vitamin-c,SkinPopEssentiel,"['body-moisturizer', 'body-cream', 'body-lotion']",Abuja
NIU SKIN TOTAL EFFECTS FACE CREAM,Niu Skin,5375.0,https://skinpopessentiel.com/products/niu-skin-total-effects-face-cream,SkinPopEssentiel,"['face-moisturizer', 'face-cream', 'face-moisturizer']",Abuja
NIU SKIN TOTAL EFFECTS SUNSCREEN SPF50+ - 2026 FORMULA - 50ML,Niu Skin,5590.0,https://skinpopessentiel.com/products/niu-skin-total-effects-sunscreen-spf50-2026-formula,SkinPopEssentiel,"['sunscreen', 'sunscreen']",Abuja
NIVEA 72H DRY COMFORT ANTI-PERSPIRANT SPRAY,Nivea,5160.0,https://skinpopessentiel.com/products/nivea-72h-dry-comfort-anti-perspirant-spray,SkinPopEssentiel,"['deodorant', 'deodorant']",Abuja
NIVEA 72H FRESH SENSATION ROLL ON,Nivea,2365.0,https://skinpopessentiel.com/products/nivea-fresh-sensation-roll-on,SkinPopEssentiel,"['deodorant', 'deodorant']",Abuja
NIVEA 72H MEN DEODORANT SPRAY- DEEP BLACK CARBON ESPRESSO,Nivea,5160.0,https://skinpopessentiel.com/products/nivea-men-deodorant-spray-deep-black-carbon-espresso,SkinPopEssentiel,"['deodorant', 'deodorant']",Abuja
NIVEA 72H MEN DEODORANT SPRAY- DEEP DRY & CLEAN FEEL,Nivea,5160.0,https://skinpopessentiel.com/products/nivea-men-deodorant-spray-deep,SkinPopEssentiel,"['deodorant', 'deodorant']",Abuja
NIVEA ANTI-PERSPIRANT SPRAY- FRESH 0% ALUMINIUM,Nivea,5160.0,https://skinpopessentiel.com/products/nivea-anti-perspirant-spray-fresh-0-aluminium,SkinPopEssentiel,"['deodorant', 'deodorant']",Abuja
NIVEA BLACK PEARL AND BEAUTY ANTI-PERSPIRANT ROLL-ON,Nivea,2365.0,https://skinpopessentiel.com/products/nivea-black-pearl-and-beauty-anti-perspirant-roll-on,SkinPopEssentiel,"['deodorant', 'deodorant']",Abuja
NIVEA DERMA CONTROL EVEN TONE DEODORANT ROLL ON,Nivea,2365.0,https://skinpopessentiel.com/products/nivea-derma-control,SkinPopEssentiel,"['deodorant', 'deodorant']",Abuja
NIVEA DERMA CONTROL PURE HYALURON + VITAMIN C ANTI-PERSPIRANT SPRAY,Nivea,5160.0,https://skinpopessentiel.com/products/nivea-derma-control-pure-hyaluron-vitamin-c-anti-perspirant-spray,SkinPopEssentiel,"['deodorant', 'deodorant']",Abuja
NIVEA DRY COMFORT ANTI-PERSPIRANT ROLL-ON,Nivea,2365.0,https://skinpopessentiel.com/products/nivea-dry-impact-anti-perspirant-roll-on,SkinPopEssentiel,"['deodorant', 'deodorant']",Abuja
NIVEA EXPRESS HYDRATION BODY LOTION 400ML,Nivea,4945.0,https://skinpopessentiel.com/products/nivea-express-hydration-body-lotion-400ml,SkinPopEssentiel,"['body-moisturizer', 'body-lotion']",Abuja
NIVEA EXTRA BRIGHT FIRM & SMOOTH BODY LOTION - 400ML,Nivea,7955.0,https://skinpopessentiel.com/products/nivea-draft-4,SkinPopEssentiel,"['body-moisturizer', 'body-cream', 'body-lotion']",Abuja
NIVEA EXTRA BRIGHT RADIANT & SMOOTH BODY LOTION - 400ML,Nivea,7955.0,https://skinpopessentiel.com/products/nivea-extra-white-radiant-smooth-400ml,SkinPopEssentiel,"['body-moisturizer', 'body-lotion']",Abuja
NIVEA EXTRA BRIGHT REPAIR & PROTECT WITH SPF 30- 400ML,Nivea,7955.0,https://skinpopessentiel.com/products/nivea-draft-5,SkinPopEssentiel,"['body-moisturizer', 'body-cream', 'body-lotion']",Abuja
NIVEA FIRM & SMOOTH LOTION- 400ML,Nivea,7955.0,https://skinpopessentiel.com/products/nivea-firm-smooth-lotion,SkinPopEssentiel,"['body-moisturizer', 'body-lotion']",Abuja
NIVEA FRESH ALOE SHOWER GEL,Nivea,5805.0,https://skinpopessentiel.com/products/nivea-fresh-aloe-shower-gel,SkinPopEssentiel,"['body-wash', 'body-wash']",Abuja
NIVEA FRESH ENERGY DEODORANT ROLL ON,Nivea,2365.0,https://skinpopessentiel.com/products/nivea-fresh-energy-antibacterial-roll-on,SkinPopEssentiel,"['deodorant', 'deodorant']",Abuja
NIVEA FRESH NATURAL ROLL ON,Nivea,2365.0,https://skinpopessentiel.com/products/nivea-fresh-natural-roll-on,SkinPopEssentiel,"['deodorant', 'deodorant']",Abuja
NIVEA LUMINOUS630 ANTI DARK MARK DAY CREAM SPF50,Nivea,11610.0,https://skinpopessentiel.com/products/nivea-perfect-radiant-luminous630-anti-dark-mark-day-cream-spf50,SkinPopEssentiel,"['face-moisturizer', 'face-cream', 'face-moisturizer']",Abuja
NIVEA LUMINOUS630 ANTI DARK MARK SERUM,Nivea,11287.0,https://skinpopessentiel.com/products/nivea-luminous630-anti-dark-mark-serum,SkinPopEssentiel,"['essence-&-serums', 'serum']",Abuja
NIVEA MEN BLACK & WHITE INVISIBLE CLEAR DEODORANT SPRAY,Nivea,5160.0,https://skinpopessentiel.com/products/nivea-men-black-white-invisible-clear-deodorant-spray,SkinPopEssentiel,"['deodorant', 'deodorant']",Abuja
NIVEA MEN BLACK & WHITE INVISIBLE ROLL ON,Nivea,2365.0,https://skinpopessentiel.com/products/nivea-men-black-white-invisible-roll-on,SkinPopEssentiel,"['deodorant', 'deodorant']",Abuja
NIVEA MEN COOL KICK ANTI-PERSPIRANT ROLL-ON,Nivea,2365.0,https://skinpopessentiel.com/products/nivea-men-cool-kick-anti-perspirant-roll-on,SkinPopEssentiel,"['deodorant', 'deodorant']",Abuja
NIVEA MEN COOL KICK SHOWER GEL- 500ML,Nivea,6665.0,https://skinpopessentiel.com/products/nivea-men-cool-kick-shower-gel-500ml,SkinPopEssentiel,"['body-wash', 'body-wash']",Abuja
NIVEA MEN DEEP BLACK CARBON DARKWOOD ANTI-PERSPIRANT ROLL-ON,Nivea,2365.0,https://skinpopessentiel.com/products/nivea-men-deep-espresso-anti-perspirant-roll-on,SkinPopEssentiel,"['deodorant', 'deodorant']",Abuja
NIVEA MEN DEEP BLACK CARBON ESPRESSO ANTI-PERSPIRANT ROLL-ON,Nivea,2365.0,https://skinpopessentiel.com/products/nivea-men-deep-black-carbon-anti-perspirant-roll-on,SkinPopEssentiel,"['deodorant', 'deodorant']",Abuja
NIVEA MEN DEEP EXTREME BLACK CARBON ANTI-BACTERIAL ROLL-ON,Nivea,2365.0,https://skinpopessentiel.com/products/nivea-men-deep-darkwood-anti-perspirant-roll-on,SkinPopEssentiel,"['deodorant', 'deodorant']",Abuja
NIVEA MEN DEEP IMPACT BODY LOTION 400ML,Nivea,5160.0,https://skinpopessentiel.com/products/nivea-deep-impact-body-lotion-400ml,SkinPopEssentiel,"['body-moisturizer', 'body-cream', 'body-lotion']",Abuja
NIVEA MEN DEEP SHOWER GEL- 500ML,Nivea,6665.0,https://skinpopessentiel.com/products/nivea-men-deep-shower-gel-500ml,SkinPopEssentiel,"['body-wash', 'body-wash']",Abuja
NIVEA MEN DEODORANT SPRAY- COOL KICK,Nivea,5160.0,https://skinpopessentiel.com/products/nivea-men-deodorant-spray-cool-kick,SkinPopEssentiel,"['deodorant', 'deodorant']",Abuja
NIVEA MEN DEODORANT SPRAY- DRY IMPACT,Nivea,5160.0,https://skinpopessentiel.com/products/nivea-men-deodorant-spray-dry-impact,SkinPopEssentiel,"['deodorant', 'deodorant']",Abuja
NIVEA MEN DERMA CONTROL DEFEND ROLL ON,Nivea,2365.0,https://skinpopessentiel.com/products/nivea-men-derma,SkinPopEssentiel,"['deodorant', 'deodorant']",Abuja
NIVEA MEN DRY IMPACT ANTI-PERSPIRANT ROLL-ON,Nivea,2365.0,https://skinpopessentiel.com/products/nivea-men-48hrs-anti-perspirant-roll-on,SkinPopEssentiel,"['deodorant', 'deodorant']",Abuja
NIVEA MEN FRESH ACTIVE 72H ANTI-PERSPIRANT ROLL ON,Nivea,2365.0,https://skinpopessentiel.com/products/nivea-draft-3,SkinPopEssentiel,"['deodorant', 'deodorant']",Abuja
NIVEA MEN FRESH ACTIVE ALUMINUM-FREE DEODORANT SPRAY,Nivea,5160.0,https://skinpopessentiel.com/products/untitled-23jun_14-02,SkinPopEssentiel,['deodorant'],Abuja
NIVEA MEN REVITALISING BODY LOTION- 400ML,Nivea,4945.0,https://skinpopessentiel.com/products/nivea-men-revitalizing-body-lotion-400ml,SkinPopEssentiel,"['body-moisturizer', 'body-cream', 'body-lotion']",Abuja
NIVEA NOURISHING COCOA 5 IN 1 DEEP MOISTURIZING LOTION - 400ML,Nivea,5375.0,https://skinpopessentiel.com/products/nivea-nourishing-cocoa-5-in-1-deep-moisturizer,SkinPopEssentiel,"['body-moisturizer', 'body-cream', 'body-lotion']",Abuja
NIVEA PEARL AND BEAUTY ANTI-PERSPIRANT ROLL-ON,Nivea,2365.0,https://skinpopessentiel.com/products/nivea-pearl-and-beauty-anti-perspirant-roll-on,SkinPopEssentiel,"['deodorant', 'deodorant']",Abuja
NIVEA PEARL AND BEAUTY ANTI-PERSPIRANT SPRAY,Nivea,5160.0,https://skinpopessentiel.com/products/nivea-pearl-and-beauty-anti-perspirant-spray,SkinPopEssentiel,"['deodorant', 'deodorant']",Abuja
NIVEA PERFECT & RADIANT 3 IN 1 CLEANSER 150ML,Nivea,8551.0,https://skinpopessentiel.com/products/nivea-perfect-radiant-3-in-1-cleanser,SkinPopEssentiel,"['face-wash-&-cleansers', 'cleanser', 'mask', 'scrub']",Abuja
NIVEA PERFECT & RADIANT BODY LOTION - 400ML,Nivea,5375.0,https://skinpopessentiel.com/products/nivea-perfect-radiant-body-lotion-1,SkinPopEssentiel,"['body-moisturizer', 'body-cream', 'body-lotion']",Abuja
NIVEA PERFECT & RADIANT CLEANSING FOAM,Nivea,6987.0,https://skinpopessentiel.com/products/nivea-perfect-radiant-cleansing-foam-1,SkinPopEssentiel,"['face-wash-&-cleansers', 'cleanser']",Abuja
NIVEA PERFECT & RADIANT EVEN TONE NIGHT CREAM,Nivea,8815.0,https://skinpopessentiel.com/products/nivea-perfect-radiant-even-tone-night-cream,SkinPopEssentiel,"['face-moisturizer', 'face-cream', 'face-moisturizer']",Abuja
NIVEA PERFECT & RADIANT EVEN-TONE DAY CREAM,Nivea,8815.0,https://skinpopessentiel.com/products/nivea-perfect-radiant-mattifying-day-cream-spf-15,SkinPopEssentiel,"['face-moisturizer', 'face-cream', 'face-moisturizer']",Abuja
NIVEA PERFECT & RADIANT MICELLAR 3-IN-1 CLEANSING WATER- 400ML,Nivea,9664.0,https://skinpopessentiel.com/products/nivea-perfect-radiant-micellar-3-in-1-cleansing-water-400ml,SkinPopEssentiel,"['face-wash-&-cleansers', 'double-cleanser']",Abuja
NIVEA PERFECT AND RADIANT ANTI-PERSPIRANT ROLL-ON,Nivea,2365.0,https://skinpopessentiel.com/products/nivea-perfect-and-radiant-anti-perspirant-roll-on,SkinPopEssentiel,"['deodorant', 'deodorant']",Abuja
NIVEA Q10 VIT C BODY LOTION 400 ML,Nivea,7955.0,https://skinpopessentiel.com/products/nivea-body-q10-body-lotion-400-ml,SkinPopEssentiel,"['body-moisturizer', 'body-lotion']",Abuja
NIVEA RADIANT & BEAUTY ADVANCED CARE LOTION - 400ML,Nivea,6450.0,https://skinpopessentiel.com/products/nivea-radiant-beauty-advanced-care-lotion,SkinPopEssentiel,"['body-moisturizer', 'body-cream', 'body-lotion']",Abuja
NIVEA RADIANT AND BEAUTY EVEN GLOW MOISTURIZING LOTION - 400ML,Nivea,6450.0,https://skinpopessentiel.com/products/nivea-radiant-and-even-glow,SkinPopEssentiel,"['body-moisturizer', 'body-cream', 'body-lotion']",Abuja
NIVEA RICH NOURISHING COMPLETE CARE 5-IN-1 BODY LOTION 400ML,Nivea,4945.0,https://skinpopessentiel.com/products/nivea-rich-nourishing-complete-care-5-in-1-body-lotion-400ml,SkinPopEssentiel,"['body-moisturizer', 'body-cream', 'body-lotion']",Abuja
NIVEA SENSITIVE SKIN MICELLAR WATER- 400ML,Nivea,3870.0,https://skinpopessentiel.com/products/nivea-micellair-sensitive-skin-micellar-water-400ml,SkinPopEssentiel,"['face-wash-&-cleansers', 'double-cleanser']",Abuja
NIVEA SOFT CARE BODY WASH- Orange & Avocado Oil 500ML,Nivea,7310.0,https://skinpopessentiel.com/products/nivea-soft-care-body-wash-orange-avocado-oil,SkinPopEssentiel,"['body-wash', 'body-wash']",Abuja
NIVEA SOFT FACE & BODY LOTION,Nivea,8600.0,https://skinpopessentiel.com/products/nivea-soft-face-body-lotion,SkinPopEssentiel,"['body-moisturizer', 'body-lotion']",Abuja
NIVEA SOFT PURE CARE SHOWER- 500ML,Nivea,7310.0,https://skinpopessentiel.com/products/nivea-soft-pure-care-shower,SkinPopEssentiel,"['body-wash', 'body-wash']",Abuja
NIVEA SUN UV FACE SHINE CONTROL SUNCREAM,Nivea,10965.0,https://skinpopessentiel.com/products/nivea-sun-uv-face-shine-control-suncream,SkinPopEssentiel,"['sunscreen', 'sunscreen']",Abuja
NIVEA UV SUPER WATER GEL SUNSCREEN SPF 50 140G,Nivea,15910.0,https://skinpopessentiel.com/products/nivea-uv-water-gel-spf50-140g,SkinPopEssentiel,"['sunscreen', 'sunscreen']",Abuja
NIVEA WOMEN BLACK & WHITE INVISIBLE CLEAR DEODORANT SPRAY,Nivea,5160.0,https://skinpopessentiel.com/products/nivea-women-black-white-invisible-clear-deodorant-spray,SkinPopEssentiel,"['deodorant', 'deodorant']",Abuja
NIVEA WOMEN BLACK & WHITE INVISIBLE ROLL ON,Nivea,2365.0,https://skinpopessentiel.com/products/nivea-women-black-white-invisible-roll-on,SkinPopEssentiel,"['deodorant', 'deodorant']",Abuja
NUMBUZIN NO.1 CLEAR FILTER SUN ESSENCE,Numbuzin,18275.0,https://skinpopessentiel.com/products/untitled-3nov_13-00,SkinPopEssentiel,"['sunscreen', 'sunscreen']",Abuja
NUMBUZIN NO.3 SUPER GLOWING ESSENCE TONER,Numbuzin,16770.0,https://skinpopessentiel.com/products/numbuzin-no-3-super-glowing-essence-toner,SkinPopEssentiel,"['toners-&-exfoliants', 'toner']",Abuja
NUMBUZIN NO.5 VITAMIN BOOSTING ESSENTIAL TONER,Numbuzin,16770.0,https://skinpopessentiel.com/products/numbuzin-no-5-vitamin-boosting-essential-toner,SkinPopEssentiel,"['toners-&-exfoliants', 'toner']",Abuja
NUMBUZIN NO.5 VITAMIN CONCENTRATED SERUM,Numbuzin,17845.0,https://skinpopessentiel.com/products/numbuzin-no-5-vitamin-concentrated-serum,SkinPopEssentiel,"['essence-&-serums', 'serum']",Abuja
OLAY AHA BHA BODY WASH,Olay,17415.0,https://skinpopessentiel.com/products/olay-aha-bha-body-wash,SkinPopEssentiel,"['body-wash', 'body-wash']",Abuja
OLAY BRIGHTENING EXFOLIATING CLEANSER WITH VITAMIN C,Olay,12900.0,https://skinpopessentiel.com/products/olay-brightening-exfoliating-cleanser-with-vitamin-c,SkinPopEssentiel,"['face-wash-&-cleansers', 'cleanser']",Abuja
OLAY BUMP ERASING EXFOLIATING BODY WASH WITH AHA SERUM COMPLEX,Olay,16985.0,https://skinpopessentiel.com/products/olay-bump-erasing-exfoliating-body-wash-with-aha-serum-complex,SkinPopEssentiel,"['body-wash', 'body-wash']",Abuja
OLAY COLLAGEN PEPTIDE FIRMING BODY LOTION,Olay,15910.0,https://skinpopessentiel.com/products/olay-collagen-firming-and-hydrating-body-lotion,SkinPopEssentiel,"['body-moisturizer', 'body-lotion']",Abuja
"OLAY DARK SPOT CORRECTING BODY LOTION WITH AHA, VITAMIN C AND NIACINAMIDE",Olay,16985.0,https://skinpopessentiel.com/products/olay-dark-spot-correcting-body-lotion-with-aha-vitamin-c-and-niacinamide,SkinPopEssentiel,"['body-moisturizer', 'body-cream', 'body-lotion']",Abuja
OLAY ELASTICITY BOOSTING COLLAGEN PEPTIDE SERUM COMPLEX BODY WASH,Olay,16985.0,https://skinpopessentiel.com/products/olay-collagen-firming-and-hydrating-body-wash,SkinPopEssentiel,"['body-wash', 'body-wash']",Abuja
OLAY HYALURONIC HYDRATING BODY WASH,Olay,16985.0,https://skinpopessentiel.com/products/olay-hyaluronic-hydrating-body-wash,SkinPopEssentiel,"['body-wash', 'body-wash']",Abuja
OLAY HYALURONIC NOURISHING AND HYDRATING BODY LOTION,Olay,15910.0,https://skinpopessentiel.com/products/olay-hyaluronic-nourishing-and-hydrating-body-lotion,SkinPopEssentiel,"['body-moisturizer', 'body-cream', 'body-lotion']",Abuja
OLAY MANGO INDULGENT BODY WASH,Olay,21285.0,https://skinpopessentiel.com/products/olay-mango-indulgence-body-wash,SkinPopEssentiel,"['body-wash', 'body-wash']",Abuja
OLAY NIACINAMIDE AGE DEFYING BODY LOTION,Olay,15910.0,https://skinpopessentiel.com/products/olay-niacinamide-age-defying-body-lotion,SkinPopEssentiel,"['body-moisturizer', 'body-cream', 'body-lotion']",Abuja
OLAY NIACINAMIDE BODY WASH,Olay,16985.0,https://skinpopessentiel.com/products/olay-niacinamide-body-wash,SkinPopEssentiel,"['body-wash', 'body-wash']",Abuja
OLAY RENEWING RETINOL SERUM COMPLEX BODY WASH- 591ML,Olay,16985.0,https://skinpopessentiel.com/products/olay-renewing-retinol-serum-complex-body-wash-591ml,SkinPopEssentiel,"['body-wash', 'body-wash']",Abuja
OLAY RETINOL SMOOTHING BODY LOTION (new look),Olay,15910.0,https://skinpopessentiel.com/products/olay-body-lotion,SkinPopEssentiel,"['body-moisturizer', 'body-cream', 'body-lotion']",Abuja
OLAY SALICYLIC BODY WASH,Olay,16985.0,https://skinpopessentiel.com/products/olay-salicylic-body-wash,SkinPopEssentiel,"['body-wash', 'body-wash']",Abuja
OLAY SUPER SERUM BODY WASH FOR EXTRA DRY SKIN - 547ML,Olay,21500.0,https://skinpopessentiel.com/products/olay-super-serum-body-wash-for-extra-dry-skin,SkinPopEssentiel,"['body-wash', 'body-wash']",Abuja
OLAY SUPER SERUM BODY WASH FOR NORMAL SKIN - 547ML,Olay,21500.0,https://skinpopessentiel.com/products/olay-super-serum-body-wash-547ml,SkinPopEssentiel,"['body-wash', 'body-wash']",Abuja
OLAY SUPER SERUM BODY WASH FOR ROUGH & BUMPY SKIN - 547ML,Olay,21500.0,https://skinpopessentiel.com/products/olay-super-serum-body-wash-for-rough-bumpy-skin,SkinPopEssentiel,"['body-wash', 'body-wash']",Abuja
OLAY VITAMIN C TONE BRIGHTENING BODY WASH - 591ML,Olay,16985.0,https://skinpopessentiel.com/products/olay-vitamin-c-body-wash-1,SkinPopEssentiel,"['body-wash', 'body-wash']",Abuja
OOTD BRIGHTENING VITAMIN C BODY LOTION - 750ML,Ootd,15695.0,https://skinpopessentiel.com/products/ootd-brightening-vitamin-c-body-lotion-750ml,SkinPopEssentiel,"['body-moisturizer', 'body-cream', 'body-lotion']",Abuja
OOTD BRIGHTENING VITAMIN C BODY WASH - 750ML,Ootd,15695.0,https://skinpopessentiel.com/products/ootd-brightening-vitamin-c-body-wash-750ml,SkinPopEssentiel,"['body-wash', 'body-wash']",Abuja
OOTD DARK CIRCLE EYE CREAM,Ootd,9890.0,https://skinpopessentiel.com/products/ootd-dark-circle-eye-cream,SkinPopEssentiel,"['eye-cream-&-gel', 'eye']",Abuja
OOTD DARK SPOTS VITAMIN C SERUM - 50ML,Ootd,9890.0,https://skinpopessentiel.com/products/ootd-dark-spots-vitamin-c-serum,SkinPopEssentiel,"['essence-&-serums', 'serum']",Abuja
OOTD DARK SPOTS VITAMIN C TONER,Ootd,12470.0,https://skinpopessentiel.com/products/ootd-dark-spots-vitamin-c-toner,SkinPopEssentiel,"['toners-&-exfoliants', 'toner']",Abuja
OOTD HEARTLEAF PORE ZERO CLEANSER,Ootd,9245.0,https://skinpopessentiel.com/products/ootd-heartleaf-pore-zero-cleanser,SkinPopEssentiel,"['face-wash-&-cleansers', 'cleanser']",Abuja
OOTD INTENSIVE MOISTURIZING BODY LOTION - 750ML,Ootd,15695.0,https://skinpopessentiel.com/products/ootd-intensive-moisturizing-body-lotion-750ml,SkinPopEssentiel,"['body-moisturizer', 'body-cream', 'body-lotion']",Abuja
OOTD INTENSIVE MOISTURIZING BODY WASH - 750ML,Ootd,15695.0,https://skinpopessentiel.com/products/ootd-intensive-moisturizing-body-wash-750ml,SkinPopEssentiel,"['body-wash', 'body-wash']",Abuja
OOTD WATER GLOW DERMA SUNCREAM SPF 50+,Ootd,9890.0,https://skinpopessentiel.com/products/ootd-water-glow-derma-suncream-spf-50,SkinPopEssentiel,"['sunscreen', 'sunscreen']",Abuja
PALMER'S ANTI-DARK SPOT FADE MILK,Palmer's,15910.0,https://skinpopessentiel.com/products/palmers-anti-dark-spot-fade-milk-1,SkinPopEssentiel,"['body-moisturizer', 'body-cream', 'body-lotion']",Abuja
PALMER'S DAILY SKIN THERAPY COCOA BUTTER BODY LOTION - 500ML,Palmer's,12685.0,https://skinpopessentiel.com/products/palmers-daily-skin-therapy-cocoa-butter-body-lotion-500ml,SkinPopEssentiel,"['body-moisturizer', 'body-cream', 'body-lotion']",Abuja
PALMER'S MOISTURIZING BODY OIL WITH VIT E,Palmer's,11180.0,https://skinpopessentiel.com/products/palmers-moisturizing-body-oil-with-vit-e,SkinPopEssentiel,"['body-oil', 'body-oil']",Abuja
PALMER'S SKIN SUCCESS ANTI-DARK SPOT FADE CREAM,Palmer's,16555.0,https://skinpopessentiel.com/products/palmers-skin-success-anti-dark-spot-fade-cream,SkinPopEssentiel,"['face-moisturizer', 'face-cream', 'face-moisturizer', 'treatment']",Abuja
PALMER'S SKIN THERAPY BODY OIL,Palmer's,17630.0,https://skinpopessentiel.com/products/palmers-skin-therapy-body-oil,SkinPopEssentiel,"['body-oil', 'body-oil']",Abuja
PANOXYL ACNE CREAMY WASH 4% BENZOYL PEROXIDE,Panoxyl,14835.0,https://skinpopessentiel.com/products/copy-of-panoxyl-acne-foaming-wash-benzolyn-peroxide-10,SkinPopEssentiel,"['face-wash-&-cleansers', 'cleanser']",Abuja
PANOXYL ACNE FOAMING WASH 10% BENZOYL PEROXIDE,Panoxyl,14835.0,https://skinpopessentiel.com/products/panoxyl-acne-foaming-wash-benzolyn-peroxide-10,SkinPopEssentiel,"['face-wash-&-cleansers', 'cleanser']",Abuja
"PANOXYL ADAPALENE 0.1% LEAVE-ON GEL, RETINOID GEL ACNE TREATMENT",Panoxyl,15587.0,https://skinpopessentiel.com/products/panoxyl-adapalene-gel,SkinPopEssentiel,['treatment-&-gel'],Abuja
PANOXYL BALANCING REPAIR MOISTURIZER,Panoxyl,18920.0,https://skinpopessentiel.com/products/panoxyl-balancing-repair-moisturizer,SkinPopEssentiel,"['face-moisturizer', 'face-moisturizer']",Abuja
PANOXYL CLARIFYING EXFOLIANT 2% SALICYLIC ACID,Panoxyl,17630.0,https://skinpopessentiel.com/products/panoxyl-clarifying-exfoliant-2-salicylic-acid,SkinPopEssentiel,"['toners-&-exfoliants', 'exfoliant', 'toner']",Abuja
PANOXYL PM OVERNIGHT SPOT PATCHES,Panoxyl,8062.0,https://skinpopessentiel.com/products/panoxyl-pm-overnight-spot-patches,SkinPopEssentiel,"['treatment-&-gel', 'treatment']",Abuja
PAULA'S CHOICE 0.3% RETINOL + 2% BAKUCHIOL TREATMENT- 30ML,Paula's Choice,48912.0,https://skinpopessentiel.com/products/paulas-choice-0-3-retinol-2-bakuchiol-treatment-1,SkinPopEssentiel,"['treatment-&-gel', 'treatment']",Abuja
PAULA'S CHOICE 10% NIACINAMIDE BOOSTER,Paula's Choice,24187.0,https://skinpopessentiel.com/products/paulas-choice-10-niacinamide-booster,SkinPopEssentiel,"['treatment-&-gel', 'treatment']",Abuja
PAULA'S CHOICE 6% MANDELIC ACID + 2% LACTIC ACID LIQUID EXFOLIANT,Paula's Choice,28487.0,https://skinpopessentiel.com/products/paulas-choice-6-mandelic-acid-2-lactic-acid-liquid-exfoliant,SkinPopEssentiel,"['toners-&-exfoliants', 'exfoliant', 'toner']",Abuja
PAULA'S CHOICE C15 SUPER BOOSTER,Paula's Choice,48912.0,https://skinpopessentiel.com/products/paulas-choice-c15-super-booster,SkinPopEssentiel,"['treatment-&-gel', 'serum', 'treatment']",Abuja
PAULA'S CHOICE CLINICAL 1% RETINOL TREATMENT- 30ML,Paula's Choice,51062.0,https://skinpopessentiel.com/products/paulas-choice-clinical-1-retinol-treatment,SkinPopEssentiel,"['treatment-&-gel', 'treatment']",Abuja
PAULA'S CHOICE DISCOLORATION REPAIR SERUM,Paula's Choice,46762.0,https://skinpopessentiel.com/products/paulas-choice-discoloration-repair-serum,SkinPopEssentiel,"['treatment-&-gel', 'treatment']",Abuja
PAULA'S CHOICE EXTRA CARE NON-GREASY SUNSCREEN 148ML,Paula's Choice,15587.0,https://skinpopessentiel.com/products/paulas-choice-extra-care-non-greasy-sunscreen,SkinPopEssentiel,"['sunscreen', 'sunscreen']",Abuja
PAULA'S CHOICE PORE-REDUCING TONER,Paula's Choice,20317.0,https://skinpopessentiel.com/products/paulas-choice-pore-reducing-toner,SkinPopEssentiel,"['toners-&-exfoliants', 'toner']",Abuja
PAULA'S CHOICE SKIN PERFECTING 2% BHA EXFOLIANT,Paula's Choice,28810.0,https://skinpopessentiel.com/products/paula-s-choice-skin-perfecting-2-bha-exfol-118ml,SkinPopEssentiel,"['toners-&-exfoliants', 'exfoliant']",Abuja
PAULA'S CHOICE SKIN PERFECTING 25% AHA + 2% BHA EXFOLIANT PEEL,Paula's Choice,51600.0,https://skinpopessentiel.com/products/paulas-choice-skin-perfecting-25-aha-2-bha-exfoliant-peel,SkinPopEssentiel,"['treatment-&-gel', 'exfoliant', 'treatment']",Abuja
PAULA’S CHOICE CLEAR DAILY SKIN CLEARING TREATMENT,Paula's Choice,11287.0,https://skinpopessentiel.com/products/paula-s-choice-clear-daily-skin-clearing-treatmen,SkinPopEssentiel,"['treatment-&-gel', 'treatment']",Abuja
PAULA’S CHOICE NIACINAMIDE 20% TREATMENT,Paula's Choice,26337.0,https://skinpopessentiel.com/products/paula-s-choice-niacinamide-20-treatment,SkinPopEssentiel,"['treatment-&-gel', 'treatment']",Abuja
PAULA’S CHOICE OIL REDUCTION CLEANSER,Paula's Choice,11717.0,https://skinpopessentiel.com/products/paula-s-choice-oil-reduction-cleanser,SkinPopEssentiel,"['face-wash-&-cleansers', 'cleanser']",Abuja
PIXI CLARITY TONIC,Pixi Beauty,9567.0,https://skinpopessentiel.com/products/pixi-clarity-tonic,SkinPopEssentiel,"['toners-&-exfoliants', 'toner']",Abuja
PIXI COLLAGEN SMOOTHING TONIC,Pixi Beauty,9137.0,https://skinpopessentiel.com/products/pixi-collagen-smoothing-tonic,SkinPopEssentiel,"['toners-&-exfoliants', 'toner']",Abuja
PIXI GLOW TONIC,Pixi Beauty,9567.0,https://skinpopessentiel.com/products/pixi-glow-tonic,SkinPopEssentiel,"['toners-&-exfoliants', 'toner']",Abuja
PIXI MILKY TONIC,Pixi Beauty,8600.0,https://skinpopessentiel.com/products/pixi-milky-tonic,SkinPopEssentiel,"['toners-&-exfoliants', 'toner']",Abuja
PIXI RETINOL TONIC,Pixi Beauty,8922.0,https://skinpopessentiel.com/products/pixi-retinol-tonic,SkinPopEssentiel,"['toners-&-exfoliants', 'toner']",Abuja
PIXI VITAMIN C TONIC 100ML,Pixi Beauty,8922.0,https://skinpopessentiel.com/products/copy-of-pixi-vitamin-c-tonic-250ml,SkinPopEssentiel,"['toners-&-exfoliants', 'toner']",Abuja
PIXI VITAMIN C TONIC 250ML,Pixi Beauty,14942.0,https://skinpopessentiel.com/products/pixi-vitamin-c-tonic-250ml,SkinPopEssentiel,"['toners-&-exfoliants', 'toner']",Abuja
PRETTY COTTON WOOL BALLS (100pcs),Pretty,2795.0,https://skinpopessentiel.com/products/pretty-cotton-wool-balls,SkinPopEssentiel,"['cotton-wool', 'cotton-wool']",Abuja
PRETTY COTTON WOOL PADS,Pretty,2795.0,https://skinpopessentiel.com/products/pretty-cotton-wool-pleats,SkinPopEssentiel,"['cotton-wool', 'cotton-wool']",Abuja
PRETTY COTTON WOOL PLEATS,Pretty,2795.0,https://skinpopessentiel.com/products/pretty-cotton-wool-pleats-1,SkinPopEssentiel,"['cotton-wool', 'cotton-wool']",Abuja
PRETTYSKIN 5IN1 ARBUTIN CREAM,Prettyskin,12685.0,https://skinpopessentiel.com/products/prettyskin-5in1-arbutin-cream,SkinPopEssentiel,"['face-moisturizer', 'face-moisturizer']",Abuja
PRETTYSKIN B3 DISCOLORATION REPAIR SERUM,Prettyskin,13975.0,https://skinpopessentiel.com/products/prettyskin-b3-discoloration-repair-serum,SkinPopEssentiel,"['essence-&-serums', 'serum']",Abuja
PRETTYSKIN B5 BRIGHTENING ALL IN ONE CREAM,Prettyskin,10965.0,https://skinpopessentiel.com/products/prettyskin-b5-brightening-all-in-one-cream,SkinPopEssentiel,"['face-moisturizer', 'face-cream', 'face-moisturizer']",Abuja
PRETTYSKIN GINSENG RETINOL MULTI SERUM,Prettyskin,10535.0,https://skinpopessentiel.com/products/prettyskin-ginseng-retinol-multi-serum,SkinPopEssentiel,"['essence-&-serums', 'essence']",Abuja
PRETTYSKIN RICE & SHEA BUTTER BODY OIL,Prettyskin,13975.0,https://skinpopessentiel.com/products/prettyskin-rice-shea-butter-body-oil,SkinPopEssentiel,"['body-oil', 'body-oil']",Abuja
PRETTYSKIN RICE CLEANSING OIL - 200ML,Prettyskin,11995.0,https://skinpopessentiel.com/products/prettyskin-rice-cleansing-oil-1,SkinPopEssentiel,"['face-wash-&-cleansers', 'cleansing-oil', 'double-cleanser']",Abuja
PRETTYSKIN RICE GLOW BODY LOTION - 750ML,Prettyskin,13975.0,https://skinpopessentiel.com/products/prettyskin-rice-glow-body-lotion,SkinPopEssentiel,"['body-moisturizer', 'body-cream', 'body-lotion']",Abuja
PRETTYSKIN RICE GLOW BODY WASH - 1000ML,Prettyskin,13975.0,https://skinpopessentiel.com/products/pretty-skin-rice-glow-body-wash,SkinPopEssentiel,"['body-wash', 'body-wash']",Abuja
PRETTYSKIN RICE MULTI CREAM,Prettyskin,13330.0,https://skinpopessentiel.com/products/prettyskin-rice-multi-cream,SkinPopEssentiel,"['face-moisturizer', 'face-cream', 'face-moisturizer']",Abuja
PRETTYSKIN RICE NIACINAMIDE TONER - 250ML,Prettyskin,13330.0,https://skinpopessentiel.com/products/prettyskin-rice-niacinamide-toner-250ml,SkinPopEssentiel,"['toners-&-exfoliants', 'toner']",Abuja
PRETTYSKIN SNAIL MUCIN MULTI CREAM,Prettyskin,11610.0,https://skinpopessentiel.com/products/prettyskin-snail-mucin-multi-cream,SkinPopEssentiel,"['face-moisturizer', 'face-cream', 'face-moisturizer']",Abuja
PRETTYSKIN SNAIL MUCIN MULTI SERUM - 150ML,Prettyskin,8600.0,https://skinpopessentiel.com/products/prettyskin-snail-mucin-serum,SkinPopEssentiel,"['essence-&-serums', 'essence', 'serum']",Abuja
PRETTYSKIN THE PURE JEJU CICA 40 CERAMIDE CREAM,Prettyskin,10965.0,https://skinpopessentiel.com/products/untitled-27nov_09-44,SkinPopEssentiel,['face-moisturizer'],Abuja
PRETTYSKIN VITAMIN ALL IN ONE CREAM,Prettyskin,10965.0,https://skinpopessentiel.com/products/prettyskin-vitamin-all-in-one-cream,SkinPopEssentiel,"['face-moisturizer', 'face-cream', 'face-moisturizer']",Abuja
PURITO CENTELLA UNSCENTED TONER - 200ML,Purito,17845.0,https://skinpopessentiel.com/products/purito-centella-unscented-toner,SkinPopEssentiel,"['toners-&-exfoliants', 'toner']",Abuja
PURITO OAT IN CALMING GEL CREAM - 100ML,Purito,18920.0,https://skinpopessentiel.com/products/purito-oat-in-calming-gel-cream-100ml,SkinPopEssentiel,"['face-moisturizer', 'face-cream', 'face-moisturizer']",Abuja
PURITO PANTHENOL MIGHTY BAMBOO CREAM - 100ML,Purito,19995.0,https://skinpopessentiel.com/products/purito-panthenol-mighty-bamboo-cream-100ml,SkinPopEssentiel,"['face-moisturizer', 'face-cream', 'face-moisturizer']",Abuja
PURITO WONDER RELEAF CENTELLA UNSCENTED SERUM 60ML,Purito,19242.0,https://skinpopessentiel.com/products/purito-centella-unscented-serum,SkinPopEssentiel,"['essence-&-serums', 'serum']",Abuja
Q+A HYALURONIC ACID FACIAL SERUM,QandA,8385.0,https://skinpopessentiel.com/products/q-a-hyaluronic-acid-facial-serum,SkinPopEssentiel,"['essence-&-serums', 'serum']",Abuja
Q+A HYALURONIC ACID HYDRATING CLEANSER,QandA,12685.0,https://skinpopessentiel.com/products/q-a-hyaluronic-acid-hydrating-cleanser,SkinPopEssentiel,"['face-wash-&-cleansers', 'cleanser']",Abuja
Q+A NIACINAMIDE EXFOLIATING CLEANSER,QandA,9567.0,https://skinpopessentiel.com/products/q-a-niacinamide-exfoliating-cleanser,SkinPopEssentiel,"['face-wash-&-cleansers', 'cleanser']",Abuja
Q+A ZINC PCA DAILY MOISTURISER,QandA,8815.0,https://skinpopessentiel.com/products/q-a-zinc-pca-daily-moisturiser-1,SkinPopEssentiel,"['face-moisturizer', 'face-moisturizer']",Abuja
REN STEADY GLOW DAILY AHA TONIC,Ren,13437.0,https://skinpopessentiel.com/products/copy-of-ren-steady-glow-daily-aha-tonic-250ml-1,SkinPopEssentiel,"['toners-&-exfoliants', 'exfoliant', 'toner']",Abuja
REPLENIX ACNE WASH BP USP 5%,Replenix,12362.0,https://skinpopessentiel.com/products/replenix-acne-wash-bp-usp-5-6,SkinPopEssentiel,"['face-wash-&-cleansers', 'cleanser']",Abuja
REPLENIX BP 10% ACNE WASH + ALOE VERA,Replenix,15587.0,https://skinpopessentiel.com/products/replenix-acne-wash-bp-usp-10,SkinPopEssentiel,"['face-wash-&-cleansers', 'cleanser']",Abuja
REPLENIX REPLENIX GLYSAL 10-2 CLEANSER 200ML,Replenix,18812.0,https://skinpopessentiel.com/products/replenix-gly-sal-5-2-deep-pore-cleanser,SkinPopEssentiel,"['face-wash-&-cleansers', 'cleanser']",Abuja
REVOX 10% AZELAIC ACID BRIGHTENING SOLUTION,Revox,12685.0,https://skinpopessentiel.com/products/revox-10-azelaic-acid-brightening-solution,SkinPopEssentiel,"['essence-&-serums', 'serum']",Abuja
REVOX 2% ALPHA ARBUTIN + HA,Revox,12685.0,https://skinpopessentiel.com/products/revox-2-alpha-arbutin-ha,SkinPopEssentiel,"['essence-&-serums', 'serum']",Abuja
REVOX 20% GLYCOLIC ACID SERUM,Revox,12685.0,https://skinpopessentiel.com/products/revox-20-glycolic-acid-serum,SkinPopEssentiel,"['essence-&-serums', 'serum']",Abuja
REVOX 7% GLYCOLIC ACID TONER,Revox,12685.0,https://skinpopessentiel.com/products/revox-7-glycolic-acid-toner,SkinPopEssentiel,"['toners-&-exfoliants', 'exfoliant', 'toner']",Abuja
REVOX AHA BHA PHA ACTIVE TONER,Revox,12685.0,https://skinpopessentiel.com/products/revox-zitcare-aha-bha-pha-active-toner,SkinPopEssentiel,"['toners-&-exfoliants', 'exfoliant', 'toner']",Abuja
REVOX AHA BHA PHA FACE WASH,Revox,12685.0,https://skinpopessentiel.com/products/revox-zitcare-aha-bha-pha-face-wash,SkinPopEssentiel,"['face-wash-&-cleansers', 'cleanser']",Abuja
REVOX ANTI-DARK SPOT SERUM,Revox,12685.0,https://skinpopessentiel.com/products/revox-anti-dark-spot-serum,SkinPopEssentiel,"['essence-&-serums', 'serum']",Abuja
REVOX B77 AHA 30% PEELING SOLUTION SERUM,Revox,12685.0,https://skinpopessentiel.com/products/revox-b77-aha-30-peelinh-solution-serum,SkinPopEssentiel,"['essence-&-serums', 'serum']",Abuja
REVOX BIOTIC REVITALISING RADIANCE CREAM,Revox,12685.0,https://skinpopessentiel.com/products/revox-biotic-revitalising-radiance-cream,SkinPopEssentiel,"['face-moisturizer', 'face-cream', 'face-moisturizer']",Abuja
REVOX CAFFEINE EYE SERUM,Revox,12685.0,https://skinpopessentiel.com/products/revox-caffeine-eye-serum,SkinPopEssentiel,"['eye-cream-&-gel', 'eye']",Abuja
REVOX CENTELLA ASIATICA 100% SERUM,Revox,11287.0,https://skinpopessentiel.com/products/revox-centella-asiatica-100-serum,SkinPopEssentiel,[],Abuja
REVOX HYALURONIC ACID 3% FACE WASH,Revox,12685.0,https://skinpopessentiel.com/products/revox-hyaluronic-acid-3-face-wash,SkinPopEssentiel,"['face-wash-&-cleansers', 'cleanser']",Abuja
REVOX LACTIC ACID + HA,Revox,12685.0,https://skinpopessentiel.com/products/untitled-31jan_11-48,SkinPopEssentiel,"['essence-&-serums', 'serum']",Abuja
REVOX MANDELIC ACID 10% + HA,Revox,12685.0,https://skinpopessentiel.com/products/revox-mandelic-acid-10-ha,SkinPopEssentiel,"['essence-&-serums', 'serum']",Abuja
REVOX MARINE COLLAGEN + HA,Revox,12685.0,https://skinpopessentiel.com/products/revox-marine-collagen-ha,SkinPopEssentiel,"['essence-&-serums', 'serum']",Abuja
REVOX NIACINAMIDE SERUM,Revox,12685.0,https://skinpopessentiel.com/products/revox-niacinamide-serum,SkinPopEssentiel,"['essence-&-serums', 'serum']",Abuja
REVOX PEPTIDES 10% SERUM,Revox,12685.0,https://skinpopessentiel.com/products/revox-peptides-10-serum,SkinPopEssentiel,"['essence-&-serums', 'serum']",Abuja
REVOX RETINOL IN SQUALENE,Revox,12685.0,https://skinpopessentiel.com/products/revox-retinol-in-squalene,SkinPopEssentiel,"['essence-&-serums', 'serum']",Abuja
REVOX RETINOL TONER,Revox,12685.0,https://skinpopessentiel.com/products/revox-retinol-toner,SkinPopEssentiel,"['toners-&-exfoliants', 'toner']",Abuja
REVOX SALICYLIC ACID 2% ANHYDROUS SERUM,Revox,12685.0,https://skinpopessentiel.com/products/revox-2-salicylic-acid-serum,SkinPopEssentiel,"['essence-&-serums', 'serum']",Abuja
REVOX SALICYLIC ACID 2% TONER,Revox,12685.0,https://skinpopessentiel.com/products/revox-salicylic-acid-2-toner,SkinPopEssentiel,"['toners-&-exfoliants', 'toner']",Abuja
REVOX SQUALANE NOURISHING FACE OIL,Revox,12685.0,https://skinpopessentiel.com/products/revox-squalane,SkinPopEssentiel,"['face-oil', 'face-oil']",Abuja
REVUELE ANTI PIGMENT ACTIVE SERUM,Revuele,6880.0,https://skinpopessentiel.com/products/revuele-anti-pigment-active-serum,SkinPopEssentiel,"['essence-&-serums', 'serum']",Abuja
REVUELE ANTI PIGMENT DAY CREAM SPF 50- TINTED,Revuele,6880.0,https://skinpopessentiel.com/products/revuelle-niacinamide-mask,SkinPopEssentiel,"['face-moisturizer', 'face-cream', 'face-moisturizer']",Abuja
REVUELE ANTI PIGMENT DAY CREAM SPF 50- UNTINTED,Revuele,6880.0,https://skinpopessentiel.com/products/revuele-anti-pigment-day-cream-tinted-spf-50,SkinPopEssentiel,"['face-moisturizer', 'face-cream', 'face-moisturizer']",Abuja
REVUELE ANTI PIGMENT NIGHT CREAM,Revuele,6880.0,https://skinpopessentiel.com/products/revuele-anti-pigment-night-cream,SkinPopEssentiel,"['face-moisturizer', 'face-cream', 'face-moisturizer']",Abuja
REVUELE ANTI-PIMPLE CLEANSING FOAM,Revuele,6880.0,https://skinpopessentiel.com/products/revuele-anti-pimple-cleansing-foam,SkinPopEssentiel,"['face-wash-&-cleansers', 'cleanser']",Abuja
REVUELE ANTI-PIMPLE GEL-CREAM,Revuele,6880.0,https://skinpopessentiel.com/products/revuele-anti-pimple-gel-cream,SkinPopEssentiel,"['face-moisturizer', 'face-cream', 'face-moisturizer']",Abuja
REVUELE ANTI-PIMPLE NIGHT CREAM,Revuele,6880.0,https://skinpopessentiel.com/products/revuele-anti-pimple-night-cream,SkinPopEssentiel,"['face-moisturizer', 'face-cream', 'face-moisturizer']",Abuja
REVUELE BIO-ACTIVE COMPLEX SALICYLIC ACID FACIAL WASH GEL,Revuele,6020.0,https://skinpopessentiel.com/products/bioderma-1,SkinPopEssentiel,"['face-wash-&-cleansers', 'cleanser']",Abuja
REVUELE BRIGHTENING FACE WASH with papaya,Revuele,6880.0,https://skinpopessentiel.com/products/revuele-brightening-face-wash-papaya,SkinPopEssentiel,"['face-wash-&-cleansers', 'cleanser']",Abuja
REVUELE CENTELLA GENTLE FACIAL CLEANSING GEL- 200ML,Revuele,6880.0,https://skinpopessentiel.com/products/revuele-centella-gentle-cleansing-gel-200ml,SkinPopEssentiel,"['face-wash-&-cleansers', 'cleanser']",Abuja
REVUELE CENTELLA REGENERATING FACE SERUM,Revuele,6880.0,https://skinpopessentiel.com/products/revuele-centella-regenerating-face-serum,SkinPopEssentiel,"['essence-&-serums', 'serum']",Abuja
REVUELE CENTELLA REPAIRING FACE GEL-CREAM,Revuele,6880.0,https://skinpopessentiel.com/products/revuele-centella-repairing-face-gel-cream,SkinPopEssentiel,"['face-moisturizer', 'face-moisturizer']",Abuja
REVUELE CERAMIDE ANTI-BLEMISH FACE MOISTURIZER WITH SPF 50,Revuele,6880.0,https://skinpopessentiel.com/products/revuele-ceramide-anti-blemish-face-moisturizer-with-spf-50,SkinPopEssentiel,"['face-moisturizer', 'face-cream']",Abuja
REVUELE CERAMIDE FACE MOISTURIZER WITH SPF,Revuele,6880.0,https://skinpopessentiel.com/products/revuele-ceramide-face-moisturizer-spf25,SkinPopEssentiel,"['face-moisturizer', 'face-cream']",Abuja
REVUELE CERAMIDE HYDRATING CLEANSER,Revuele,6880.0,https://skinpopessentiel.com/products/revuele-ceramide-hydrating-cleanser,SkinPopEssentiel,"['face-wash-&-cleansers', 'cleanser']",Abuja
REVUELE CERAMIDE MOISTURIZING CREAM - 200ML,Revuele,6665.0,https://skinpopessentiel.com/products/dirty-works-the-big-softie-body-butter-400ml,SkinPopEssentiel,"['body-moisturizer', 'body-cream', 'body-lotion']",Abuja
REVUELE CERAMIDE MOISTURIZING LOTION 250ML,Revuele,6880.0,https://skinpopessentiel.com/products/copy-dr-teals-body-lotion-532ml,SkinPopEssentiel,"['body-moisturizer', 'body-lotion']",Abuja
REVUELE DEEP CLEANSING OIL,Revuele,6880.0,https://skinpopessentiel.com/products/revuele-deep-cleansing-oil-1,SkinPopEssentiel,"['face-wash-&-cleansers', 'cleansing-oil', 'double-cleanser']",Abuja
REVUELE HYDRATING CLEANSING OIL,Revuele,6880.0,https://skinpopessentiel.com/products/revuele-hydrating-cleansing-oil,SkinPopEssentiel,"['face-wash-&-cleansers', 'cleansing-oil', 'double-cleanser']",Abuja
REVUELE NIACINAMIDE 15% SERUM,Revuele,6880.0,https://skinpopessentiel.com/products/revuele-niacinamide-15-serum,SkinPopEssentiel,"['essence-&-serums', 'serum']",Abuja
REVUELE NIACINAMIDE GEL-CREAM,Revuele,6880.0,https://skinpopessentiel.com/products/revuele-niacinamide-gel-cream,SkinPopEssentiel,"['essence-&-serums', 'serum']",Abuja
REVUELE NIACINAMIDE TONER- 200ML,Revuele,6880.0,https://skinpopessentiel.com/products/revuele-niacinamide-toner,SkinPopEssentiel,"['toners-&-exfoliants', 'toner']",Abuja
REVUELE QUENCHING GEL CLEANSER,Revuele,8815.0,https://skinpopessentiel.com/products/revuele-quenching-gel-cleanser,SkinPopEssentiel,"['face-wash-&-cleansers', 'cleanser']",Abuja
REVUELE QUENCHING WATER GEL,Revuele,8815.0,https://skinpopessentiel.com/products/revuele-quenching-water-gel,SkinPopEssentiel,"['face-moisturizer', 'face-cream', 'face-moisturizer']",Abuja
REVUELE QUENCHING WATER SERUM,Revuele,8815.0,https://skinpopessentiel.com/products/revuele-deep-cleansing-oil,SkinPopEssentiel,"['essence-&-serums', 'serum']",Abuja
REVUELE VITAMIN C 15% SERUM,Revuele,6880.0,https://skinpopessentiel.com/products/product-2,SkinPopEssentiel,"['essence-&-serums', 'serum']",Abuja
REVUELE VITAMIN C FACIAL CREAM CLEANSER,Revuele,6880.0,https://skinpopessentiel.com/products/revuele-vitamin-c-facial-cream-cleanser,SkinPopEssentiel,"['face-wash-&-cleansers', 'cleanser']",Abuja
REXONA 72H ADVANCED PROTECTION BAMBOO & ALOE VERA DEODORANT SPRAY- 200ML,Rexona,3870.0,https://skinpopessentiel.com/products/copy-copy-copy-copy-rexona-spray,SkinPopEssentiel,"['deodorant', 'deodorant']",Abuja
REXONA 72H ANTI BACTERIAL PROTECTION ANTI-PERSPIRANT DEODORANT SPRAY 200ML,Rexona,3870.0,https://skinpopessentiel.com/products/rexona-72h-anti-bacterial-protection-anti-perspirant-deodorant-spray-200ml,SkinPopEssentiel,"['deodorant', 'deodorant']",Abuja
REXONA 72H ANTI-PERSPIRANT DEODORANT SPRAY FOOTBALL FANATICS 200ML,Rexona,3870.0,https://skinpopessentiel.com/products/untitled-8apr_12-12,SkinPopEssentiel,"['deodorant', 'deodorant']",Abuja
REXONA 72H MOTION ACTIVATED SHOWER FRESH DEODORANT SPRAY - 200ML,Rexona,3870.0,https://skinpopessentiel.com/products/copy-copy-copy-copy-copy-rexona-spray,SkinPopEssentiel,"['deodorant', 'deodorant']",Abuja
REXONA 72H SEXY BOUQUET ANTI-PERSPIRANT DEODORANT SPRAY 200ML,Rexona,3870.0,https://skinpopessentiel.com/products/rexona-72h-sexy-bouquet-anti-perspirant-deodorant-spray-200ml,SkinPopEssentiel,"['deodorant', 'deodorant']",Abuja
REXONA ADVANCED PROTECTION 72H COTTON DRY ANTIPERSPIRANT DEODORANT SPRAY 200ML,Rexona,3870.0,https://skinpopessentiel.com/products/rexona-advanced-protection-72h-cotton-dry-antiperspirant-deodorant-spray-200ml,SkinPopEssentiel,"['deodorant', 'deodorant']",Abuja
REXONA ADVANCED PROTECTION 72H INVISIBLE ANTIPERSPIRANT DEODORANT SPRAY 200ML,Rexona,3870.0,https://skinpopessentiel.com/products/rexona-advanced-protection-72h-invisible-antiperspirant-deodorant-spray-200ml,SkinPopEssentiel,"['deodorant', 'deodorant']",Abuja
REXONA ANTI-PERSPIRANT DEODORANT SPRAY- POWDER DRY 200ML,Rexona,3870.0,https://skinpopessentiel.com/products/rexona-anti-perspirant-deodorant-spray-powder-dry-200ml,SkinPopEssentiel,"['deodorant', 'deodorant']",Abuja
REXONA MEN 72H MOTIONSENSE ADVANCED PROTECTION V8 DEODORANT SPRAY 200ML,Rexona,3870.0,https://skinpopessentiel.com/products/rexona-men-72h-motionsense-advanced-protection-v8-deodorant-spray-200ml,SkinPopEssentiel,"['deodorant', 'deodorant']",Abuja
REXONA MEN ADVANCED PROTECTION 72H XTRACOOL DEODORANT SPRAY 200ML,Rexona,3870.0,https://skinpopessentiel.com/products/rexona-men-advanced-protection-72h-deodorant-spray-200ml,SkinPopEssentiel,"['deodorant', 'deodorant']",Abuja
REXONA MEN ANTIBACTERIAL + INVISIBLE 72H DEODORANT SPRAY 200ML,Rexona,3870.0,https://skinpopessentiel.com/products/copy-rexona-men-antibacterial-invisible-72h-deodorant-spray-200ml,SkinPopEssentiel,"['deodorant', 'deodorant']",Abuja
REXONA MEN ANTIBACTERIAL PROTECTION 72H DEODORANT SPRAY 200ML,Rexona,3870.0,https://skinpopessentiel.com/products/rexona-men-antibacterial-protection-72h-deodorant-spray-200ml,SkinPopEssentiel,"['deodorant', 'deodorant']",Abuja
REXONA MEN MOTIONSENSE 48H COBALT DRY DEODORANT SPRAY 200ML,Rexona,3870.0,https://skinpopessentiel.com/products/copy-rexona-men-advanced-protection-72h-xtracool-deodorant-spray-200ml,SkinPopEssentiel,"['deodorant', 'deodorant']",Abuja
REXONA MEN PROTECTION ACTIVE+ 48H ANTI-TRACE DEODORANT SPRAY 200ML,Rexona,3870.0,https://skinpopessentiel.com/products/untitled-11aug_09-17,SkinPopEssentiel,['deodorant'],Abuja
REXONA MEN SPORT 72H MOTION ACTIVATED DEODORANT SPRAY 200ML,Rexona,3870.0,https://skinpopessentiel.com/products/copy-rexona-men-72h-motionsense-advanced-protection-v8-deodorant-spray-200ml,SkinPopEssentiel,"['deodorant', 'deodorant']",Abuja
RICE WATER BRIGHT FACIAL FOAMING CLEANSER,The Face Shop,6987.0,https://skinpopessentiel.com/products/rice-water-bright-facial-foaming-cleanser-300ml,SkinPopEssentiel,"['face-wash-&-cleansers', 'cleansing-oil', 'double-cleanser']",Abuja
RICE WATER BRIGHT LIGHT CLEANSING OIL 150ML,The Face Shop,7310.0,https://skinpopessentiel.com/products/rice-water-bright-light-cleansing-oil-150ml,SkinPopEssentiel,"['face-wash-&-cleansers', 'cleansing-oil', 'double-cleanser']",Abuja
RICE WATER BRIGHT RICH CLEANSING OIL 150ML,The Face Shop,7417.0,https://skinpopessentiel.com/products/rice-water-bright-rich-cleansing-oil-150ml,SkinPopEssentiel,"['face-wash-&-cleansers', 'cleansing-oil', 'double-cleanser']",Abuja
ROUNDLAB BIRCH MOISTURIZING SUNSCREEN UVLOCK SPF 45+ BROAD SPECTRUM,Round Lab,16985.0,https://skinpopessentiel.com/products/roundlab-birch-moisturizing-sunscreen-uvlock-spf-45-broad-spectrum,SkinPopEssentiel,"['sunscreen', 'sunscreen']",Abuja
SALTAIR EXOTIC PULP SKIN BRIGHTENING SERUM BODY WASH - 500ML,Saltair,33755.0,https://skinpopessentiel.com/products/saltair-body-wash,SkinPopEssentiel,"['body-wash', 'body-wash']",Abuja
SALTAIR SKIN SOFTENING SERUM BODY WASH- 500ML,Saltair,33755.0,https://skinpopessentiel.com/products/saltair-skin-softening-serum-body-wash-500ml,SkinPopEssentiel,"['body-wash', 'body-wash']",Abuja
SEOUL 1988 CAPSULE CREAM : NIACINAMIDE 5% + YUJA,K-Secret,14835.0,https://skinpopessentiel.com/products/seoul-1988-capsule-cream-niacinamide-5-yuja,SkinPopEssentiel,"['face-moisturizer', 'face-cream', 'face-moisturizer']",Abuja
SEOUL 1988 EYE CREAM : RETINAL LIPOSOME 4% + FERMENTED BEAN - 30g,K-Secret,14835.0,https://skinpopessentiel.com/products/seoul-1988-eye-cream-retinal-liposome-4-fermented-bean,SkinPopEssentiel,"['eye-cream-&-gel', 'eye']",Abuja
SEOUL 1988 FACE CREAM : RETINAL LIPOSOME 1% + FERMENTED RICE,K-Secret,17200.0,https://skinpopessentiel.com/products/seoul-1988-cream-retinal-liposome-1-fermented-rice,SkinPopEssentiel,"['face-moisturizer', 'face-cream', 'face-moisturizer']",Abuja
SEOUL 1988 GLOW SERUM : NIACINAMIDE 15% + YUJA,K-Secret,15480.0,https://skinpopessentiel.com/products/seoul-1988-glow-serum-niacinamide-15-yuja,SkinPopEssentiel,"['essence-&-serums', 'serum']",Abuja
SEOUL 1988 SERUM: RETINAL LIPOSOME 2% + BLACK GINSENG,K-Secret,14835.0,https://skinpopessentiel.com/products/sa,SkinPopEssentiel,['essence-&-serums'],Abuja
SEOUL 1988 SUN : PINE TREE + CERAMIDE,K-Secret,14620.0,https://skinpopessentiel.com/products/seoul-1988-sun-pine-tree-ceramide,SkinPopEssentiel,"['sunscreen', 'sunscreen']",Abuja
SHEA MOISTURE JAMAICAN BLACK CASTOR OIL STRENGTHEN & RESTORE SMOOTHIE - 326g,Shea Moisture,16125.0,https://skinpopessentiel.com/products/shea-moisture-jamaican-black-castor-oil-strengthen-restore-smoothie-326g,SkinPopEssentiel,"['hair-care', 'hair-care']",Abuja
SIMPLE ALL DAY MATTIFYING MOISTURIZER,Simple,6342.0,https://skinpopessentiel.com/products/simple-all-day-mattifying-moisturizer,SkinPopEssentiel,"['face-moisturizer', 'face-cream', 'face-moisturizer']",Abuja
SIMPLE BRIGHTENING EYE GEL,Simple,4837.0,https://skinpopessentiel.com/products/simple-brightening-eye-gel,SkinPopEssentiel,"['eye-cream-&-gel', 'eye']",Abuja
SIMPLE DAILY PURIFYING FACE WASH - 150ML,Simple,5805.0,https://skinpopessentiel.com/products/simple-daily-skin-detox-purifying-face-wash,SkinPopEssentiel,"['face-wash-&-cleansers', 'cleanser']",Abuja
SIMPLE DAILY SKIN DETOX CLEAR PORE SCRUB - 150ML,Simple,7955.0,https://skinpopessentiel.com/products/copy-of-copy-of-simple-kind-to-skin-soothing-facial-toner,SkinPopEssentiel,"['mask-&-scrubs', 'cleanser', 'scrub']",Abuja
SIMPLE DAILY SKIN DETOX OIL BE GONE MICELLAR WATER,Simple,3977.0,https://skinpopessentiel.com/products/simple-daily-skin-detox-oil-be-gone-micellar-water,SkinPopEssentiel,"['face-wash-&-cleansers', 'cleanser', 'double-cleanser']",Abuja
SIMPLE GLOW FACIAL WASH - VITAMIN C - 150ML,Simple,7955.0,https://skinpopessentiel.com/products/simple-glow-facial-wash-150ml,SkinPopEssentiel,"['face-wash-&-cleansers', 'cleanser', 'exfoliant']",Abuja
SIMPLE HYDRATING CLEANSING OIL,Simple,7955.0,https://skinpopessentiel.com/products/simple-hydrating-cleansing-oil,SkinPopEssentiel,"['face-wash-&-cleansers', 'cleansing-oil', 'double-cleanser']",Abuja
SIMPLE HYDRATING EYE GEL,Simple,4837.0,https://skinpopessentiel.com/products/simple-hydrating-eye-gel,SkinPopEssentiel,"['eye-cream-&-gel', 'eye']",Abuja
SIMPLE KIND TO SKIN HYDRATING LIGHT MOISTURIZER,Simple,5590.0,https://skinpopessentiel.com/products/simple-kind-to-skin-hydrating-light-moisturizer,SkinPopEssentiel,"['face-moisturizer', 'face-moisturizer']",Abuja
SIMPLE KIND TO SKIN MICELLAR CLEANSING WATER,Simple,4085.0,https://skinpopessentiel.com/products/copy-of-simple-kind-to-skin-refreshing-facial-gel-wash,SkinPopEssentiel,"['face-wash-&-cleansers', 'cleanser', 'double-cleanser']",Abuja
SIMPLE KIND TO SKIN REFRESHING FACIAL WASH - 150ML,Simple,4945.0,https://skinpopessentiel.com/products/simple-kind-to-skin-refreshing-facial-gel-wash,SkinPopEssentiel,"['face-wash-&-cleansers', 'cleanser']",Abuja
SIMPLE KIND TO SKIN REPLENISHING RICH MOISTURIZER,Simple,5590.0,https://skinpopessentiel.com/products/simple-kind-to-skin-replenishing-rich-moisturizer,SkinPopEssentiel,"['face-moisturizer', 'face-moisturizer']",Abuja
SIMPLE KIND TO SKIN SMOOTHING FACIAL SCRUB,Simple,4515.0,https://skinpopessentiel.com/products/simple-kind-to-skin-smoothing-facial-scrub,SkinPopEssentiel,"['mask-&-scrubs', 'scrub']",Abuja
SIMPLE KIND TO SKIN SOOTHING FACIAL TONER,Simple,4945.0,https://skinpopessentiel.com/products/copy-of-simple-kind-to-skin-micellar-cleansing-water-400ml,SkinPopEssentiel,"['toners-&-exfoliants', 'toner']",Abuja
SIMPLE KIND TO SKIN VITAL VITAMIN CREAM SPF15,Simple,4192.0,https://skinpopessentiel.com/products/simple-kind-to-skin-vital-vitamin-cream-spf15,SkinPopEssentiel,"['face-moisturizer', 'face-moisturizer']",Abuja
SIMPLE KIND TO SKIN VITAL VITAMIN NIGHT CREAM,Simple,5912.0,https://skinpopessentiel.com/products/simple-kind-to-skin-vital-vitamin-night-cream,SkinPopEssentiel,"['face-moisturizer', 'face-moisturizer']",Abuja
SIMPLE MICELLAR GEL WASH - 150ML,Simple,5805.0,https://skinpopessentiel.com/products/simple-micellar-gel-wash,SkinPopEssentiel,"['face-wash-&-cleansers', 'cleanser']",Abuja
SIMPLE MOISTURIZING FACIAL WASH - 150ML,Simple,4945.0,https://skinpopessentiel.com/products/simple-kind-to-skin-moisturizing-face-wash,SkinPopEssentiel,"['face-wash-&-cleansers', 'cleanser']",Abuja
SIMPLE NOURISHING SHOWER GEL- 1000ML,Simple,11825.0,https://skinpopessentiel.com/products/simple-nourishing-shower-gel,SkinPopEssentiel,"['body-wash', 'body-wash']",Abuja
SIMPLE PROTECT N GLOW TRIPLE PROTECT MOISTURIZER SPF30,Simple,7955.0,https://skinpopessentiel.com/products/simple-protect-n-glow-triple-protect-moisturizer-spf30,SkinPopEssentiel,"['face-moisturizer', 'face-moisturizer', 'sunscreen']",Abuja
SIMPLE PROTECT ‘N’ GLOW RADIANCE BOOSTER SPF 30,Simple,6235.0,https://skinpopessentiel.com/products/simple-protect-n-glow-radiance-booster-spf-30,SkinPopEssentiel,"['face-oil', 'face-oil']",Abuja
SIMPLE REFRESHING SHOWER GEL- 1000ML,Simple,11825.0,https://skinpopessentiel.com/products/simple-refreshing-shower-gel-1litre,SkinPopEssentiel,"['body-wash', 'body-wash']",Abuja
SIMPLE REGENERATION AGE RESISTING DAY CREAM SPF 15,Simple,6224.0,https://skinpopessentiel.com/products/copy-of-simple-regeneration-age-resisting-day-cream-spf-15,SkinPopEssentiel,"['face-moisturizer', 'face-cream', 'face-moisturizer']",Abuja
SIMPLE REGENERATION AGE RESISTING FACIAL WASH - 150ML,Simple,5805.0,https://skinpopessentiel.com/products/simple-regeneration-age-resisting-facial-wash,SkinPopEssentiel,"['face-wash-&-cleansers', 'cleanser']",Abuja
SIMPLE REGENERATION AGE RESISTING NIGHT CREAM,Simple,5375.0,https://skinpopessentiel.com/products/simple-regeneration-age-resisting-night-cream-1,SkinPopEssentiel,"['face-moisturizer', 'face-cream', 'face-moisturizer']",Abuja
SIMPLE REST & RESET 72h HYDRATING GEL,Simple,5375.0,https://skinpopessentiel.com/products/simple-reset-reset-72h-hydrating-gel,SkinPopEssentiel,"['face-moisturizer', 'face-moisturizer']",Abuja
SIMPLE SKIN DETOX AND BRIGHTEN CLAY MASK,Simple,3440.0,https://skinpopessentiel.com/products/copy-of-simple-kind-to-skin-express-glow-clay-polish,SkinPopEssentiel,"['mask-&-scrubs', 'cleanser', 'mask']",Abuja
SIMPLE WATER BOOST HYDRATING GEL CREAM,Simple,4945.0,https://skinpopessentiel.com/products/simple-water-boost-hydrating-gel-cream-1,SkinPopEssentiel,"['face-moisturizer', 'cleanser']",Abuja
SIMPLE WATER BOOST MICELLAR CLEANSING WATER,Simple,4085.0,https://skinpopessentiel.com/products/simple-water-boost-micellar-cleansing-water-400ml,SkinPopEssentiel,"['face-wash-&-cleansers', 'cleanser', 'double-cleanser']",Abuja
SIMPLE WATER BOOST SKIN QUENCH SLEEPING CREAM,Simple,4085.0,https://skinpopessentiel.com/products/simple-water-boost-skin-quench-sleeping-cream,SkinPopEssentiel,"['face-moisturizer', 'face-moisturizer']",Abuja
SKEENLOGIC 2% BHA CLARIFYING AND EXFOLIATING TONER- 200ML,Skeenlogic,13760.0,https://skinpopessentiel.com/products/skeenlogic-2-bha-clarifying-and-exfoliating-toner-200ml,SkinPopEssentiel,"['toners-&-exfoliants', 'toner']",Abuja
SKEENLOGIC 7% GLYCOLIC ACID DEEP GLOW TONER - 200ML,Skeenlogic,13760.0,https://skinpopessentiel.com/products/skeenlogic-7-glycolic-acid-deep-glow-toner-200ml,SkinPopEssentiel,"['toners-&-exfoliants', 'toner']",Abuja
SKEENLOGIC ACNE CREAMY FOAMING WASH 4% BENZOYL PEROXIDE- 200ML,Skeenlogic,12685.0,https://skinpopessentiel.com/products/skeenlogic-acne-creamy-foaming-wash-200ml,SkinPopEssentiel,[],Abuja
SKEENLOGIC AHA/BHA GENTLE DEEP PORE CLEANSER - 200ML,Skeenlogic,12685.0,https://skinpopessentiel.com/products/skeenlogic-aha-bha-gentle-deep-pore-cleanser-200ml,SkinPopEssentiel,"['face-wash-&-cleansers', 'cleanser']",Abuja
SKEENLOGIC BOUNCY FOAMING CLEANSER - 400ML,Skeenlogic,11825.0,https://skinpopessentiel.com/products/skeenlogic-bouncy-foaming-cleanser-400ml,SkinPopEssentiel,"['face-wash-&-cleansers', 'cleanser']",Abuja
SKIN AQUA UV SUPER MOISTURE GEL SPF 50 110G,Rohto,10965.0,https://skinpopessentiel.com/products/skin-aqua-uv-super-moisture-gel-spf-50-140g,SkinPopEssentiel,"['sunscreen', 'sunscreen']",Abuja
SKIN AQUA UV SUPER MOISTURE GEL SPF 50 140G,Rohto,13330.0,https://skinpopessentiel.com/products/skin-aqua-uv-super-moisture-gel-spf-50-110g,SkinPopEssentiel,"['sunscreen', 'sunscreen']",Abuja
"SKIN1004
MADAGASCAR CENTELLA ASIATICA 100% AMPOULE",Skin1004,9137.0,https://skinpopessentiel.com/products/skin1004-madagascar-centella-asiatica-100-ampoule,SkinPopEssentiel,"['essence-&-serums', 'serum']",Abuja
"SKIN1004
MADAGASCAR CENTELLA FOAM 125ML",Skin1004,14405.0,https://skinpopessentiel.com/products/skin1004-madagascar-centella-ampoule-foam-125ml,SkinPopEssentiel,"['face-wash-&-cleansers', 'cleanser']",Abuja
SKIN1004 CENTELLA LIGHT CLEANSING OIL 200ML,Skin1004,16662.0,https://skinpopessentiel.com/products/skin1004-centella-light-cleansing-oil,SkinPopEssentiel,"['face-wash-&-cleansers', 'cleansing-oil', 'double-cleanser']",Abuja
SKIN1004 CENTELLA SOOTHING CREAM - 75ML,Skin1004,16770.0,https://skinpopessentiel.com/products/skin1004-centella-soothing-cream,SkinPopEssentiel,"['face-moisturizer', 'face-cream', 'face-moisturizer']",Abuja
SKIN1004 CENTELLA TECA SOOTHING CREAM - 75ML,Skin1004,15480.0,https://skinpopessentiel.com/products/skin1004-centella-teca-soothing-cream-75ml,SkinPopEssentiel,"['face-moisturizer', 'face-cream', 'face-moisturizer']",Abuja
SKIN1004 HYALU-CICA SILKY-FIT SUN STICK SPF50+,Skin1004,15480.0,https://skinpopessentiel.com/products/skin1004-hyalu-cica-silky-fit-sun-stick-spf50,SkinPopEssentiel,"['sunscreen', 'sunscreen']",Abuja
SKIN1004 HYALU-CICA WATER-FIT SUN SERUM SPF50+,Skin1004,0.0,https://skinpopessentiel.com/products/skin1004-hyalu-cica-water-fit-sun-serum-spf50,SkinPopEssentiel,"['sunscreen', 'sunscreen']",Abuja
SKIN1004 MADAGASCAR CENTELLA CREAM,Skin1004,17630.0,https://skinpopessentiel.com/products/skin1004,SkinPopEssentiel,"['face-moisturizer', 'face-moisturizer']",Abuja
SKIN1004 MADAGASCAR CENTELLA HYALU-CICA BLUE SERUM,Skin1004,8589.0,https://skinpopessentiel.com/products/skin1004-madagascar-centella-hyalu-cica-blue-serum,SkinPopEssentiel,"['essence-&-serums', 'serum']",Abuja
SKIN1004 MADAGASCAR CENTELLA HYALU-CICA BRIGHTENING TONER 210ML,Skin1004,13437.0,https://skinpopessentiel.com/products/hyalu-cica-brightening-toner-210ml,SkinPopEssentiel,"['toners-&-exfoliants', 'toner']",Abuja
SKIN1004 MADAGASCAR CENTELLA HYALU-CICA MOISTURE CREAM 75ML,Skin1004,12362.0,https://skinpopessentiel.com/products/skin1004-madagascar-centella-hyalu-cica-moisture-cream,SkinPopEssentiel,"['face-moisturizer', 'face-moisturizer']",Abuja
SKIN1004 MADAGASCAR CENTELLA POREMIZING CLEAR TONER 210ML,SKIN1004,15695.0,https://skinpopessentiel.com/products/skin1004-madagascar-centella-poremizing-clear-toner-210ml,SkinPopEssentiel,"['toners-&-exfoliants', 'exfoliant', 'toner']",Abuja
SKIN1004 MADAGASCAR CENTELLA POREMIZING DEEP CLEANSING FOAM,Skin1004,13545.0,https://skinpopessentiel.com/products/skin1004-madagascar-centella-poremizing-deep-cleansing-foam,SkinPopEssentiel,"['face-wash-&-cleansers', 'cleanser']",Abuja
SKIN1004 MADAGASCAR CENTELLA POREMIZING FRESH AMPOULE - 50ML,Skin1004,13545.0,https://skinpopessentiel.com/products/skin1004-madagascar-centella-poremizing-fresh-ampoule,SkinPopEssentiel,"['essence-&-serums', 'serum']",Abuja
SKIN1004 MADAGASCAR CENTELLA POREMIZING LIGHT GEL CREAM 75ML,Skin1004,15695.0,https://skinpopessentiel.com/products/skin1004-madagascar-centella-poremizing-light-gel-cream-75ml,SkinPopEssentiel,"['face-moisturizer', 'face-cream', 'face-moisturizer']",Abuja
SKIN1004 MADAGASCAR CENTELLA PROBIO-CICA ENRICH CREAM,Skin1004,19995.0,https://skinpopessentiel.com/products/skin1004-madagascar-centella-probio-cica-enrich-cream,SkinPopEssentiel,"['face-moisturizer', 'face-moisturizer']",Abuja
SKIN1004 MADAGASCAR CENTELLA PROBIO-CICA ESSENCE TONER 210ML,Skin1004,15587.0,https://skinpopessentiel.com/products/skin1004-madagascar-centella-probio-cica-essence-toner-210ml,SkinPopEssentiel,"['toners-&-exfoliants', 'toner']",Abuja
SKIN1004 MADAGASCAR CENTELLA PROBIO-CICA INTENSIVE AMPOULE,Skin1004,10642.0,https://skinpopessentiel.com/products/skin1004-madagascar-centella-probio-cica-intensive-ampoule-50ml,SkinPopEssentiel,"['essence-&-serums', 'serum']",Abuja
SKIN1004 MADAGASCAR CENTELLA TEA-TRICA B5 CREAM,Skin1004,12362.0,https://skinpopessentiel.com/products/skin1004-madagascar-centella-tea-trica-b5-cream,SkinPopEssentiel,"['face-moisturizer', 'face-cream', 'face-moisturizer']",Abuja
SKIN1004 MADAGASCAR CENTELLA TEA-TRICA BHA FOAMING CLEANSER,Skin1004,9137.0,https://skinpopessentiel.com/products/skin1004-madagascar-centella-tea-trica-bha-foaming-cleanser,SkinPopEssentiel,"['face-wash-&-cleansers', 'cleanser']",Abuja
SKIN1004 MADAGASCAR CENTELLA TEA-TRICA PURIFYING TONER 210ML,Skin1004,15587.0,https://skinpopessentiel.com/products/skin1004-madagascar-centella-tea-trica-purifying-toner,SkinPopEssentiel,"['toners-&-exfoliants', 'exfoliant', 'toner']",Abuja
SKIN1004 MADAGASCAR CENTELLA TECA AMPOULE - 50ML,Skin1004,12255.0,https://skinpopessentiel.com/products/skin1004-teca-ampoule,SkinPopEssentiel,"['essence-&-serums', 'serum']",Abuja
SKIN1004 MADAGASCAR CENTELLA TECA SOOTHING TONER - 210ML,Skin1004,16770.0,https://skinpopessentiel.com/products/skin1004-madagascar-centella-teca-soothing-toner-210ml,SkinPopEssentiel,"['toners-&-exfoliants', 'exfoliant', 'toner']",Abuja
SKIN1004 MADAGASCAR CENTELLA TONE BRIGHTENING AMPOULE (SERUM),Skin1004,9460.0,https://skinpopessentiel.com/products/skin1004-madagascar-centella-tone-brightening-ampoule-serum,SkinPopEssentiel,"['essence-&-serums', 'serum']",Abuja
SKIN1004 MADAGASCAR CENTELLA TONE BRIGHTENING BOOSTING TONER 210ML,Skin1004,16555.0,https://skinpopessentiel.com/products/skin1004-madagascar-centella-tone-brightening-boosting-toner-210ml,SkinPopEssentiel,"['toners-&-exfoliants', 'toner']",Abuja
SKIN1004 MADAGASCAR CENTELLA TONE BRIGHTENING CLEANSING GEL,Skin1004,13545.0,https://skinpopessentiel.com/products/skin1004-madagascar-centella-tone-brightening-cleansing-gel-foaming-cleanser,SkinPopEssentiel,"['face-wash-&-cleansers', 'cleanser']",Abuja
SKIN1004 MADAGASCAR CENTELLA TONE BRIGHTENING CREAM 75ML,Skin1004,18275.0,https://skinpopessentiel.com/products/skin1004-madagascar-centella-tone-brightening-cream-75ml,SkinPopEssentiel,"['face-moisturizer', 'face-moisturizer']",Abuja
SKIN1004 MADAGASCAR CENTELLA TONING TONER 210ML,Skin1004,15910.0,https://skinpopessentiel.com/products/skin1004-madagascar-centella-toning-toner-210ml,SkinPopEssentiel,"['toners-&-exfoliants', 'toner']",Abuja
SKIN1004 MADAGASCAR CENTELLA TRAVEL KIT,Skin1004,0.0,https://skinpopessentiel.com/products/skin1004-madagascar-centella-travel-kit,SkinPopEssentiel,"['set', 'cleanser', 'essence', 'face-cream', 'face-moisturizer', 'serum', 'toner']",Abuja
SKIN1004 TEA-TRICA RELIEF AMPOULE,Skin1004,14512.0,https://skinpopessentiel.com/products/skin1004-tea-trica-relief-ampoule,SkinPopEssentiel,"['essence-&-serums', 'serum']",Abuja
SKINLITE DEPIGMENTATION TREATMENT CREAM,Benzac,7955.0,https://skinpopessentiel.com/products/skinlite,SkinPopEssentiel,"['treatment-&-gel', 'treatment']",Abuja
SNAIL BEE HIGH CONTENT ESSENCE,Benton,1935.0,https://skinpopessentiel.com/products/snail-bee-high-content-essence-60ml,SkinPopEssentiel,"['essence-&-serums', 'essence']",Abuja
SOAP AND GLORY VITAMIN C FACIAL WASH,Soap & Glory,7525.0,https://skinpopessentiel.com/products/soap-and-glory-vitamin-c-facial-wash,SkinPopEssentiel,"['face-wash-&-cleansers', 'cleanser']",Abuja
SPE GIFT CARD,SPE GIFT CARD,10000.0,https://skinpopessentiel.com/products/spe-gift-card,SkinPopEssentiel,['gift-cards'],Abuja
ST IVES BODY LOTION - SOOTHING OATMEAL & SHEA BUTTER BODY LOTION 621ML,St Ives,8600.0,https://skinpopessentiel.com/products/st-ives-body-lotion-soothing-oatmeal-shea-butter-body-lotion-621ml,SkinPopEssentiel,"['body-moisturizer', 'body-lotion']",Abuja
ST IVES BODY LOTION- COLLAGEN ELASTIN RENEWING BODY LOTION 621ML,St Ives,8600.0,https://skinpopessentiel.com/products/st-ives-body-lotion-collagen-elastin-renewing-body-lotion-621ml,SkinPopEssentiel,"['body-moisturizer', 'body-lotion']",Abuja
ST IVES BODY LOTION- HYDRATING VITAMIN E & AVOCADO BODY LOTION 621ML,St Ives,8600.0,https://skinpopessentiel.com/products/st-ives-body-lotion-hydrating-vitamin-e-avocado-body-lotion-621ml,SkinPopEssentiel,"['body-moisturizer', 'body-lotion']",Abuja
ST IVES BODY LOTION- SMOOTHING ROSE & ARGAN OIL BODY LOTION 621ML,St Ives,8600.0,https://skinpopessentiel.com/products/st-ives-body-lotion-621ml,SkinPopEssentiel,"['body-moisturizer', 'body-lotion']",Abuja
ST IVES BODY LOTION- SOFTENING COCONUT & ORCHID BODY LOTION 621ML,St Ives,8600.0,https://skinpopessentiel.com/products/st-ives-body-lotion-softening-coconut-orchid-body-lotion-621ml,SkinPopEssentiel,"['body-moisturizer', 'body-lotion']",Abuja
ST IVES BODY WASH- APRICOT 700ML,St Ives,8815.0,https://skinpopessentiel.com/products/st-ives-body-wash-apricot,SkinPopEssentiel,"['body-wash', 'body-wash']",Abuja
ST IVES BODY WASH- CITRUS & CHERRY BLOSSOM 650ML,St Ives,8600.0,https://skinpopessentiel.com/products/st-ives-body-wash-citrus-cherry-blossom-650ml,SkinPopEssentiel,"['body-wash', 'body-wash']",Abuja
ST IVES BODY WASH- EXFOLIATING SEA SALT AND PACIFIC KELP 650ML,St Ives,8815.0,https://skinpopessentiel.com/products/st-ives-body-wash-pampering-vanilla-oat-milk-650ml,SkinPopEssentiel,"['body-wash', 'body-wash']",Abuja
ST IVES BODY WASH- FRESH PEACH & JASMINE 650ML,St Ives,8600.0,https://skinpopessentiel.com/products/st-ives-body-wash-fresh-peach-jasmine-650ml,SkinPopEssentiel,"['body-wash', 'body-wash']",Abuja
ST IVES BODY WASH- HYDRATING COCONUT WATER & ORCHID 700ML,St Ives,8600.0,https://skinpopessentiel.com/products/st-ives-body-wash-hydrating-coconut-water-orchid-650ml,SkinPopEssentiel,"['body-wash', 'body-wash']",Abuja
ST IVES BODY WASH- PAMPERING VANILLA & OAT MILK 700ML,St Ives,8815.0,https://skinpopessentiel.com/products/st-ives-body-wash-pampering-vanilla-oat-milk-650ml-1,SkinPopEssentiel,"['body-wash', 'body-wash']",Abuja
ST IVES BODY WASH- PINK LEMON & MANDARIN ORANGE 650ML,St Ives,8600.0,https://skinpopessentiel.com/products/st-ives-body-wash-exfoliating-pink-lemon-mandarin-orange-650ml,SkinPopEssentiel,"['body-wash', 'body-wash']",Abuja
ST IVES BODY WASH- ROSE WATER & ALOE VERA 650ML,St Ives,8600.0,https://skinpopessentiel.com/products/st-ives-body-wash-rose-water-aloe-vera-650ml,SkinPopEssentiel,"['body-wash', 'body-wash']",Abuja
ST IVES BODY WASH- SOOTHING OATMEAL & SHEA BUTTER 700ML,St Ives,8815.0,https://skinpopessentiel.com/products/st-ives-body-wash-soothing-oatmeal-shea-butter-650ml,SkinPopEssentiel,"['body-wash', 'body-wash']",Abuja
ST IVES FRESH GLOW MICELLAR WATER- APRICOT - 400ML,St Ives,7095.0,https://skinpopessentiel.com/products/st-ives-fresh-glow-micellar-water-apricot,SkinPopEssentiel,"['face-wash-&-cleansers', 'micellar-water']",Abuja
ST IVES ROSY GLOW MICELLAR WATER - ROSE - 400ML,St Ives,8170.0,https://skinpopessentiel.com/products/st-ives-rosy-glow-micellar-water-400ml,SkinPopEssentiel,"['face-wash-&-cleansers', 'micellar-water']",Abuja
STRATIA LIQUID GOLD,Stratia,25262.0,https://skinpopessentiel.com/products/stratia-liquid-gold,SkinPopEssentiel,"['face-moisturizer', 'face-cream', 'face-moisturizer']",Abuja
SUN BUM MOISTURIZING SUNSCREEN LOTION SPF 50- 237ML,Sun Bum,11287.0,https://skinpopessentiel.com/products/sun-bum-moisturizing-sunscreen-lotion-spf-50,SkinPopEssentiel,"['sunscreen', 'body-lotion', 'sunscreen']",Abuja
SUNKISSED COLLAGEN AND VITAMIN C SKIN FIRMING SERUM,Sunkissed,6880.0,https://skinpopessentiel.com/products/sunkissed-cleansing-foam-1,SkinPopEssentiel,"['essence-&-serums', 'serum']",Abuja
SUNKISSED GLYCOLIC ACID GLOW TONER,Sunkissed,7095.0,https://skinpopessentiel.com/products/sunkissed-glow-toner,SkinPopEssentiel,"['toners-&-exfoliants', 'toner']",Abuja
SUNKISSED HYALURONIC ACID MIRACLE CREAM- 60ML,Sunkissed,9245.0,https://skinpopessentiel.com/products/sunkissed-hyaluronic-acid-miracle-cream-60ml,SkinPopEssentiel,"['face-moisturizer', 'face-moisturizer']",Abuja
SUNKISSED HYALURONIC ACID SERUM,Sunkissed,6880.0,https://skinpopessentiel.com/products/sunkissed-hyaluronic,SkinPopEssentiel,"['essence-&-serums', 'serum']",Abuja
SUNKISSED NIACINAMIDE NIGHT REPAIR REJUVENATING SERUM,Sunkissed,6880.0,https://skinpopessentiel.com/products/sunkissed,SkinPopEssentiel,"['essence-&-serums', 'serum']",Abuja
SUNKISSED RETINOL SERUM,Sunkissed,6880.0,https://skinpopessentiel.com/products/sunkissed-retinol,SkinPopEssentiel,"['essence-&-serums', 'serum']",Abuja
SUPER FACIALIST SALICYLIC ACID ANTI-BLEMISH CLEANSING WASH 150ML,Super Facialist,9890.0,https://skinpopessentiel.com/products/super-facialist-salicylic-acid-anti-blemish-cleansing-wash-150ml,SkinPopEssentiel,"['face-wash-&-cleansers', 'cleanser', 'exfoliant']",Abuja
SUPER FACIALIST VITAMIN C+ BRIGHTEN MICRO POLISH WASH,Super Facialist,12900.0,https://skinpopessentiel.com/products/superfacialist-vitamin-c-brighten-micro-polish-wash,SkinPopEssentiel,"['mask-&-scrubs', 'cleanser', 'mask']",Abuja
TAZAROTENE TREATMENT CREAM  0.01%,Tazret,12900.0,https://skinpopessentiel.com/products/tazarotene-cream-0-01,SkinPopEssentiel,"['treatment-&-gel', 'treatment']",Abuja
TAZAROTENE TREATMENT GEL 0.05%,Tazret,12255.0,https://skinpopessentiel.com/products/tazarotene-gel-0-05-w-w,SkinPopEssentiel,"['treatment-&-gel', 'treatment']",Abuja
THE INKEY LIST ALPHA ARBUTIN SERUM,The Inkey List,25262.0,https://skinpopessentiel.com/products/the-inkey-list-alpha-arbutin,SkinPopEssentiel,"['essence-&-serums', 'serum']",Abuja
THE INKEY LIST ALPHA HYDROXY ACID,The Inkey List,5568.0,https://skinpopessentiel.com/products/copy-of-the-inkey-list-beta-hydroxy-acid,SkinPopEssentiel,"['toners-&-exfoliants', 'exfoliant']",Abuja
THE INKEY LIST BAKUCHIOL,The Inkey List,16662.0,https://skinpopessentiel.com/products/the-inkey-list-bakuchiol,SkinPopEssentiel,"['face-moisturizer', 'face-cream', 'face-moisturizer']",Abuja
THE INKEY LIST BETA HYDROXY ACID,The Inkey List,10642.0,https://skinpopessentiel.com/products/the-inkey-list-beta-hydroxy-acid,SkinPopEssentiel,"['toners-&-exfoliants', 'exfoliant']",Abuja
THE INKEY LIST BRIGHTEN-I EYE CREAM,The Inkey List,13437.0,https://skinpopessentiel.com/products/the-inkey-list-brighten-i-eye-cream,SkinPopEssentiel,['eye-cream-&-gel'],Abuja
THE INKEY LIST CAFFEINE EYE CREAM,The Inkey List,15587.0,https://skinpopessentiel.com/products/inkey-list-caffeine-eye-cream,SkinPopEssentiel,"['eye-cream-&-gel', 'eye']",Abuja
THE INKEY LIST FULVIC & BRIGHTENING CLEANSER,The Inkey List,9621.0,https://skinpopessentiel.com/products/the-inkey-list-fulvic-brightening-cleanser,SkinPopEssentiel,"['face-wash-&-cleansers', 'cleanser']",Abuja
THE INKEY LIST GLYCOLIC ACID TONER,The Inkey List,0.0,https://skinpopessentiel.com/products/the-inkey-list-glycolic-acid-toner,SkinPopEssentiel,"['toners-&-exfoliants', 'exfoliant', 'toner']",Abuja
THE INKEY LIST HYALURONIC ACID,The Inkey List,15587.0,https://skinpopessentiel.com/products/the-inkey-list-hyaluronic-acid,SkinPopEssentiel,"['essence-&-serums', 'serum']",Abuja
THE INKEY LIST HYALURONIC ACID CLEANSER,The Inkey List,11610.0,https://skinpopessentiel.com/products/the-inkey-list-hyaluronic-acid-cleanser,SkinPopEssentiel,"['face-wash-&-cleansers', 'cleanser']",Abuja
THE INKEY LIST HYDRATION BOOST TRIO,The Inkey List,30100.0,https://skinpopessentiel.com/products/the-inkey-list,SkinPopEssentiel,"['set', 'cleanser', 'eye', 'face-cream', 'face-moisturizer', 'set']",Abuja
THE INKEY LIST KAOLIN CLAY MASK,The Inkey List,7740.0,https://skinpopessentiel.com/products/the-inkey-list-kaolin-clay-mask,SkinPopEssentiel,"['mask-&-scrubs', 'mask']",Abuja
THE INKEY LIST MADECASSOSIDE MASK,The Inkey List,8062.0,https://skinpopessentiel.com/products/the-inkey-list-madecassoside-mask,SkinPopEssentiel,"['mask-&-scrubs', 'mask']",Abuja
THE INKEY LIST MANDELIC ACID TREATMENT,The Inkey List,11287.0,https://skinpopessentiel.com/products/the-inkey-list-mandelic-acid-treatment,SkinPopEssentiel,"['treatment-&-gel', 'treatment']",Abuja
THE INKEY LIST MULTI-BIOTIC MOISTURIZER,The Inkey List,10212.0,https://skinpopessentiel.com/products/the-inkey-list-multi-biotic-moisturizer,SkinPopEssentiel,"['face-moisturizer', 'face-moisturizer']",Abuja
THE INKEY LIST NIACINAMIDE,The Inkey List,18812.0,https://skinpopessentiel.com/products/the-inkey-list-niacinamide,SkinPopEssentiel,"['essence-&-serums', 'serum']",Abuja
THE INKEY LIST OAT CLEANSING BALM,The Inkey List,9621.0,https://skinpopessentiel.com/products/the-inkey-list-oat-cleansing-balm-50ml,SkinPopEssentiel,"['face-wash-&-cleansers', 'cleanser']",Abuja
THE INKEY LIST OMEGA WATER CREAM,The Inkey List,15587.0,https://skinpopessentiel.com/products/the-inkey-list-omega-water-cream,SkinPopEssentiel,"['face-moisturizer', 'face-moisturizer']",Abuja
THE INKEY LIST PEPTIDE MOISTURIZER,The Inkey List,13437.0,https://skinpopessentiel.com/products/the-inkey-list-peptide-moisturizer,SkinPopEssentiel,"['face-moisturizer', 'face-cream', 'face-moisturizer']",Abuja
THE INKEY LIST PHA TONER,The Inkey List,0.0,https://skinpopessentiel.com/products/the-inkey-list-pha-toner,SkinPopEssentiel,"['toners-&-exfoliants', 'exfoliant', 'toner']",Abuja
THE INKEY LIST POLYGLUTAMIC ACID,The Inkey List,0.0,https://skinpopessentiel.com/products/the-inkey-list-polyglutamic-acid,SkinPopEssentiel,"['essence-&-serums', 'serum', 'treatment']",Abuja
THE INKEY LIST RETINOL EYE CREAM,The Inkey List,15587.0,https://skinpopessentiel.com/products/the-inkey-list-retinol-eye-serum,SkinPopEssentiel,"['eye-cream-&-gel', 'eye']",Abuja
THE INKEY LIST RETINOL SERUM,The Inkey List,0.0,https://skinpopessentiel.com/products/the-inkey-list-retinol,SkinPopEssentiel,"['essence-&-serums', 'serum']",Abuja
THE INKEY LIST SALICYLIC ACID CLEANSER,The Inkey List,23435.0,https://skinpopessentiel.com/products/the-inkey-list-salicylic-acid-cleanser,SkinPopEssentiel,"['face-wash-&-cleansers', 'cleanser']",Abuja
THE INKEY LIST SUCCINIC ACID ACNE TREATMENT,The Inkey List,19350.0,https://skinpopessentiel.com/products/the-inkey-list-succinic-acid-acne-treatment,SkinPopEssentiel,"['treatment-&-gel', 'treatment']",Abuja
THE INKEY LIST SUPER SOLUTIONS 10% AZELAIC ACID SERUM,The Inkey List,19887.0,https://skinpopessentiel.com/products/the-inkey-list-super-solutions-10-azelaic-acid-serum,SkinPopEssentiel,"['treatment-&-gel', 'treatment']",Abuja
THE INKEY LIST SUPERSIZE RETINOL 60ML,The Inkey List,18812.0,https://skinpopessentiel.com/products/the-inkey-list-retinol-60ml,SkinPopEssentiel,"['essence-&-serums', 'serum']",Abuja
THE INKEY LIST SYMBRIGHT MOISTURIZER,The Inkey List,18167.0,https://skinpopessentiel.com/products/the-inkey-list-symbright-moisturizer,SkinPopEssentiel,"['face-moisturizer', 'face-moisturizer']",Abuja
THE INKEY LIST TRANEXAMIC ACID NIGHT TREATMENT,The Inkey List,31712.0,https://skinpopessentiel.com/products/the-inkey-list-tranexamic-acid-night-treatment,SkinPopEssentiel,"['essence-&-serums', 'serum']",Abuja
THE INKEY LIST VIT B C & E,The Inkey List,13760.0,https://skinpopessentiel.com/products/the-inkey-vit-b-c-e,SkinPopEssentiel,"['face-moisturizer', 'face-moisturizer']",Abuja
THE INKEY LIST VITAMIN C SERUM,The Inkey List,11287.0,https://skinpopessentiel.com/products/the-inkey-list-vitamin-c,SkinPopEssentiel,"['essence-&-serums', 'serum']",Abuja
THE KOREAN KONJAC FACIAL SPONGE WITH ANTIOXIDANT GREEN TEA,The Konjac Sponge Co,4300.0,https://skinpopessentiel.com/products/the-korean-konjac-facial-sponge-with-antioxidant-green-tea,SkinPopEssentiel,"['face-wash-&-cleansers', 'cleanser']",Abuja
THE KOREAN KONJAC FACIAL SPONGE WITH FRENCH PINK CLAY,The Konjac Sponge Co,4300.0,https://skinpopessentiel.com/products/the-korean-konjac-facial-sponge-angel-cloth,SkinPopEssentiel,"['face-wash-&-cleansers', 'cleanser']",Abuja
THE KOREAN KONJAC FACIAL SPONGE- EXFOLIATING,The Konjac Sponge Co,4300.0,https://skinpopessentiel.com/products/the-korean-konjac-facial-sponge-exfoliating,SkinPopEssentiel,"['face-wash-&-cleansers', 'cleanser']",Abuja
THE KOREAN KONJAC FACIAL SPONGE- THE ANTI-POLLUTION ONE,The Konjac Sponge Co,4300.0,https://skinpopessentiel.com/products/the-korean-konjac-facial-sponge-the-anti-pollution-one,SkinPopEssentiel,"['face-wash-&-cleansers', 'cleanser']",Abuja
THE MULTI-VITAMIN DAILY NUTRIENTS BODY WASH,naturium,27412.0,https://skinpopessentiel.com/products/the-multi-vitamin-daily-nutrients-body-wash,SkinPopEssentiel,"['body-wash', 'body-wash']",Abuja
"THE ORDINARY ""BUFFET""- NOW MULTI-PEPTIDE + HA SERUM",The Ordinary,16662.0,https://skinpopessentiel.com/products/the-ordinary-buffet,SkinPopEssentiel,"['essence-&-serums', 'serum']",Abuja
THE ORDINARY 100% L ASCORBIC ACID POWDER,The Ordinary,7310.0,https://skinpopessentiel.com/products/the-ordinary-100-l-ascorbic-acid-powder,SkinPopEssentiel,"['essence-&-serums', 'serum']",Abuja
THE ORDINARY 100% NIACINAMIDE POWDER,The Ordinary,6665.0,https://skinpopessentiel.com/products/the-ordinary-100-niacinamide-powder,SkinPopEssentiel,"['essence-&-serums', 'serum']",Abuja
THE ORDINARY 100% PLANT DERIVED HEMI-SQUALANE,The Ordinary,6665.0,https://skinpopessentiel.com/products/the-ordinary-100-plant-derived-hemi-squalane,SkinPopEssentiel,"['essence-&-serums', 'serum']",Abuja
THE ORDINARY 100% PYCNOGENOL 5%,The Ordinary,19887.0,https://skinpopessentiel.com/products/the-ordinary-100-pycnogenol-5,SkinPopEssentiel,"['essence-&-serums', 'serum']",Abuja
THE ORDINARY AHA + BHA PEELING SOLUTION,The Ordinary,17737.0,https://skinpopessentiel.com/products/the-ordinary-aha-bha-peeling-solution,SkinPopEssentiel,"['toners-&-exfoliants', 'exfoliant']",Abuja
THE ORDINARY ALPHA ARBUTIN,The Ordinary,24940.0,https://skinpopessentiel.com/products/the-ordinary-alpha-arbutin,SkinPopEssentiel,"['essence-&-serums', 'serum']",Abuja
THE ORDINARY ARGIRELINE SOLUTION 10%,The Ordinary,17092.0,https://skinpopessentiel.com/products/the-ordinary-argireline-solution-10,SkinPopEssentiel,"['essence-&-serums', 'serum']",Abuja
THE ORDINARY ASCORBIC ACID 8% ALPHA ARBUTIN,The Ordinary,12362.0,https://skinpopessentiel.com/products/the-ordinary-ascorbic-acid-8-alpha-arbutin,SkinPopEssentiel,"['essence-&-serums', 'serum']",Abuja
THE ORDINARY AZELAIC ACID SUSPENSION,The Ordinary,20962.0,https://skinpopessentiel.com/products/the-ordinary-azelaic-acid-suspension,SkinPopEssentiel,"['essence-&-serums', 'serum']",Abuja
THE ORDINARY CAFFEINE SOLUTION 30ML,The Ordinary,10642.0,https://skinpopessentiel.com/products/the-ordinary-caffeine-solution-30ml,SkinPopEssentiel,"['essence-&-serums', 'serum']",Abuja
THE ORDINARY COLD PRESSED ROSE HIP SEED OIL,The Ordinary,18167.0,https://skinpopessentiel.com/products/the-ordinary-cold-pressed-rose-hip-seed-oil,SkinPopEssentiel,"['face-oil', 'face-oil']",Abuja
THE ORDINARY GLUCOSIDE FOAMING CLEANSER 150ML,The Ordinary,13437.0,https://skinpopessentiel.com/products/the-ordinary-glucoside-foaming-cleanser-150ml,SkinPopEssentiel,"['face-wash-&-cleansers', 'cleanser']",Abuja
THE ORDINARY GLYCOLIC ACID TONING SOLUTION,The Ordinary,18920.0,https://skinpopessentiel.com/products/the-ordinary-glycolic-acid,SkinPopEssentiel,"['toners-&-exfoliants', 'exfoliant', 'toner']",Abuja
THE ORDINARY GRANACTIVE RETINOID 2% EMULSION,The Ordinary,19887.0,https://skinpopessentiel.com/products/the-ordinary-granactive-retinoid-2-emulsion-1,SkinPopEssentiel,"['face-moisturizer', 'emulsion', 'face-moisturizer']",Abuja
THE ORDINARY GRANACTIVE RETINOID 5% IN SQUALANE,The Ordinary,12362.0,https://skinpopessentiel.com/products/the-ordinary-retinoid-5-in-squalane,SkinPopEssentiel,"['essence-&-serums', 'serum']",Abuja
THE ORDINARY HYALURONIC ACID- 30ML,The Ordinary,14942.0,https://skinpopessentiel.com/products/the-ordinary-hyaluronic-acid-30ml,SkinPopEssentiel,"['essence-&-serums', 'serum']",Abuja
THE ORDINARY HYALURONIC ACID- 60ML,The Ordinary,10212.0,https://skinpopessentiel.com/products/the-ordinary-hyaluronic-acid-60ml,SkinPopEssentiel,"['essence-&-serums', 'serum']",Abuja
THE ORDINARY LACTIC ACID 10%,The Ordinary,23112.0,https://skinpopessentiel.com/products/the-ordinary-lactic-acid-10,SkinPopEssentiel,"['toners-&-exfoliants', 'exfoliant']",Abuja
THE ORDINARY LACTIC ACID 5%,The Ordinary,19339.0,https://skinpopessentiel.com/products/the-ordinary-lactic-acid-5,SkinPopEssentiel,"['toners-&-exfoliants', 'exfoliant']",Abuja
THE ORDINARY MANDELIC ACID 10%,The Ordinary,14512.0,https://skinpopessentiel.com/products/the-ordinary-mandelic-acid-10,SkinPopEssentiel,"['toners-&-exfoliants', 'exfoliant']",Abuja
THE ORDINARY MARINE HYALURONICS,The Ordinary,15587.0,https://skinpopessentiel.com/products/the-ordinary-marine-hyaluronics,SkinPopEssentiel,"['essence-&-serums', 'serum']",Abuja
THE ORDINARY MATRIXYL 10% + HA,The Ordinary,18167.0,https://skinpopessentiel.com/products/the-ordinary-airgline-solution,SkinPopEssentiel,"['essence-&-serums', 'serum']",Abuja
THE ORDINARY MOISTURIZING FACTORS + HA 100ML,The Ordinary,17737.0,https://skinpopessentiel.com/products/the-ordinary-moisturizing-factors-ha,SkinPopEssentiel,"['face-moisturizer', 'face-moisturizer']",Abuja
THE ORDINARY NIACINAMIDE 10% + ZINC 1%,The Ordinary,15910.0,https://skinpopessentiel.com/products/the-ordinary-niacinamide-10-zinc-1-30ml,SkinPopEssentiel,"['essence-&-serums', 'serum']",Abuja
THE ORDINARY RESVERATROL 3% + FERULIC ACID 3%,The Ordinary,17092.0,https://skinpopessentiel.com/products/the-ordinary-resveratrol-3-ferulic-acid-3,SkinPopEssentiel,"['essence-&-serums', 'serum']",Abuja
THE ORDINARY RETINOL 0.2% IN SQUALANE,The Ordinary,14512.0,https://skinpopessentiel.com/products/the-ordinary-retinol-0-2-in-squalane,SkinPopEssentiel,"['essence-&-serums', 'face-oil', 'serum']",Abuja
THE ORDINARY RETINOL 0.5% IN SQUALANE,The Ordinary,15587.0,https://skinpopessentiel.com/products/the-ordinary-retinol-0-5-in-squalane,SkinPopEssentiel,"['essence-&-serums', 'face-oil', 'serum']",Abuja
THE ORDINARY RETINOL 1% IN SQUALANE,The Ordinary,21930.0,https://skinpopessentiel.com/products/the-ordinary-retinol-1-in-squalane,SkinPopEssentiel,"['essence-&-serums', 'serum']",Abuja
THE ORDINARY SALICYLIC ACID 2% ANHYDROUS SOLUTION,The Ordinary,13867.0,https://skinpopessentiel.com/products/copy-of-the-ordinary-salicylic-acid-2-anhydrous-solution,SkinPopEssentiel,"['essence-&-serums', 'serum']",Abuja
THE ORDINARY SALICYLIC ACID 2% MASQUE,The Ordinary,15587.0,https://skinpopessentiel.com/products/the-ordinary-salicylic-acid-masque,SkinPopEssentiel,"['mask-&-scrubs', 'mask']",Abuja
THE ORDINARY SALICYLIC ACID 2% SOLUTION,The Ordinary,12362.0,https://skinpopessentiel.com/products/the-ordinary-salicylic-acid-2-solution,SkinPopEssentiel,"['essence-&-serums', 'serum']",Abuja
THE ORDINARY SKIN SUPPORT SET (NIACINAMIDE & HYALURONIC ACID),The Ordinary,25800.0,https://skinpopessentiel.com/products/the-ordinary-skin-support-set,SkinPopEssentiel,"['essence-&-serums', 'serum']",Abuja
THE ORDINARY VIT C 30% IN SILICONE,The Ordinary,9890.0,https://skinpopessentiel.com/products/the-ordinary-vit-c-30-in-silicone,SkinPopEssentiel,"['essence-&-serums', 'serum']",Abuja
THE ORDINARY VIT C SUSPENSION + HA SPHERES,The Ordinary,13437.0,https://skinpopessentiel.com/products/the-ordinary-vit-c-suspension-ha-spheres,SkinPopEssentiel,"['face-moisturizer', 'serum']",Abuja
THE PERFECTOR SALICYLIC ACID BODY WASH,Naturium,27412.0,https://skinpopessentiel.com/products/the-perfector-salicylic-acid-body-wash,SkinPopEssentiel,"['body-wash', 'body-wash']",Abuja
THE SOLUTION RETINOL SMOOTHING BODY LOTION - 200ML,The Solution,11823.0,https://skinpopessentiel.com/products/the-solution-retinol-smoothing-body-lotion-200ml,SkinPopEssentiel,"['body-moisturizer', 'body-cream', 'body-lotion']",Abuja
THE SOLUTION SALICYLIC ACID CLEAR SKIN BODY GEL - 200ML,The Solution,11825.0,https://skinpopessentiel.com/products/the-solution-salicylic-acid-clear-skin-body-gel-200ml,SkinPopEssentiel,"['body-moisturizer', 'body-lotion', 'exfoliant', 'treatment']",Abuja
THE SOLUTION VITAMIN C BRIGHTENING BODY LOTION - 200ML,The Solution,11814.0,https://skinpopessentiel.com/products/the-solution-vitamin-c-brightening-body-lotion-200ml,SkinPopEssentiel,"['body-moisturizer', 'body-cream', 'body-lotion']",Abuja
TIAM AC FIGHTING AHA BHA PHA TONER,Tiam,10750.0,https://skinpopessentiel.com/products/tiam-ac,SkinPopEssentiel,"['toners-&-exfoliants', 'exfoliant', 'toner']",Abuja
TIAM AC FIGHTING OIL-FREE AQUA CREAM 80ML,Tiam,11180.0,https://skinpopessentiel.com/products/tiam-ac-fighting-oil-free-aqua-cream-80ml,SkinPopEssentiel,"['face-moisturizer', 'face-cream', 'face-moisturizer']",Abuja
TIAM ALPHA MELA CREAM,Tiam,12900.0,https://skinpopessentiel.com/products/tiam-alpha-mela-cream,SkinPopEssentiel,"['face-moisturizer', 'face-moisturizer']",Abuja
TIAM B3 NIACIN SUNSCREEN SPF 50+,Tiam,12255.0,https://skinpopessentiel.com/products/tiam-b3-niacin-sunscreen-spf50,SkinPopEssentiel,"['sunscreen', 'sunscreen']",Abuja
TIAM DAILY SUN CARE CREAM,Tiam,9137.0,https://skinpopessentiel.com/products/copy-tiam-daily-sun-care-cream,SkinPopEssentiel,"['sunscreen', 'sunscreen']",Abuja
TIAM GLOW 333 CAPSULE CREAM,Tiam,13330.0,https://skinpopessentiel.com/products/tiam-glow-333-capsule-cream,SkinPopEssentiel,"['face-moisturizer', 'face-cream', 'face-moisturizer']",Abuja
TIAM HYALURONIC GLOW REVIVE SERUM,Tiam,13330.0,https://skinpopessentiel.com/products/tiam-hyaluronic-glow-revive-serum,SkinPopEssentiel,"['essence-&-serums', 'serum']",Abuja
TIAM HYALURONIC WATER PLUMPING SERUM,Tiam,10642.0,https://skinpopessentiel.com/products/tiam-hyaluronic-water-plumping-serum-1,SkinPopEssentiel,"['essence-&-serums', 'serum']",Abuja
TIAM PANTHENOL MOIST CREAM,Tiam,11287.0,https://skinpopessentiel.com/products/tiam-panthenol-moist-cream,SkinPopEssentiel,"['face-moisturizer', 'face-cream']",Abuja
TIAM PORE MINIMIZING 21 CREAM,Tiam,10642.0,https://skinpopessentiel.com/products/tiam-pore-minimizing-21-cream-1,SkinPopEssentiel,"['face-moisturizer', 'face-cream', 'face-moisturizer']",Abuja
TIAM PORE SERUM,Tiam,10965.0,https://skinpopessentiel.com/products/copy-tiam-pore-serum,SkinPopEssentiel,"['essence-&-serums', 'serum']",Abuja
TIAM SNAIL & AZULENE CALMFORT CREAM,Tiam,12685.0,https://skinpopessentiel.com/products/tiam-snail-azulene-calmfort-cream,SkinPopEssentiel,"['face-moisturizer', 'face-cream', 'face-moisturizer']",Abuja
TIAM SNAIL & AZULENE WATER ESSENCE 180ML,Tiam,9890.0,https://skinpopessentiel.com/products/tiam-snail-azulene-water-essence-150ml,SkinPopEssentiel,"['essence-&-serums', 'essence']",Abuja
TIAM SNAIL AND AZULENE LOW PH CLEANSER,Tiam,9890.0,https://skinpopessentiel.com/products/tiam-snail-and-azulene-cleanser,SkinPopEssentiel,"['face-wash-&-cleansers', 'cleanser']",Abuja
TIAM VITA A BAKUCHIOL FIRMING EYE CREAM,Tiam,10212.0,https://skinpopessentiel.com/products/tiam-vita-a-bakuchiol-firming-eye-cream,SkinPopEssentiel,"['eye-cream-&-gel', 'eye']",Abuja
TIAM VITA A BAKUCHIOL YOUTH SERUM,Tiam,10535.0,https://skinpopessentiel.com/products/tiam-vita-a-bakuchiol-youth-serum-2,SkinPopEssentiel,"['essence-&-serums', 'serum']",Abuja
TIAM VITA B3 MIST TONER,Tiam,10965.0,https://skinpopessentiel.com/products/tiam-vita-mist-toner,SkinPopEssentiel,"['toners-&-exfoliants', 'mist', 'toner']",Abuja
TIAM VITA B3 SOURCE,Tiam,10535.0,https://skinpopessentiel.com/products/tiam-vitamin-b3-source,SkinPopEssentiel,"['essence-&-serums', 'serum']",Abuja
TIAM VITA B5 TONER,Tiam,11610.0,https://skinpopessentiel.com/products/tiam-vita-b5-toner,SkinPopEssentiel,"['toners-&-exfoliants', 'toner']",Abuja
TIAM VITAMIN C 24 SURPRISE SERUM 30ML,Tiam,10965.0,https://skinpopessentiel.com/products/tiam-vitamin-c-24-surprise-serum,SkinPopEssentiel,"['essence-&-serums', 'serum']",Abuja
TIMELESS 10% VITAMIN C + E FERULIC ACID SERUM,Timeless,7514.0,https://skinpopessentiel.com/products/timeless-10-vitamin-c-e-ferulic-acid-serum,SkinPopEssentiel,"['essence-&-serums', 'serum']",Abuja
TIMELESS VITAMIN C SERUM - 30ML,Timeless,22575.0,https://skinpopessentiel.com/products/timeless-vitamin-c-serum-1,SkinPopEssentiel,"['essence-&-serums', 'serum']",Abuja
TOCOBO BIO WATERY SUN CREAM SPF50+,Tocobo,13975.0,https://skinpopessentiel.com/products/tocobo-bio-watery-sun-cream-spf50,SkinPopEssentiel,"['sunscreen', 'sunscreen']",Abuja
TOCOBO COTTON SOFT SUN STICK SPF50+,Tocobo,15910.0,https://skinpopessentiel.com/products/tocobo-cotton-soft-sun-stick-spf50,SkinPopEssentiel,"['sunscreen', 'sunscreen']",Abuja
TONY MOLY CERAMIDE MOCHI WATER CREAM,Tony Moly,13330.0,https://skinpopessentiel.com/products/copy-tony-moly-ceramide-mochi-water-cream,SkinPopEssentiel,"['face-moisturizer', 'face-cream', 'face-moisturizer']",Abuja
TONYMOLY WONDER CERAMIDE MOCHI EMULSION FACE MOISTURIZER 300ML,Tony Moly,12900.0,https://skinpopessentiel.com/products/tonymoly-wonder-ceramide-mochi-emulsion-face-moisturizer-300ml,SkinPopEssentiel,"['face-moisturizer', 'face-moisturizer']",Abuja
TONYMOLY WONDER CERAMIDE MOCHI TONER,Tony Moly,12685.0,https://skinpopessentiel.com/products/tonymoly-wonder-ceramide-mochi-toner-500ml,SkinPopEssentiel,"['toners-&-exfoliants', 'toner']",Abuja
TONYMOLY WONDER RICE SMOOTHING TONER - 500ML,Tony Moly,15480.0,https://skinpopessentiel.com/products/tonymoly-wonder-rice-smoothing-toner,SkinPopEssentiel,"['toners-&-exfoliants', 'toner']",Abuja
TONYMOLY WONDER WONDER LEMON VITA C TONER - 300ML,Tony Moly,15480.0,https://skinpopessentiel.com/products/tonymoly-wonder-wonder-lemon-vita-c-toner-500ml,SkinPopEssentiel,"['toners-&-exfoliants', 'toner']",Abuja
TOPICALS FADED,Topicals,0.0,https://skinpopessentiel.com/products/topicals-faded,SkinPopEssentiel,"['treatment-&-gel', 'serum', 'treatment']",Abuja
TOPICALS SLATHER EXFOLIATING BODY SERUM,Topicals,25692.0,https://skinpopessentiel.com/products/topicals-slather-exfoliating-body-serum,SkinPopEssentiel,"['toners-&-exfoliants', 'exfoliant', 'serum']",Abuja
TOPICREM BABY CLEANSING WIPES (60 wipes),Topicrem,6665.0,https://skinpopessentiel.com/products/topicrem-baby-cleansing-wipes-60-wipes,SkinPopEssentiel,"['beauty-tools-&-accessories', 'beauty-tools']",Abuja
TOPICREM BABY GENTLE CLEANSING GEL with organic chestnut - 500ML,Topicrem,22575.0,https://skinpopessentiel.com/products/topicrem-baby-gentle-cleansing-gel-500ml,SkinPopEssentiel,"['face-wash-&-cleansers', 'body-wash', 'cleanser']",Abuja
"TOPICREM CICA+
SOOTHING CREAM",Topicrem,16555.0,https://skinpopessentiel.com/products/topicrem-cica-soothing-cream,SkinPopEssentiel,"['face-moisturizer', 'face-cream', 'face-moisturizer']",Abuja
TOPICREM ULTRA HYDRANT - MOISTURIZING Shower oil,Topicrem,22575.0,https://skinpopessentiel.com/products/topicrem-ultra-moisturizing-shower-oil,SkinPopEssentiel,"['body-wash', 'body-wash']",Abuja
TOPICREM ULTRA RICH CLEANSING GEL - 500ML,Topicrem,24940.0,https://skinpopessentiel.com/products/topicremultra-rich-cleansing-gel,SkinPopEssentiel,"['face-wash-&-cleansers', 'body-wash', 'cleanser']",Abuja
TOPICREM ULTRA-MOISTURIZING BODY MILK,Topicrem,25800.0,https://skinpopessentiel.com/products/topicrem-ultra-moisturizing-body-milk,SkinPopEssentiel,"['body-moisturizer', 'body-cream', 'body-lotion']",Abuja
TOUCH ACNE TREATMENT GEL - BENZOYL PEROXIDE 2.5%,Touch,17092.0,https://skinpopessentiel.com/products/touch-acne-treatment-gel-benzoyl-peroxide-2-5,SkinPopEssentiel,"['treatment-&-gel', 'treatment']",Abuja
TOUCH BRIGHT AND CLEAR CREAM,Touch,25585.0,https://skinpopessentiel.com/products/touch-bright-and-clear-cream,SkinPopEssentiel,"['treatment-&-gel', 'treatment']",Abuja
TREE HUT PINEAPPLE SHEA SUGAR SCRUB,Tree Hut,10212.0,https://skinpopessentiel.com/products/tree-hut-pineapple-shea-sugar-scrub,SkinPopEssentiel,"['mask-&-scrubs', 'body-scrub']",Abuja
TREE HUT SHEA SUGAR SCRUB COCO COLADA,Tree Hut,6235.0,https://skinpopessentiel.com/products/tree-hut-shea-sugar-scrub-coco-colada,SkinPopEssentiel,['mask-&-scrubs'],Abuja
TREE HUT SHEA SUGAR SCRUB COCONUT & LIME,Tree Hut,17189.0,https://skinpopessentiel.com/products/tree-hut-shea-sugar-scrub-coconut-lime,SkinPopEssentiel,"['mask-&-scrubs', 'body-scrub']",Abuja
TREE HUT STRAWBERRY SHEA SUGAR SCRUB,Tree Hut,9567.0,https://skinpopessentiel.com/products/tree-hut-strawberry-shea-sugar-scrub,SkinPopEssentiel,"['mask-&-scrubs', 'body-scrub']",Abuja
TREE HUT VITAMIN C SHEA SUGAR SCRUB,Tree Hut,18812.0,https://skinpopessentiel.com/products/tree-hut-vitamin-c-shea-sugar-scrub,SkinPopEssentiel,"['mask-&-scrubs', 'body-scrub']",Abuja
TRESEMME CONDITIONER KERATIN SMOOTH - 828ML,Tresemme,9245.0,https://skinpopessentiel.com/products/tresemme-conditioner-keratin-smooth-828ml,SkinPopEssentiel,"['hair-care', 'hair-care']",Abuja
"TRESEMME RICH MOISTURE CONDITIONER FOR DRY HAIR, 1.15 LITRE",Tresemme,9675.0,https://skinpopessentiel.com/products/tresemme-rich-moisture-conditioner-for-dry-hair-1-15ml,SkinPopEssentiel,"['hair-care', 'hair-care']",Abuja
TRESEMME RICH MOISTURE SHAMPOO 1.15L,Tresemme,9675.0,https://skinpopessentiel.com/products/tresemme-shampoo-1-15l-rich-moisture,SkinPopEssentiel,"['hair-care', 'hair-care']",Abuja
TRESEMME SHAMPOO KERATIN SMOOTH 828ML,Tresemme,9245.0,https://skinpopessentiel.com/products/tresemme-shampoo-keratin-smooth-828ml,SkinPopEssentiel,"['hair-care', 'hair-care']",Abuja
TRETIHEAL 0.025% TRETINOIN TREATMENT CREAM,Tretinoin,4945.0,https://skinpopessentiel.com/products/tretiheal-0-025-tretinoin-cream,SkinPopEssentiel,"['treatment-&-gel', 'treatment']",Abuja
TRETIHEAL 0.05% TRETINOIN TREATMENT CREAM,Tretinoin,5160.0,https://skinpopessentiel.com/products/tretiheal-tretinoin-0-05-cream,SkinPopEssentiel,"['treatment-&-gel', 'treatment']",Abuja
TRETIHEAL 0.1% TRETINOIN TREATMENT CREAM,Tretinoin,5375.0,https://skinpopessentiel.com/products/tretiheal-0-1-tretinoin-cream,SkinPopEssentiel,"['treatment-&-gel', 'treatment']",Abuja
TRETIN 0.05% TRETINOIN TREATMENT CREAM - 30g,Tretinoin,7955.0,https://skinpopessentiel.com/products/copy-retino-a-tretinoin-0-05-cream-20g,SkinPopEssentiel,"['treatment-&-gel', 'treatment']",Abuja
TRILUMA TREATMENT CREAM,Triluma,15910.0,https://skinpopessentiel.com/products/triluma-hydroquinone,SkinPopEssentiel,"['treatment-&-gel', 'treatment']",Abuja
UNCOVER ALOE INVISIBLE SUNSCREEN,Uncover,14835.0,https://skinpopessentiel.com/products/uncover-aloe-invisible-sunscreen,SkinPopEssentiel,"['sunscreen', 'sunscreen']",Abuja
UNCOVER ARGAN HYDRATING MOISTURISER - 100ML,Uncover,17845.0,https://skinpopessentiel.com/products/uncover-argan-hydrating-moisturiser-100ml,SkinPopEssentiel,"['face-moisturizer', 'face-moisturizer']",Abuja
UNCOVER BAOBAB GLOW C SERUM,Uncover,24940.0,https://skinpopessentiel.com/products/uncover-baobab-glow-c-serum,SkinPopEssentiel,"['essence-&-serums', 'serum']",Abuja
UNCOVER ESSENTIALS SKINCARE KIT,Uncover,46225.0,https://skinpopessentiel.com/products/uncover-essentials-skincare-kit,SkinPopEssentiel,"['set', 'cleanser', 'face-moisturizer', 'sunscreen']",Abuja
UNCOVER GREEN TEA BLEMISH CONTROL SERUM,Uncover,17630.0,https://skinpopessentiel.com/products/uncover-green-tea-blemish-control-serum,SkinPopEssentiel,"['essence-&-serums', 'serum']",Abuja
UNCOVER GREEN TEA REVITALISING CLEANSER,Uncover,12470.0,https://skinpopessentiel.com/products/uncover-green-tea-revitalising-cleanser,SkinPopEssentiel,"['face-wash-&-cleansers', 'cleanser']",Abuja
UNCOVER I AM BEAUTIFUL GREEN TEA DETOXIFYING SHEET MASK,Uncover,4085.0,https://skinpopessentiel.com/products/uncover-i-am-beautiful-green-tea-detoxifying-sheet-mask,SkinPopEssentiel,"['mask-&-scrubs', 'sheet-mask']",Abuja
UNCOVER I AM BRILLIANT - VITAMIN C BRIGHTENING SHEET MASK,Uncover,4085.0,https://skinpopessentiel.com/products/uncover-i-am-brilliant-vitamin-c-brightening-sheet-mask,SkinPopEssentiel,"['mask-&-scrubs', 'sheet-mask']",Abuja
UNCOVER I AM COOL ALOE VERA CALMING SHEET MASK,Uncover,3870.0,https://skinpopessentiel.com/products/uncover-i-am-cool-aloe-vera-calming-sheet-mask,SkinPopEssentiel,"['mask-&-scrubs', 'sheet-mask']",Abuja
UNCOVER I AM SECURED SPOT PATCHES,Uncover,8600.0,https://skinpopessentiel.com/products/uncover-i-am-secured-spot-patches,SkinPopEssentiel,"['treatment-&-gel', 'treatment']",Abuja
UNCOVER LICORICE ROOT DARK SPOT SERUM,Uncover,24940.0,https://skinpopessentiel.com/products/uncover-licorice-root-dark-spot-serum,SkinPopEssentiel,"['essence-&-serums', 'serum', 'treatment']",Abuja
UNCOVER ROOIBOS GLOW TONER,Uncover,16125.0,https://skinpopessentiel.com/products/uncover-rooibos-glow-toner,SkinPopEssentiel,"['toners-&-exfoliants', 'toner']",Abuja
URBAN SKIN RX ACNE AND BLEMISH CONTROL MASK,Urban Skin Rx,12362.0,https://skinpopessentiel.com/products/urban-skin-rx-acne-and-blemish-control-mask,SkinPopEssentiel,"['mask-&-scrubs', 'mask']",Abuja
URBAN SKIN RX CLEAR AND EVEN TONE BODY CLEANSING BAR,Urban Skin Rx,20962.0,https://skinpopessentiel.com/products/urban-skin-rx-clear-and-even-tone-body-cleansing-bar-1,SkinPopEssentiel,"['body-wash', 'body-wash']",Abuja
URBAN SKIN RX CLEAR COMPLEXION ACNE SERUM + SPOT TREATMENT,Urban Skin Rx,14942.0,https://skinpopessentiel.com/products/urban-skin-rx-clear-complexion-acne-serum-spot-treatment,SkinPopEssentiel,"['treatment-&-gel', 'serum', 'treatment']",Abuja
URBAN SKIN RX CLEAR SKIN CLEANSING BAR 2.0 OZ,Urban Skin Rx,14190.0,https://skinpopessentiel.com/products/urban-skin-rx-clear-skin-cleansing-bar-2-0-oz,SkinPopEssentiel,"['face-wash-&-cleansers', 'cleanser']",Abuja
URBAN SKIN RX COMPLEXION PROTECT MOISTURIZER SPF30,Urban Skin Rx,14512.0,https://skinpopessentiel.com/products/urban-skin-rx-complexion-protect-moisturizer-spf30,SkinPopEssentiel,"['face-moisturizer', 'face-cream', 'face-moisturizer', 'sunscreen']",Abuja
URBAN SKIN RX EVEN TONE CLEANSING BAR 2.0 OZ,Urban Skin Rx,14190.0,https://skinpopessentiel.com/products/urban-skin-rx-even-tone-cleansing-bar-2-0-oz,SkinPopEssentiel,"['face-wash-&-cleansers', 'cleanser']",Abuja
URBAN SKIN RX EVEN TONE CLEANSING BAR 3.7 OZ,Urban Skin Rx,18812.0,https://skinpopessentiel.com/products/urban-skin-rx-even-tone-cleansing-bar-3-7-oz,SkinPopEssentiel,"['face-wash-&-cleansers', 'cleanser']",Abuja
URBAN SKIN RX EVEN TONE GENTLE GEL CLEANSER,Urban Skin RX,14190.0,https://skinpopessentiel.com/products/untitled-2sept_22-13,SkinPopEssentiel,"['face-wash-&-cleansers', 'cleanser']",Abuja
URBAN SKIN RX EVEN TONE SMOOTH & GLOW ENZYME MASK,Urban Skin Rx,16662.0,https://skinpopessentiel.com/products/urban-skin-rx-even-tone-smooth-glow-enzyme-mask,SkinPopEssentiel,"['mask-&-scrubs', 'mask']",Abuja
URBAN SKIN RX EVEN TONE SUPER GLOW SERUM,Urban Skin Rx,16662.0,https://skinpopessentiel.com/products/urban-skin-rx-even-tone-super-glow-serum,SkinPopEssentiel,"['essence-&-serums', 'serum']",Abuja
URBAN SKIN RX PURIFYING 2IN1 PUMPKIN MASK & SCRUB,Urban Skin Rx,11287.0,https://skinpopessentiel.com/products/urban-skin-rx-purifying-2in1-pumpkin-mask-scrub,SkinPopEssentiel,"['mask-&-scrubs', 'mask', 'scrub']",Abuja
URBAN SKIN RX RADIANT BRIGHT & GLOWING MOISTURIZER,Urban Skin Rx,14835.0,https://skinpopessentiel.com/products/urban-skin-rx-radiant-bright-glowing-moisturizer,SkinPopEssentiel,"['face-moisturizer', 'face-cream', 'face-moisturizer']",Abuja
URBAN SKIN RX WITCH HAZEL BRIGHTENING & PH BALANCING TONER,Urban Skin Rx,13437.0,https://skinpopessentiel.com/products/urban-skin-rx-witch-hazel-brightening-ph-balancing-toner,SkinPopEssentiel,"['toners-&-exfoliants', 'toner']",Abuja
VANICREAM DAILY FACIAL MOISTURIZER,Vanicream,16985.0,https://skinpopessentiel.com/products/vanicream-daily-facial-moisturizer,SkinPopEssentiel,['face-moisturizer'],Abuja
VASELINE 100% PURE LAVENDER RELAXING BODY OIL FOR SUPPLE SKIN - 200ML,Vaseline,8815.0,https://skinpopessentiel.com/products/vaseline-100-pure-lavender-relaxing-body-oil-for-supple-skin-200ml,SkinPopEssentiel,"['body-oil', 'body-oil']",Abuja
VASELINE ADVANCED REPAIR INTENSIVE CARE CREAM 400ML,Vaseline,7095.0,https://skinpopessentiel.com/products/vaseline-advanced-repair-intensive-care-cream-400ml,SkinPopEssentiel,"['body-moisturizer', 'body-cream']",Abuja
VASELINE ADVANCED REPAIR LOTION 725ML,Vaseline,12900.0,https://skinpopessentiel.com/products/vaseline-advanced-repair-lotion-725ml,SkinPopEssentiel,"['body-moisturizer', 'body-lotion']",Abuja
VASELINE BLUE SEAL BABY SOFT PETROLEUM JELLY,Vaseline,2795.0,https://skinpopessentiel.com/products/vaseline-blue-seal-baby-soft-petroleum-jelly-250ml,SkinPopEssentiel,"['body-moisturizer', 'body-cream', 'body-lotion', 'occlusive']",Abuja
VASELINE BLUE SEAL COCOA BUTTER PETROLEUM JELLY,Vaseline,2795.0,https://skinpopessentiel.com/products/vaseline-blue-seal-cocoa-butter-petroleum-jelly,SkinPopEssentiel,"['body-moisturizer', 'body-cream', 'body-lotion']",Abuja
VASELINE BLUE SEAL NOURISHING PETROLEUM JELLY WITH VIT E,Vaseline,2795.0,https://skinpopessentiel.com/products/vaseline-blue-seal-petroleum-jelly-with-vit-e-250ml,SkinPopEssentiel,"['body-moisturizer', 'body-cream', 'body-lotion', 'occlusive']",Abuja
VASELINE BLUE SEAL ORIGINAL PURE PETROLEUM JELLY,Vaseline,2795.0,https://skinpopessentiel.com/products/vaseline-blue-seal-original-petroleum-jelly-250ml,SkinPopEssentiel,"['body-moisturizer', 'body-cream', 'body-lotion', 'occlusive']",Abuja
VASELINE COCOA GLOW MOISTURISING BODY CREAM 400ML,Vaseline,7095.0,https://skinpopessentiel.com/products/vaseline®-cocoa-glow-moisturising-body-cream-400ml,SkinPopEssentiel,"['body-moisturizer', 'body-cream']",Abuja
VASELINE DAILY BRIGHTENING RADIANT BODY OIL WITH NIACINAMIDE- 200ML,Vaseline,11395.0,https://skinpopessentiel.com/products/v,SkinPopEssentiel,"['body-oil', 'body-oil']",Abuja
VASELINE DAILY BRIGHTNEING LOTION 725ML,Vaseline,12900.0,https://skinpopessentiel.com/products/vaseline-daily-brightneing-lotion-725ml,SkinPopEssentiel,"['body-moisturizer', 'body-lotion']",Abuja
VASELINE DRY SKIN REPAIR BODY CREAM 400ML,Vaseline,7095.0,https://skinpopessentiel.com/products/vaseline-dry-skin-repair-body-cream,SkinPopEssentiel,"['body-moisturizer', 'body-cream']",Abuja
VASELINE ESSENTIAL HEALING LOTION 725ML,Vaseline,12900.0,https://skinpopessentiel.com/products/vaseline-essential-healing-lotion-725ml,SkinPopEssentiel,"['body-moisturizer', 'body-lotion']",Abuja
VASELINE EVEN TONE MOISTURISING BODY CREAM 400ML,Vaseline,7095.0,https://skinpopessentiel.com/products/vaseline®-even-tone-moisturising-body-cream-400ml,SkinPopEssentiel,"['body-moisturizer', 'body-cream']",Abuja
VASELINE GLUTA HYA LUMINOUS DEFENCE SERUM BURST LOTION SUNSCREEN SPF 50+ - 260ML,Vaseline,9890.0,https://skinpopessentiel.com/products/vaseline-gluta-hya-luminous-defence-serum-sunscreen-spf-50-260ml,SkinPopEssentiel,"['sunscreen', 'body-lotion', 'sunscreen']",Abuja
VASELINE GLUTA HYA PRO AGE RESTORE LOTION- 300ML,Vaseline,9890.0,https://skinpopessentiel.com/products/vaseline-gluta-hya-pro-age-restore-lotion-300ml,SkinPopEssentiel,"['body-moisturizer', 'body-lotion']",Abuja
VASELINE GLUTA- GLOW SMOOTH BODY WASH,Vaseline,9460.0,https://skinpopessentiel.com/products/vaseline-gluta-smooth-body-wash,SkinPopEssentiel,"['body-wash', 'body-wash']",Abuja
VASELINE GLUTA-GLOW LUMINOUS BODY WASH,Vaseline,8815.0,https://skinpopessentiel.com/products/vaseline-gluta-glow-luminous-body-wash,SkinPopEssentiel,"['body-wash', 'body-wash']",Abuja
VASELINE GLUTA-GLOW YOUTHFUL BODY WASH,Vaseline,8815.0,https://skinpopessentiel.com/products/vaseline-gluta-glow-youthful-body-wash,SkinPopEssentiel,"['body-wash', 'body-wash']",Abuja
VASELINE GLUTA-HYA SERUM BRIGHT LOTION - FLAWLESS GLOW,Vaseline,9675.0,https://skinpopessentiel.com/products/vaseline-gluta-hya-serum-burst-lotion-flawless-glow-330ml,SkinPopEssentiel,"['body-moisturizer', 'body-lotion']",Abuja
VASELINE GLUTA-HYA SERUM BURST LOTION - DEWY RADIANCE,Vaseline,9675.0,https://skinpopessentiel.com/products/vaseline-gluta-hya-serum-burst-lotion-dewy-radiance-330ml,SkinPopEssentiel,"['body-moisturizer', 'body-lotion']",Abuja
VASELINE GLUTA-HYA SERUM BURST LOTION - OVERNIGHT RADIANCE REPAIR - 300ML,Vaseline,9890.0,https://skinpopessentiel.com/products/vaseline-gluta-hya-serum-burst-lotion-overnight-radiance-330ml-1,SkinPopEssentiel,"['body-moisturizer', 'body-lotion']",Abuja
VASELINE GLUTAGLOW AMPOULE SERUM DEODORANT,Vaseline,5805.0,https://skinpopessentiel.com/products/vaseline-glutaglow-ampoule-serum-deodorant,SkinPopEssentiel,"['deodorant', 'deodorant']",Abuja
VASELINE HEALTHY BRIGHT GLUTA CERAMIDE UV EXTRA BRIGHTENING - 500ML,Vaseline,12900.0,https://skinpopessentiel.com/products/vaseline-healthy-bright-gluta-ceramide-uv-extra-brightening-500ml,SkinPopEssentiel,"['body-moisturizer', 'body-cream', 'body-lotion']",Abuja
VASELINE HEALTHY BRIGHT GLUTA-HYA SERUM BURST LOTION 300ML,Vaseline,9890.0,https://skinpopessentiel.com/products/vaseline-healthy-bright-gluta-hya-serum-burst-lotion-300ml,SkinPopEssentiel,"['body-moisturizer', 'body-lotion']",Abuja
VASELINE HEALTHY BRIGHT SPF 50+ PA++++ DAILY PROTECTION & BRIGHTENING SERUM LOTION - 300ML,Vaseline,9890.0,https://skinpopessentiel.com/products/vaseline-healthy-bright-spf50-pa-daily-protection-brightening-serum-lotion-300ml,SkinPopEssentiel,"['sunscreen', 'body-lotion', 'sunscreen']",Abuja
VASELINE INTENSIVE ADVANCED REPAIR 400ML,Vaseline,6020.0,https://skinpopessentiel.com/products/vaseline-intensive-advanced-repair-400ml,SkinPopEssentiel,"['body-moisturizer', 'body-lotion']",Abuja
VASELINE INTENSIVE ALOE LOTION 400ML,Vaseline,6020.0,https://skinpopessentiel.com/products/vaseline-intensive-aloe-400ml,SkinPopEssentiel,"['body-moisturizer', 'body-lotion']",Abuja
VASELINE INTENSIVE CARE ALOE SOOTHING HYDRATION 725ML,Vaseline,12900.0,https://skinpopessentiel.com/products/vaseline-aloe,SkinPopEssentiel,"['body-moisturizer', 'body-lotion']",Abuja
VASELINE INTENSIVE CARE COCOA GLOW 400ML,Vaseline,6020.0,https://skinpopessentiel.com/products/vaseline®-cocoa-glow-body-lotion-400ml,SkinPopEssentiel,"['body-moisturizer', 'body-lotion']",Abuja
VASELINE INTENSIVE CARE COCOA RADIANT BODY OIL 200ML,Vaseline,10750.0,https://skinpopessentiel.com/products/vaseline-intensive-care-cocoa-radiant-body-oil-200ml,SkinPopEssentiel,"['body-oil', 'body-oil']",Abuja
VASELINE INTENSIVE CARE COCOA RADIANT LOTION - 725ML,Vaseline,12900.0,https://skinpopessentiel.com/products/vaseline-intensive-care-cocoa-radiant-lotion,SkinPopEssentiel,"['body-moisturizer', 'body-cream', 'body-lotion']",Abuja
VASELINE INTENSIVE CARE COCONUT RESTORE BODY OIL 200ML,Vaseline,10750.0,https://skinpopessentiel.com/products/vaseline-intensive-care-coconut-restore-body-oil-200ml,SkinPopEssentiel,"['body-oil', 'body-oil']",Abuja
VASELINE INTENSIVE CARE DRY SKIN REPAIR 400ML,Vaseline,6020.0,https://skinpopessentiel.com/products/vaseline-intensive-care-dry-skin-repair-400ml,SkinPopEssentiel,"['body-moisturizer', 'body-lotion']",Abuja
VASELINE INTENSIVE CARE EVEN TONE LOTION- 400ML,Vaseline,6020.0,https://skinpopessentiel.com/products/vaseline-intensive-care-even-tone-400ml-1,SkinPopEssentiel,"['body-moisturizer', 'body-lotion']",Abuja
VASELINE INTENSIVE CARE NOURISHING ARGAN OIL BRONZE SHIMMER BODY OIL - 200ML,Vaseline,11395.0,https://skinpopessentiel.com/products/vaseline-intensive-care-nourishing-argan-oil-bronze-shimmer-body-oil-200ml,SkinPopEssentiel,"['body-oil', 'body-oil']",Abuja
VASELINE INTENSIVE CARE VANILLA GLOW SUNLIT SHIMMER BODY OIL - 200ML,Vaseline,11395.0,https://skinpopessentiel.com/products/vaseline-intensive-care-vanilla-glow-sunlit-shimmer-body-oil-200ml,SkinPopEssentiel,"['body-oil', 'body-oil']",Abuja
VASELINE INTENSIVE CARE VITAMIN B3 BODY OIL- HEALTHY EVEN TONE,Vaseline,9245.0,https://skinpopessentiel.com/products/vaseline-intensive-care-vitamin-b3-body-oil-healthy-even-tone-200-ml,SkinPopEssentiel,"['body-oil', 'body-oil']",Abuja
VASELINE LIP THERAPY,Vaseline,3225.0,https://skinpopessentiel.com/products/vaseline-lip-therapy-rosy-lips-stick,SkinPopEssentiel,"['lips', 'lip-balm']",Abuja
VASELINE LIP THERAPY,Vaseline,4300.0,https://skinpopessentiel.com/products/vaseline-lip-therapy-rosy-lips,SkinPopEssentiel,"['lips', 'lip-balm']",Abuja
VASELINE NOURISHING ARGAN OIL BODY LOTION 400ML,Vaseline,6020.0,https://skinpopessentiel.com/products/vaseline®-nourishing-argan-oil-body-lotion-400ml,SkinPopEssentiel,"['body-moisturizer', 'body-lotion']",Abuja
VASELINE® BLUE SEAL ALOE FRESH PETROLEUM JELLY,Vaseline,2795.0,https://skinpopessentiel.com/products/vaseline®-blue-seal-aloe-fresh-petroleum-jelly-250ml,SkinPopEssentiel,"['body-moisturizer', 'body-cream', 'body-lotion', 'occlusive']",Abuja
YOUTH TO THE PEOPLE KALE + GREEN SPINACH VITAMINS SUPERFOOD CLEANSER,Youth To The People,11610.0,https://skinpopessentiel.com/products/youth-to-the-people-kale-green-spinach-vitamins-superfood-cleanser,SkinPopEssentiel,"['face-wash-&-cleansers', 'cleanser']",Abuja
ZAPZYT ACNE TREATMENT GEL,Zapzyt,9890.0,https://skinpopessentiel.com/products/zapzyt-acne-treatment-gel,SkinPopEssentiel,"['treatment-&-gel', 'treatment']",Abuja
ZAPZYT ACNE WASH CLEANSER,Zapzyt,10750.0,https://skinpopessentiel.com/products/zapzyt-acne-wash-cleanser,SkinPopEssentiel,"['face-wash-&-cleansers', 'cleanser']",Abuja
ZARON 1% RETINOL SERUM,Zaron,10965.0,https://skinpopessentiel.com/products/zaron-1-retinol-serum,SkinPopEssentiel,"['essence-&-serums', 'serum']",Abuja
ZARON 10% NIACINAMIDE SERUM,Zaron,11610.0,https://skinpopessentiel.com/products/zaron-10-niacinamide-serum,SkinPopEssentiel,"['essence-&-serums', 'serum']",Abuja
ZARON 15% VITAMIN C SERUM,Zaron,12040.0,https://skinpopessentiel.com/products/zaron-15-vitamin-c-serum,SkinPopEssentiel,"['essence-&-serums', 'serum']",Abuja
ZARON 2% ALPHA-ARBUTIN SERUM,Zaron,11825.0,https://skinpopessentiel.com/products/zaron-2-alpha-arbutin-serum,SkinPopEssentiel,"['essence-&-serums', 'serum']",Abuja
ZARON 2% HYALURONIC ACID SERUM,Zaron,10965.0,https://skinpopessentiel.com/products/maybelline-baby-skin-pore-eraser,SkinPopEssentiel,"['essence-&-serums', 'serum']",Abuja
ZARON 2% SALICYLIC ACID TONER,Zaron,11825.0,https://skinpopessentiel.com/products/zaron-2-salicylic-acid-toner,SkinPopEssentiel,"['toners-&-exfoliants', 'toner']",Abuja
ZARON 4-In-1 MASCARA,Zaron,7525.0,https://skinpopessentiel.com/products/zaron-4-in-1-mascara,SkinPopEssentiel,"['make-up', 'eye', 'mascara']",Abuja
ZARON 7% GLYCOLIC ACID TONER,Zaron,13975.0,https://skinpopessentiel.com/products/zaron-7-glycolic-acid-toner,SkinPopEssentiel,"['toners-&-exfoliants', 'toner']",Abuja
ZARON ACNE CONTROL GLOW PLUS WASH,Zaron,10535.0,https://skinpopessentiel.com/products/zaron-acne-control-glow-plus-wash,SkinPopEssentiel,"['face-wash-&-cleansers', 'cleanser']",Abuja
ZARON AXE LIQUID EYELINER,Zaron,5805.0,https://skinpopessentiel.com/products/zaron-axe-liquid-eyeliner,SkinPopEssentiel,"['make-up', 'eye']",Abuja
ZARON BLACK VELVET EYE PENCIL,Zaron,4730.0,https://skinpopessentiel.com/products/zaron-black-velvet-eye-pencil,SkinPopEssentiel,"['make-up', 'eye']",Abuja
ZARON BODY OIL - 200ML,Zaron,14620.0,https://skinpopessentiel.com/products/zaron-body-oil-200ml,SkinPopEssentiel,"['body-oil', 'body-oil']",Abuja
ZARON BOLD LIP PENCIL,Zaron,2365.0,https://skinpopessentiel.com/products/zaron-bold-lip-pencil,SkinPopEssentiel,"['make-up', 'lip-pencil', 'make-up']",Abuja
ZARON BRIGHTENING & EXFOLIATING GLOW FACE WASH,Zaron,10320.0,https://skinpopessentiel.com/products/zaron-brightening-exfoliating-glow-face-wash,SkinPopEssentiel,"['face-wash-&-cleansers', 'cleanser']",Abuja
ZARON BROWN SKIN COMPACT POWDER - ALMOND,Zaron,10965.0,https://skinpopessentiel.com/products/zaron-brown-skin-compact-powder-almond,SkinPopEssentiel,"['make-up', 'make-up', 'powder']",Abuja
ZARON BROWN SKIN COMPACT POWDER - BISCUIT,Zaron,10965.0,https://skinpopessentiel.com/products/zaron-brown-skin-compact-powder-biscuit-1,SkinPopEssentiel,"['make-up', 'make-up', 'powder']",Abuja
ZARON BROWN SKIN COMPACT POWDER - BRICK,Zaron,10965.0,https://skinpopessentiel.com/products/zaron-brown-skin-compact-powder-brick,SkinPopEssentiel,"['make-up', 'make-up', 'powder']",Abuja
ZARON BROWN SKIN COMPACT POWDER - BROWNIE,Zaron,10965.0,https://skinpopessentiel.com/products/copy-zaron-brown-skin-compact-powder-brownie,SkinPopEssentiel,"['make-up', 'make-up', 'powder']",Abuja
ZARON BROWN SKIN COMPACT POWDER - COCOA,Zaron,10965.0,https://skinpopessentiel.com/products/zaron-brown-skin-compact-powder-cocoa,SkinPopEssentiel,"['make-up', 'make-up', 'powder']",Abuja
ZARON BROWN SKIN COMPACT POWDER - LATTE,Zaron,10965.0,https://skinpopessentiel.com/products/zaron-brown-skin-compact-powder-latte,SkinPopEssentiel,"['make-up', 'make-up', 'powder']",Abuja
ZARON BROWN SKIN COMPACT POWDER - NOG,Zaron,10965.0,https://skinpopessentiel.com/products/zaron-brown-skin-compact-powder-nog,SkinPopEssentiel,"['make-up', 'make-up', 'powder']",Abuja
ZARON BROWN SKIN COMPACT POWDER - RAY,Zaron,10965.0,https://skinpopessentiel.com/products/zaron-brown-skin-compact-powder-ray,SkinPopEssentiel,"['make-up', 'make-up', 'powder']",Abuja
ZARON BROWN SKIN COMPACT POWDER - SAND,Zaron,10965.0,https://skinpopessentiel.com/products/zaron-brown-skin-compact-powder-sand,SkinPopEssentiel,"['make-up', 'make-up', 'powder']",Abuja
ZARON BROWN SKIN COMPACT POWDER - TAN,Zaron,10965.0,https://skinpopessentiel.com/products/zaron-brown-skin-compact-powder-tan,SkinPopEssentiel,"['make-up', 'make-up', 'powder']",Abuja
ZARON BROWN SKIN LIQUID FOUNDATION - CANVASS,Zaron,12255.0,https://skinpopessentiel.com/products/zaron-brown-skin-liquid-foundation-canvass,SkinPopEssentiel,"['make-up', 'foundation', 'make-up']",Abuja
ZARON BROWN SKIN LIQUID FOUNDATION - CHEDDAR,Zaron,12255.0,https://skinpopessentiel.com/products/zaron-brown-skin-liquid-foundation-cheddar,SkinPopEssentiel,"['make-up', 'foundation', 'make-up']",Abuja
ZARON BROWN SKIN LIQUID FOUNDATION - CHOC,Zaron,12255.0,https://skinpopessentiel.com/products/zaron-brown-skin-liquid-foundation-choc,SkinPopEssentiel,"['make-up', 'foundation', 'make-up']",Abuja
ZARON BROWN SKIN LIQUID FOUNDATION - COTTAGE,Zaron,12255.0,https://skinpopessentiel.com/products/zaron-brown-skin-liquid-foundation-cheddar-1,SkinPopEssentiel,"['make-up', 'foundation', 'make-up']",Abuja
ZARON BROWN SKIN LIQUID FOUNDATION - DAY,Zaron,12255.0,https://skinpopessentiel.com/products/zaron-brown-skin-liquid-foundation-day,SkinPopEssentiel,"['make-up', 'foundation', 'make-up']",Abuja
ZARON BROWN SKIN LIQUID FOUNDATION - DUSK,Zaron,12255.0,https://skinpopessentiel.com/products/zaron-brown-skin-liquid-foundation-dusk,SkinPopEssentiel,"['make-up', 'foundation', 'make-up']",Abuja
ZARON BROWN SKIN LIQUID FOUNDATION - KHAKI,Zaron,12255.0,https://skinpopessentiel.com/products/zaron-brown-skin-liquid-foundation-khaki,SkinPopEssentiel,"['make-up', 'foundation', 'make-up']",Abuja
ZARON BROWN SKIN LIQUID FOUNDATION - LEATHER,Zaron,12255.0,https://skinpopessentiel.com/products/zaron-brown-skin-liquid-foundation-leather,SkinPopEssentiel,"['make-up', 'foundation', 'make-up']",Abuja
ZARON BROWN SKIN LIQUID FOUNDATION - NUT,Zaron,12255.0,https://skinpopessentiel.com/products/copy-zaron-brown-skin-liquid-foundation-nut,SkinPopEssentiel,"['make-up', 'foundation', 'make-up']",Abuja
ZARON BROWN SKIN LIQUID FOUNDATION - SUN,Zaron,12255.0,https://skinpopessentiel.com/products/zaron-brown-skin-liquid-foundation-sun,SkinPopEssentiel,"['make-up', 'foundation', 'make-up']",Abuja
ZARON BROWN SKIN LIQUID FOUNDATION - TOASTED,Zaron,12255.0,https://skinpopessentiel.com/products/zaron-brown-skin-liquid-foundation-toasted,SkinPopEssentiel,"['make-up', 'foundation', 'make-up']",Abuja
ZARON CAPPUCCINO LIP PENCIL,Zaron,2365.0,https://skinpopessentiel.com/products/zaron-cappuccino-lip-pencil,SkinPopEssentiel,"['make-up', 'lip-pencil', 'make-up']",Abuja
ZARON CLAYPOT LIP PENCIL,Zaron,2365.0,https://skinpopessentiel.com/products/zaron-cappuccino-lip-pencil-1,SkinPopEssentiel,"['make-up', 'lip-pencil', 'make-up']",Abuja
ZARON DEEP MOISTURIZING HAND CREAM,Zaron,4300.0,https://skinpopessentiel.com/products/zaron-deep-moisturizing-hand-cream,SkinPopEssentiel,"['hand-cream', 'hand-cream']",Abuja
ZARON EYE'CONIC GEL EYELINER - CYBER (black),Zaron,4730.0,https://skinpopessentiel.com/products/zaron-eyeconic-gel-eyeliner-cyber-1,SkinPopEssentiel,"['make-up', 'eye']",Abuja
ZARON EYE'CONIC GEL EYELINER - PIXEL,Zaron,4730.0,https://skinpopessentiel.com/products/zaron-eyeconic-gel-eyeliner-pixel-1,SkinPopEssentiel,"['make-up', 'eye']",Abuja
ZARON EYE'CONIC GEL EYELINER - ROBOTIC,Zaron,4730.0,https://skinpopessentiel.com/products/zaron-eyeconic-gel-eyeliner-robotic-1,SkinPopEssentiel,"['make-up', 'eye']",Abuja
ZARON EYE'CONIC GEL EYELINER - TECHIE (green),Zaron,4730.0,https://skinpopessentiel.com/products/zaron-eyeconic-gel-eyeliner-techie-1,SkinPopEssentiel,"['make-up', 'eye']",Abuja
ZARON FACE & BODY SUN BLOCK SPF 50+ PA+++ - 80g,Zaron,14620.0,https://skinpopessentiel.com/products/zaron-face-body-sun-block-spf-50-pa,SkinPopEssentiel,"['sunscreen', 'sunscreen']",Abuja
ZARON FACE PRIMER,Zaron,9890.0,https://skinpopessentiel.com/products/zaron-face-primer,SkinPopEssentiel,"['make-up', 'primer']",Abuja
ZARON FLASH TRIPLE LENGTHENING MASCARA,Zaron,7740.0,https://skinpopessentiel.com/products/zaron-flash-triple-lengthening-mascara,SkinPopEssentiel,"['make-up', 'eye', 'mascara']",Abuja
ZARON HD LIQUID EYELINER,Zaron,5730.0,https://skinpopessentiel.com/products/zaron-hd-liquid-eyeliner,SkinPopEssentiel,"['make-up', 'eye']",Abuja
ZARON HEALTHY GLOW OIL CONTROL FOUNDATION - FZ05,Zaron,10750.0,https://skinpopessentiel.com/products/zaron-healthy-glow-oil-control-foundation-fz05,SkinPopEssentiel,"['make-up', 'foundation', 'make-up']",Abuja
ZARON HEALTHY GLOW OIL CONTROL FOUNDATION - FZ10,Zaron,10750.0,https://skinpopessentiel.com/products/zaron-healthy-glow-oil-control-foundation-fz10,SkinPopEssentiel,"['make-up', 'foundation', 'make-up']",Abuja
ZARON HEALTHY GLOW OIL CONTROL FOUNDATION - FZ15,Zaron,10750.0,https://skinpopessentiel.com/products/zaron-healthy-glow-oil-control-foundation-fz15,SkinPopEssentiel,"['make-up', 'foundation', 'make-up']",Abuja
ZARON HEALTHY GLOW OIL CONTROL FOUNDATION - FZ20,Zaron,10750.0,https://skinpopessentiel.com/products/zaron-healthy-glow-oil-control-foundation-fz20,SkinPopEssentiel,"['make-up', 'foundation', 'make-up']",Abuja
ZARON HEALTHY GLOW OIL CONTROL FOUNDATION - FZ25,Zaron,10750.0,https://skinpopessentiel.com/products/zaron-healthy-glow-oil-control-foundation-fz25,SkinPopEssentiel,"['make-up', 'foundation', 'make-up']",Abuja
ZARON HEALTHY GLOW OIL CONTROL FOUNDATION - FZ35,Zaron,10750.0,https://skinpopessentiel.com/products/zaron-healthy-glow-oil-control-foundation-fz35,SkinPopEssentiel,"['make-up', 'foundation', 'make-up']",Abuja
ZARON HERBAL + OIL INFUSED MICELLAR CLEANSING WATER- 400ML,Zaron,11610.0,https://skinpopessentiel.com/products/zaron-herbal-oil-infused-micellar-cleansing-water-400ml,SkinPopEssentiel,"['face-wash-&-cleansers', 'double-cleanser', 'micellar-water']",Abuja
ZARON JAZZ GEL EYELINER,Zaron,5805.0,https://skinpopessentiel.com/products/zaron-jazz-gel-eyeliner,SkinPopEssentiel,"['make-up', 'eye']",Abuja
ZARON LENGTHENING MASCARA,Zaron,7095.0,https://skinpopessentiel.com/products/zaron-lengthening-mascara,SkinPopEssentiel,"['make-up', 'eye', 'mascara']",Abuja
ZARON LIP HYDRATING THERAPY- Blush Crush,Zaron,3870.0,https://skinpopessentiel.com/products/zaron-lip-hydrating-therapy-blush-crush,SkinPopEssentiel,"['lips', 'lip-balm']",Abuja
ZARON LIP HYDRATING THERAPY- Bumble Bee,Zaron,3870.0,https://skinpopessentiel.com/products/zaron-lip-hydrating-therapy-bumble-bee,SkinPopEssentiel,"['lips', 'lip-balm']",Abuja
ZARON LIP HYDRATING THERAPY- Pinkerest,Zaron,3870.0,https://skinpopessentiel.com/products/zaron-lip-hydrating-therapy-pinkerest,SkinPopEssentiel,"['lips', 'lip-balm']",Abuja
ZARON LIP OIL- BLAZE,Zaron,6020.0,https://skinpopessentiel.com/products/zaron-lip-oil-blaze,SkinPopEssentiel,"['make-up', 'lip-gloss', 'lip-oil']",Abuja
ZARON LIP OIL- DAZE,Zaron,6020.0,https://skinpopessentiel.com/products/zaron-lip-oil-daze,SkinPopEssentiel,"['make-up', 'lip-gloss', 'lip-oil']",Abuja
ZARON LIP OIL- FAZE,Zaron,6020.0,https://skinpopessentiel.com/products/zaron-lip-oil-faze,SkinPopEssentiel,"['make-up', 'lip-gloss', 'lip-oil']",Abuja
ZARON LIP OIL- GLAZE,Zaron,6020.0,https://skinpopessentiel.com/products/zaron-lip-oil-glaze,SkinPopEssentiel,"['make-up', 'lip-gloss', 'lip-oil']",Abuja
ZARON LIP OIL- HAZE,Zaron,6020.0,https://skinpopessentiel.com/products/zaron-lip-oil-haze,SkinPopEssentiel,"['make-up', 'lip-gloss', 'lip-oil']",Abuja
ZARON LIP OIL- MAZE,Zaron,6020.0,https://skinpopessentiel.com/products/zaron-lip-oil-maze,SkinPopEssentiel,"['make-up', 'lip-gloss', 'lip-oil']",Abuja
ZARON LUXURIOUS LIPGLOSS - 24 KARAT,Zaron,5375.0,https://skinpopessentiel.com/products/zaron-luxurious-lipgloss-24-karat,SkinPopEssentiel,"['make-up', 'lip-gloss']",Abuja
ZARON LUXURIOUS LIPGLOSS - SUGARPLUM,Zaron,5375.0,https://skinpopessentiel.com/products/zaron-luxurious-lipgloss-sugarplum,SkinPopEssentiel,"['make-up', 'lip-gloss']",Abuja
ZARON LUXURIOUS LIPGLOSS - VAMPED,Zaron,5375.0,https://skinpopessentiel.com/products/zaron-luxurious-lipgloss-vamped,SkinPopEssentiel,"['make-up', 'lip-gloss']",Abuja
ZARON MAKE UP SPONGE,Zaron,2795.0,https://skinpopessentiel.com/products/zaron-make-up-sponge,SkinPopEssentiel,"['make-up', 'beauty-tools']",Abuja
ZARON MATTE LIP-FIX - BLONDIE,Zaron,5375.0,https://skinpopessentiel.com/products/zaron-maxsheen-lipgloss-blondie,SkinPopEssentiel,"['make-up', 'lip-gloss']",Abuja
ZARON MATTE LIP-FIX - BURNT,Zaron,5375.0,https://skinpopessentiel.com/products/zaron-matte-lip-fix-burnt,SkinPopEssentiel,"['make-up', 'lip-gloss']",Abuja
ZARON MATTE LIP-FIX - MAGENTA,Zaron,5375.0,https://skinpopessentiel.com/products/zaron-matte-lip-fix-magenta,SkinPopEssentiel,"['make-up', 'lip-gloss']",Abuja
ZARON MATTE LIP-FIX - SHADY,Zaron,5375.0,https://skinpopessentiel.com/products/zaron-maxsheen-lipgloss-shady,SkinPopEssentiel,"['make-up', 'lip-gloss']",Abuja
ZARON MATTE LIP-FIX - TURNT,Zaron,5375.0,https://skinpopessentiel.com/products/zaron-matte-lip-fix-turnt,SkinPopEssentiel,"['make-up', 'lip-gloss']",Abuja
ZARON MATTE LIP-FIX - VAVA VOOM,Zaron,5375.0,https://skinpopessentiel.com/products/zaron-maxsheen-lipgloss-vava-voom,SkinPopEssentiel,"['make-up', 'lip-gloss']",Abuja
ZARON MAXSHEEN LIPGLOSS - CUTIE,Zaron,5375.0,https://skinpopessentiel.com/products/zaron-cutie-maxsheen-lipgloss,SkinPopEssentiel,"['make-up', 'lip-gloss']",Abuja
ZARON MAXSHEEN LIPGLOSS - MISSY,Zaron,5375.0,https://skinpopessentiel.com/products/zaron-maxsheen-lipgloss-missy,SkinPopEssentiel,"['make-up', 'lip-gloss']",Abuja
ZARON MEN 5-IN-1 BODY WASH,Zaron,12685.0,https://skinpopessentiel.com/products/zaron-men-5-in-1-body-wash,SkinPopEssentiel,"['body-wash', 'body-wash']",Abuja
ZARON MEN FACE & BODY LOTION,Zaron,14190.0,https://skinpopessentiel.com/products/zaron-men-face-body-lotion,SkinPopEssentiel,"['body-moisturizer', 'body-cream', 'body-lotion']",Abuja
ZARON MOISTURE BOOST HYDRATING ESSENCE,Zaron,9675.0,https://skinpopessentiel.com/products/zaron-moisture-boost-hydrating-essence,SkinPopEssentiel,"['toners-&-exfoliants', 'mist', 'toner']",Abuja
ZARON MOISTURIZING GENTLE FACE WASH- 100ML,Zaron,4300.0,https://skinpopessentiel.com/products/zaron-moisturizing-gentle-face-wash-100ml,SkinPopEssentiel,"['face-wash-&-cleansers', 'cleanser']",Abuja
ZARON NIGHT GLOW PLUS FACE CREAM,Zaron,11610.0,https://skinpopessentiel.com/products/zaron-night-glow-plus-face-cream,SkinPopEssentiel,"['face-moisturizer', 'face-moisturizer']",Abuja
ZARON OIL BLOCK MATTIFIER,Zaron,9890.0,https://skinpopessentiel.com/products/zaron-oil-block-mattifier,SkinPopEssentiel,"['make-up', 'mattifier']",Abuja
ZARON PAPAYA BRIGHTENING BODY WASH,Zaron,12040.0,https://skinpopessentiel.com/products/zaron-papaya-brightening-body-wash,SkinPopEssentiel,"['body-wash', 'body-wash']",Abuja
ZARON PEPTIDE GLOSSY LIP CARE - SAFFRON,Zaron,5590.0,https://skinpopessentiel.com/products/zaron-peptide-glossy-lip-care-saffron,SkinPopEssentiel,"['lips', 'lip-gloss']",Abuja
ZARON PEPTIDE GLOSSY LIP CARE - SCONE,Zaron,5590.0,https://skinpopessentiel.com/products/zaron-peptide-glossy-lip-care-scone,SkinPopEssentiel,"['lips', 'lip-gloss']",Abuja
ZARON PEPTIDE GLOSSY LIP CARE - SORBET,Zaron,5590.0,https://skinpopessentiel.com/products/zaron-peptide-glossy-lip-care-sorbet,SkinPopEssentiel,"['lips', 'lip-gloss']",Abuja
ZARON PEPTIDE GLOSSY LIP CARE - SOUFFLE,Zaron,5590.0,https://skinpopessentiel.com/products/zaron-peptide-glossy-lip-care-souffle,SkinPopEssentiel,"['lips', 'lip-gloss']",Abuja
ZARON PEPTIDE GLOSSY LIP CARE - SPRINKLE,Zaron,5590.0,https://skinpopessentiel.com/products/zaron-peptide-glossy-lip-care-sprinkle,SkinPopEssentiel,"['lips', 'lip-gloss']",Abuja
ZARON PERFECT FINISH SETTING SPRAY,Zaron,9245.0,https://skinpopessentiel.com/products/zaron-perfect-finish-setting-spray,SkinPopEssentiel,"['make-up', 'make-up', 'setting-spray']",Abuja
ZARON PIGMENTO EYESHADOW PALETTE - BARE WHISPER,Zaron,8815.0,https://skinpopessentiel.com/products/zaron-pigmento-eyeshadow-palette-bare-whisper,SkinPopEssentiel,"['make-up', 'eyeshadow']",Abuja
ZARON PIGMENTO EYESHADOW PALETTE - COSMIC CRUSH,Zaron,8815.0,https://skinpopessentiel.com/products/zaron-pigmento-eyeshadow-palette-cosmic-crush,SkinPopEssentiel,"['make-up', 'eyeshadow']",Abuja
ZARON PIGMENTO EYESHADOW PALETTE - FAIRY DUST,Zaron,8815.0,https://skinpopessentiel.com/products/zaron-pigmento-eyeshadow-palette-fairy-dust,SkinPopEssentiel,"['make-up', 'eyeshadow']",Abuja
ZARON POWDER BRUSH,Zaron,7525.0,https://skinpopessentiel.com/products/zaron-powder-brush,SkinPopEssentiel,"['make-up', 'beauty-tools', 'make-up']",Abuja
ZARON POWDER PUFF,Zaron,2580.0,https://skinpopessentiel.com/products/zaron-powder-puff,SkinPopEssentiel,"['make-up', 'beauty-tools']",Abuja
ZARON RED VINES LIP PENCIL,Zaron,2365.0,https://skinpopessentiel.com/products/zaron-red-vines-lip-pencil,SkinPopEssentiel,"['make-up', 'lip-pencil', 'make-up']",Abuja
ZARON SKIN GLOW THERAPY ULTRA MOISTURIZING BODY LOTION,Zaron,15480.0,https://skinpopessentiel.com/products/zaron-skin-glow-therapy-ultra-moisturizing-body-lotion,SkinPopEssentiel,"['body-moisturizer', 'body-cream', 'body-lotion']",Abuja
ZARON SKIN REGENERATING HYDRATING SERUM,Zaron,11395.0,https://skinpopessentiel.com/products/zaron-skin-regenerating-hydrating-serum,SkinPopEssentiel,"['essence-&-serums', 'serum']",Abuja
ZARON SUN PROTECTION DAY CREAM SPF 50+,Zaron,14405.0,https://skinpopessentiel.com/products/zaron-sun-protection-day-cream-spf-50,SkinPopEssentiel,"['face-moisturizer', 'face-moisturizer', 'sunscreen']",Abuja
ZARON TAMED LIP PENCIL,Zaron,2365.0,https://skinpopessentiel.com/products/zaron-tamed-lip-pencil,SkinPopEssentiel,"['make-up', 'lip-pencil', 'make-up']",Abuja
ZARON ULTIMATE FACE BRUSH,Zaron,7525.0,https://skinpopessentiel.com/products/zaron-ultimate-face-brush,SkinPopEssentiel,"['make-up', 'beauty-tools', 'make-up']",Abuja
ZARON ULTIMATE GLOW BRIGHTENING TONER - 300ML,Zaron,12685.0,https://skinpopessentiel.com/products/zaron-ultimate-glow-brightening-toner,SkinPopEssentiel,"['toners-&-exfoliants', 'toner']",Abuja
ZARON VITAMIN C BODY WASH,Zaron,12685.0,https://skinpopessentiel.com/products/zaron-vitamin-c-body-wash,SkinPopEssentiel,"['body-wash', 'body-wash']",Abuja
ZARON VITAMIN C BRIGHTENING/MOISTURIZING BODY LOTION,Zaron,16555.0,https://skinpopessentiel.com/products/zaron-vitamin-c-brightening-moisturizing-body-lotion,SkinPopEssentiel,"['body-moisturizer', 'body-cream', 'body-lotion']",Abuja
ZARON VITAMIN C FACE CREAM,Zaron,15910.0,https://skinpopessentiel.com/products/zaron-vitamin-c-face-cream,SkinPopEssentiel,"['face-moisturizer', 'face-moisturizer']",Abuja
ZARON VIVID LIP PENCIL,Zaron,2365.0,https://skinpopessentiel.com/products/zaron-vivid-lip-pencil,SkinPopEssentiel,"['make-up', 'lip-pencil', 'make-up']",Abuja
ZARON WET WIPES,Zaron,4085.0,https://skinpopessentiel.com/products/zaron-wet-wipes,SkinPopEssentiel,"['make-up', 'double-cleanser']",Abuja
ZARON XOXO LIPGLOSS - BELLA,Zaron,2795.0,https://skinpopessentiel.com/products/zaron-xoxo-lipgloss-bella,SkinPopEssentiel,"['make-up', 'lip-gloss']",Abuja
ZARON XOXO LIPGLOSS - COCO,Zaron,2795.0,https://skinpopessentiel.com/products/zaron-xoxo-lipgloss-coco,SkinPopEssentiel,"['make-up', 'lip-gloss']",Abuja
ZARON XOXO LIPGLOSS - FLAWLESS,Zaron,2795.0,https://skinpopessentiel.com/products/zaron-xoxo-lipgloss-flawless,SkinPopEssentiel,"['make-up', 'lip-gloss']",Abuja
ZARON XOXO LIPGLOSS - GLASS,Zaron,2795.0,https://skinpopessentiel.com/products/zaron-xoxo-lipgloss-glass,SkinPopEssentiel,"['make-up', 'lip-gloss']",Abuja
ZARON XOXO LIPGLOSS - SWEET16,Zaron,2795.0,https://skinpopessentiel.com/products/copy-zaron-maxsheen-lipgloss-blondiezaron-xoxo-lipgloss-sweet16,SkinPopEssentiel,"['make-up', 'lip-gloss']",Abuja
iUNIK PROPOLIS VITAMIN SYNERGY SERUM- 50ML,Iunik,10642.0,https://skinpopessentiel.com/products/iunik-propolis-vitamin-synergy-serum-50ml,SkinPopEssentiel,"['essence-&-serums', 'serum']",Abuja
A Ret Hc Cream 15G,Generic/Unlisted,6700.0,https://beautybydaz.com/shop/face/a-ret-hc-cream-15g/,BeautyByDaz,,Lagos
A-Ret Tretinoin 0.05% Gel,Generic/Unlisted,4950.0,https://beautybydaz.com/shop/face/treatment/tretinoin-0-05-gel/,BeautyByDaz,,Lagos
A-Ret Tretinoin Gel Usp 0.1% W/W,Generic/Unlisted,5850.0,https://beautybydaz.com/shop/face/treatment/tretinoin-gel-usp-0-1-w-w/,BeautyByDaz,,Lagos
ADVANCED KOREAN SKIN BRIGHT & MOISTURE BODY LOTION 500ml/17.6oz,Generic/Unlisted,11850.0,https://beautybydaz.com/shop/bath-body/creams-lotions/advanced-korean-skin-bright-moisture/,BeautyByDaz,,Lagos
ADVANCED KOREAN SKIN BRIGHT AND EXFOLIATE MINT BODY GEL WASH- 1200ML,Generic/Unlisted,11999.0,https://beautybydaz.com/shop/bath-body/bath-wash-gels/advanced-korean-skin-bright-and-exfoliate-mint-body-gel-wash-1200ml/,BeautyByDaz,,Lagos
ANUA Barrier Reboot Daily Moisturizer 3.38 fl oz 100ml,Anua,19500.0,https://beautybydaz.com/shop/face/moisturizers/anua-barrier-reboot-daily-moisturizer-3-38-fl-oz-100ml/,BeautyByDaz,"['bleaching-repair-dry-skin', 'face', 'moisturizers']",Lagos
"APIEU Glycolic Acid Cream, 1.69 fl oz (50 ml)",Generic/Unlisted,11500.0,https://beautybydaz.com/shop/face/treatment/apieu-glycolic-acid-cream-1-69-fl-oz-50-ml/,BeautyByDaz,,Lagos
APRILSKIN TXA Niacinamide 99 Overnight Wrapping Mask  80ml,Generic/Unlisted,16500.0,https://beautybydaz.com/shop/face/face-masks-scrubs/aprilskin-txa-niacinamide-99-overnight-wrapping-mask-80ml/,BeautyByDaz,,Lagos
AQUA RICH Vitamin C Brightening Face Cream 100g,Generic/Unlisted,9500.0,https://beautybydaz.com/shop/face/moisturizers/aqua-rich-vitamin-c-brightening-face-cream-100g/,BeautyByDaz,,Lagos
Abib Airy Sunstick Smoothing Bar,Abib,14500.0,https://beautybydaz.com/shop/face/sunscreens/abib-airy-sunstick-smoothing-bar/,BeautyByDaz,,Lagos
Abib Glutathiosome Dark Spot Serum Vita Drop 50ml,Abib,15800.0,https://beautybydaz.com/shop/face/serums/abib-glutahiosome-dark-spot-serum-vita-drop-50ml/,BeautyByDaz,,Lagos
Abib – Quick Sunstick Protection Bar 22G,Abib,14500.0,https://beautybydaz.com/shop/face/sunscreens/abib-quick-sunstick-protection-bar-22g/,BeautyByDaz,,Lagos
Adapalene Gel 0.1% Adaferin- 15G,Generic/Unlisted,8500.0,https://beautybydaz.com/shop/face/oils-serum/adapalene-gel-0-1-adaferin-15g/,BeautyByDaz,,Lagos
Adefunke Lace Adhesive Glue 150ml,Generic/Unlisted,35000.0,https://beautybydaz.com/shop/hair-care/adefunke-lace-adhesive-glue-150ml/,BeautyByDaz,,Lagos
Adefunke Lace Adhesive Glue 60ml,Generic/Unlisted,27000.0,https://beautybydaz.com/shop/hair-care/adefunke-lace-adhesive-glue-60ml/,BeautyByDaz,,Lagos
Adefunke Lace Melting Spray 180ml,Generic/Unlisted,30000.0,https://beautybydaz.com/shop/hair-care/adefunke-lace-melting-spray-180ml/,BeautyByDaz,,Lagos
Adefunke Lace Tint Mousse Dark Brown 200ml,Generic/Unlisted,20000.0,https://beautybydaz.com/shop/uncategorized/adefunke-lace-tint-mousse-dark-brown-200ml/,BeautyByDaz,,Lagos
Adefunke Lace Tint Mousse Light Warm 200ml,Generic/Unlisted,20000.0,https://beautybydaz.com/shop/hair-care/adefunke-lace-tint-mousse-light-warm-200ml/,BeautyByDaz,,Lagos
Adefunke Lace Tint Mousse Light brown 200ml,Generic/Unlisted,20000.0,https://beautybydaz.com/shop/hair-care/adefunke-lace-tint-mousse-light-brown-200ml/,BeautyByDaz,,Lagos
Adefunke Lace Tint Mousse Medium brown 200ml,Generic/Unlisted,20000.0,https://beautybydaz.com/shop/hair-care/adefunke-lace-tint-mousse-medium-brown-200ml/,BeautyByDaz,,Lagos
Adefunkeee Hair Curl Mousse,Generic/Unlisted,20000.0,https://beautybydaz.com/shop/hair-care/adefunkeee-hair-curl-mousse/,BeautyByDaz,,Lagos
Advanced Korean Fairest Skin Lightening Body Oil – 280ml,Generic/Unlisted,8999.0,https://beautybydaz.com/shop/bath-body/creams-lotions/advanced-korean-fairest-skin-lightening-body-oil-280ml/,BeautyByDaz,,Lagos
Advanced Korean Skin Active Fair Cream 100g,Generic/Unlisted,10500.0,https://beautybydaz.com/shop/face/moisturizers/advanced-korean-skin-active-fair-cream-100g/,BeautyByDaz,,Lagos
Advanced Korean Skin Bright & Clear Body Gel Wash Vitamin C & Vitamin E 1200ml,Generic/Unlisted,11950.0,https://beautybydaz.com/shop/bath-body/bath-wash-gels/advanced-korean-skin-bright-clear-body-gel-wash-vitamin-c-vitamin-e-1200ml/,BeautyByDaz,,Lagos
Advanced Korean Skin Bright & Clear Papaya Body Gel Wash -1200ml,Generic/Unlisted,11999.0,https://beautybydaz.com/shop/bath-body/bath-wash-gels/advanced-korean-skin-bright-clear-papaya-body-gel-wash-1200ml/,BeautyByDaz,,Lagos
Advanced Korean Skin Brighter Face cream 100g,Generic/Unlisted,10500.0,https://beautybydaz.com/shop/face/moisturizers/advanced-korean-skin-brighter-face-cream-100g/,BeautyByDaz,,Lagos
Advanced Korean Skin Brightest Body Oil,Generic/Unlisted,8999.0,https://beautybydaz.com/shop/bath-body/creams-lotions/advanced-korean-skin-brightest-body-oil/,BeautyByDaz,,Lagos
Advanced korean skin lightening & barrier repair body lotion 500ml,Generic/Unlisted,12500.0,https://beautybydaz.com/shop/bath-body/advanced-korean-skin-lightening-barrier-repair-body-lotion-500ml/,BeautyByDaz,,Lagos
Advanced korean skin multiple actives brightening toner,Generic/Unlisted,8999.0,https://beautybydaz.com/shop/cleansers-toners/advanced-korean-skin-multiple-actives-brightening-toner/,BeautyByDaz,,Lagos
Adventure Primer Base,Generic/Unlisted,3950.0,https://beautybydaz.com/shop/makeup/adventure-primer-base/,BeautyByDaz,,Lagos
Alada Instant Whitening Soap 160g,Generic/Unlisted,9500.0,https://beautybydaz.com/shop/uncategorized/alada-instant-whitening-soap-160g/,BeautyByDaz,,Lagos
Alpha Renewal Body Lotion 12% Glycolic,Generic/Unlisted,16800.0,https://beautybydaz.com/shop/bath-body/creams-lotions/alpha-renewal-body-lotion-12-glycolic/,BeautyByDaz,,Lagos
Alpha Renewal Moisturizing Body Wash Sea Mist 354ml,Generic/Unlisted,13500.0,https://beautybydaz.com/shop/bath-body/bath-wash-gels/alpha-renewal-moisturizing-body-wash-sea-mist-354ml/,BeautyByDaz,,Lagos
Ameliorate body lotion 300ml,Generic/Unlisted,38000.0,https://beautybydaz.com/shop/bath-body/creams-lotions/amelioriate-body-lotion-300ml/,BeautyByDaz,,Lagos
Amlactin Calm And Renew Body Butter 11 oz (312g),Generic/Unlisted,21800.0,https://beautybydaz.com/shop/bath-body/creams-lotions/amlactin-calm-and-renew-body-butter-11-oz-312g/,BeautyByDaz,,Lagos
Amlactin Calm And Renew Lotion 400g,Generic/Unlisted,21800.0,https://beautybydaz.com/shop/bath-body/creams-lotions/amlactin-calm-and-renew-lotion-400g/,BeautyByDaz,,Lagos
Amlactin Daily Healing 12% Lactic Acid Lotion,Generic/Unlisted,32500.0,https://beautybydaz.com/shop/amlactin-body-lotion/amlactin-daily-healing-12-lactic-acid-lotion/,BeautyByDaz,,Lagos
Amlactin Intensive Healing 15% AHA Cream (Unscented) 340g,Generic/Unlisted,27500.0,https://beautybydaz.com/shop/amlactin-body-lotion/amlactin-intensive-healing-moisturizing-cream/,BeautyByDaz,,Lagos
Amlactin Intensive Healing 15% AHA Lotion -225g,Generic/Unlisted,22500.0,https://beautybydaz.com/shop/bath-body/creams-lotions/amlactin-intensive-healing-lactic-acid/,BeautyByDaz,,Lagos
Annie’s Beauty Ashy Smokey Palette,Generic/Unlisted,23999.0,https://beautybydaz.com/shop/makeup/annies-beauty-ashy-smokey-palette/,BeautyByDaz,,Lagos
Annie’s Beauty Cheek Sensation Blush Palette,Generic/Unlisted,23999.0,https://beautybydaz.com/shop/makeup/eye-makeup/eyeshadow/annies-beauty-cheek-sensation-blush-palette/,BeautyByDaz,,Lagos
Annie’s Beauty Colorful Party Girl Palette,Generic/Unlisted,23999.0,https://beautybydaz.com/shop/makeup/annies-beauty-colorful-party-girl-palette/,BeautyByDaz,,Lagos
Annie’s Beauty Cool Tone Twilight Palette,Generic/Unlisted,23999.0,https://beautybydaz.com/shop/makeup/annies-beauty-cool-twilight-palette/,BeautyByDaz,,Lagos
Annie’s Beauty Drama Queen Eyeshadow Palette,Generic/Unlisted,23999.0,https://beautybydaz.com/shop/face/annies-beauty-drama-queen-eyeshadow-palette/,BeautyByDaz,,Lagos
Annie’s Beauty Meet The Browns Palette 32.4g,Generic/Unlisted,28999.0,https://beautybydaz.com/shop/makeup/eye-makeup/eyeshadow/annies-beauty-meet-the-browns-palette/,BeautyByDaz,,Lagos
Annie’s Beauty Nudes Happy Bride Palette,Generic/Unlisted,23999.0,https://beautybydaz.com/shop/makeup/annies-beauty-nudes-happy-bride-palette/,BeautyByDaz,,Lagos
Annie’s Beauty Purple Dazzling Palette,Generic/Unlisted,23999.0,https://beautybydaz.com/shop/makeup/annies-beauty-purple-dazzling-palette/,BeautyByDaz,,Lagos
Anua Azelaic 3 Cica Skin Clarifying Toner 250ml,Anua,16500.0,https://beautybydaz.com/shop/cleansers-toners/azelaic-3-cica-skin-clarifying-toner-250ml/,BeautyByDaz,,Lagos
Anua Azeliac Acid Cica Skin Soothing Moisturizer 100ml,Anua,16500.0,https://beautybydaz.com/shop/face/anua-azeliac-acid-cica-skin-soothing-moisturizer-100ml/,BeautyByDaz,,Lagos
Anua BHA 2% Gentle Exfoliating Toner 150ml,Anua,19500.0,https://beautybydaz.com/shop/face/anua-bha-2-gentle-exfoliating-toner-150ml/,BeautyByDaz,,Lagos
Anua Heartleaf 70% Daily Relief Lotion 200ml,Anua,18500.0,https://beautybydaz.com/shop/face/anua-heartleaf-70-daily-relief-lotion-200ml/,BeautyByDaz,,Lagos
Anua Heartleaf 77% Soothing Toner – 250ml,Anua,17500.0,https://beautybydaz.com/shop/face/anua-heartleaf-77-soothing-toner-250ml/,BeautyByDaz,,Lagos
Anua Heartleaf Quercetinol Deep Cleansing foam 150ml,Anua,10500.0,https://beautybydaz.com/shop/face/anua-heartleaf-quercetinol-deep-cleansing-foam-150ml/,BeautyByDaz,,Lagos
Anua Heartleaf Silky Moisture Sunscreen 50ml,Anua,14950.0,https://beautybydaz.com/shop/face/sunscreens/anua-heartleaf-silky-moisture-sunscreen-50ml/,BeautyByDaz,,Lagos
Anua Niacinamide 10% + Tranexamic Acid 4% Serum,Anua,18850.0,https://beautybydaz.com/shop/face/anua-niacinamide-10-tranexamin-acid-4-serum/,BeautyByDaz,,Lagos
Anua Niacinamide 5 + TXA Brightening Pad 60pads 210ml,Anua,15950.0,https://beautybydaz.com/shop/face/anua-niacinamide-5-txa-brightening-pad-60pads-210ml/,BeautyByDaz,,Lagos
Anua Peach 70 Niacin Serum 30ml,Anua,18500.0,https://beautybydaz.com/shop/face/serums/anua-peach-70-niacin-serum-30ml/,BeautyByDaz,,Lagos
Anua Rice 70 Glow Milky Toner 250ml,Anua,16500.0,https://beautybydaz.com/shop/face/anua-rice-70-glow-milky-toner-250ml/,BeautyByDaz,,Lagos
Anua Rice Enzyme Brightening Cleansing Powder,Anua,16500.0,https://beautybydaz.com/shop/face/face-masks-scrubs/anua-rice-enzyme-brightening-cleansing-powder/,BeautyByDaz,,Lagos
Aqua Rich Hydrate + Protect  Body Lotion 500ml,Generic/Unlisted,9500.0,https://beautybydaz.com/shop/bath-body/creams-lotions/aqua-rich-hydrate-protect-body-lotion-500ml/,BeautyByDaz,"['bath-body', 'creams-lotions']",Lagos
Aqua Rich Hydrating Bright Body Lotion 500ml,Generic/Unlisted,12850.0,https://beautybydaz.com/shop/bath-body/creams-lotions/aqua-rich-hydrating-bright-body-lotion-500ml/,BeautyByDaz,,Lagos
Arami glow oil oud of eden 250ml,Generic/Unlisted,13500.0,https://beautybydaz.com/shop/uncategorized/arami-glow-oil-oud-of-eden-250ml/,BeautyByDaz,,Lagos
Arami glow oil petal muse 250ml,Generic/Unlisted,13500.0,https://beautybydaz.com/shop/bath-body/arami-glow-oil-petal-muse-250ml/,BeautyByDaz,,Lagos
Arami glow oil sweet oud 250ml,Generic/Unlisted,13500.0,https://beautybydaz.com/shop/bath-body/arami-glow-oil-sweet-oud-250ml/,BeautyByDaz,,Lagos
Arencia Eraser Shot Glycolic Acid Booster 30ml,Generic/Unlisted,13800.0,https://beautybydaz.com/shop/face/moisturizers/arencia-eraser-shot-glycolic-acid-booster-30ml/,BeautyByDaz,,Lagos
Arencia Fresh Green Rice Mochi Cleanser 120g,Generic/Unlisted,14500.0,https://beautybydaz.com/shop/face/arencia-fresh-green-rice-mochi-cleanser-120g/,BeautyByDaz,,Lagos
Arencia Retinal Booster Shot,Generic/Unlisted,15950.0,https://beautybydaz.com/shop/face/moisturizers/arencia-retinal-booster-shot/,BeautyByDaz,,Lagos
Arencia Vitamin C Boosting Shot 30ml,Generic/Unlisted,15950.0,https://beautybydaz.com/shop/face/arencia-vitamin-c-boosting-shot-30ml/,BeautyByDaz,,Lagos
Art Ishadow Diary,Generic/Unlisted,14500.0,https://beautybydaz.com/shop/makeup/eye-makeup/eyeshadow/art-ishadow-diary/,BeautyByDaz,,Lagos
Art Makeup Berry Pop Lip Gloss,Generic/Unlisted,2800.0,https://beautybydaz.com/shop/makeup/lips-makeup/art-make-up-berry-pop-lip-gloss/,BeautyByDaz,,Lagos
Aveeno Baby Daily Moisture Lotion 18 FL OZ 532ml,Generic/Unlisted,19850.0,https://beautybydaz.com/shop/bath-body/creams-lotions/aveeno-baby-daily-moisture-lotion-18-fl-oz-532ml/,BeautyByDaz,,Lagos
Avien 5.5 The Brightener Vitamin C Body Lotion,Generic/Unlisted,11750.0,https://beautybydaz.com/shop/bath-body/avien-5-5-the-brightener-vitamin-c-body-lotion/,BeautyByDaz,,Lagos
Avien 5.5 The Brightener Vitamin C Body Wash 750ml,Generic/Unlisted,11300.0,https://beautybydaz.com/shop/bath-body/bath-wash-gels/avien-5-5-the-brightener-vitamin-c-body-wash-750ml/,BeautyByDaz,,Lagos
Avour Bestskin Outlast Full Coverage Foundation,Generic/Unlisted,,https://beautybydaz.com/shop/makeup/face-makeup/foundations/avour-bestskin-outcast-full-coverage-foundation/,BeautyByDaz,,Lagos
Avour Concealer Invisible Coverage,Generic/Unlisted,,https://beautybydaz.com/shop/makeup/face-makeup/concealer/avour-concealer-invisible-coverage/,BeautyByDaz,,Lagos
Avour Liquid Concealer Invisible Coverage,Generic/Unlisted,,https://beautybydaz.com/shop/makeup/face-makeup/concealer/avour-liquid-concealer-invisible-coverage/,BeautyByDaz,,Lagos
Avour Loose Powder,Generic/Unlisted,,https://beautybydaz.com/shop/makeup/face-makeup/avour-loose-powder/,BeautyByDaz,,Lagos
Avour Matte Lip Gloss,Generic/Unlisted,2200.0,https://beautybydaz.com/shop/makeup/lips-makeup/avour-matte-lip-gloss-2/,BeautyByDaz,,Lagos
Avour Super Stay Full Coverage SPF25 Foundation,Generic/Unlisted,6500.0,https://beautybydaz.com/shop/makeup/face-makeup/foundations/avour-super-stay-full-coverage-spf25-foundation/,BeautyByDaz,,Lagos
Axis y PHA Resurfacing Glow Peel,Generic/Unlisted,14800.0,https://beautybydaz.com/shop/face/serums/axis-y-pha-resurfacing-glow-peel/,BeautyByDaz,,Lagos
Axis-y TXA 2.5% Intensive Brightening Cream 50ml,Axis-Y,17500.0,https://beautybydaz.com/shop/face/axis-y-txa-2-5-intensive-brightening-cream-50ml/,BeautyByDaz,,Lagos
Aziderm Azelaic Acid 20% Cream,Generic/Unlisted,6500.0,https://beautybydaz.com/shop/hair-care/styling-products/creams-mousses/aziderm-azelaic-acid-20-cream/,BeautyByDaz,,Lagos
B : Lab Yuja Anti-Dark Spot Serum 30ml,Generic/Unlisted,9850.0,https://beautybydaz.com/shop/face/serums/b-lab-yuja-anti-dark-spot-serum-30ml/,BeautyByDaz,,Lagos
B Lab Cica Soft Meltaway Cleansing Balm 100ml,Generic/Unlisted,8500.0,https://beautybydaz.com/shop/cleansers-toners/b-lab-cica-soft-meltaway-cleansing-balm-100ml/,BeautyByDaz,,Lagos
B Lab Matcha Hydrating Real Sun Screen Spf50+ Pa++++,Generic/Unlisted,9000.0,https://beautybydaz.com/shop/face/sunscreens/b-lab-matcha-hydrating-real-sun-screen-spf50-pa/,BeautyByDaz,,Lagos
B Lab perfect balance matcha airyfit Sunstick 15g,Generic/Unlisted,8950.0,https://beautybydaz.com/shop/face/b-lab-matcha-hydrating-real-sun-stick/,BeautyByDaz,,Lagos
BB LAB Glutathione Collagen W 2g x 30 ( 60g/224 kcal),Generic/Unlisted,18850.0,https://beautybydaz.com/shop/supplement/bb-lab-glutathione-collagen-w-2g-x-30-60g-224-kcal/,BeautyByDaz,,Lagos
BBD Gift Card,Generic/Unlisted,200000.0,https://beautybydaz.com/shop/gift-card/bbd-gift-card/,BeautyByDaz,,Lagos
Bake Me Babe Setting Powder,Generic/Unlisted,16500.0,https://beautybydaz.com/shop/makeup/face-makeup/powders/bake-me-babe-setting-powder/,BeautyByDaz,,Lagos
Balance Active Salicylic Acid + Zinc Clarifying Toner 200ml,Generic/Unlisted,9150.0,https://beautybydaz.com/shop/face/balance-active-salicylic-acid-zinc-clarifying-toner-200ml/,BeautyByDaz,,Lagos
Balance Active Vitamin C Serum 3% (30ml),Generic/Unlisted,9000.0,https://beautybydaz.com/shop/face/serums/balance-active-vitamin-c-serum-5-30ml/,BeautyByDaz,,Lagos
Balance Active glycolic acid  toner 200ml,Generic/Unlisted,9500.0,https://beautybydaz.com/shop/face/96250/,BeautyByDaz,,Lagos
Balance active niacinamide serum 30ml,Generic/Unlisted,9000.0,https://beautybydaz.com/shop/uncategorized/balance-active-niacinamide-serum-30ml/,BeautyByDaz,,Lagos
"Bb Lab Good Night Collagen, Low Molecular Collagen Powder 2G 30Sticks",Generic/Unlisted,13800.0,https://beautybydaz.com/shop/face/supplements/bb-lab-good-night-collagen-low-molecular-collagen-powder-2g-30sticks/,BeautyByDaz,,Lagos
Beauty Atelier Deluxe Brow and Lash Lamination Kit,Generic/Unlisted,65999.0,https://beautybydaz.com/shop/bath-body/personal-care/beauty-atelier-deluxe-brow-and-lash-lamination-kit/,BeautyByDaz,,Lagos
Beauty By AD Lip Luxe Potion,Generic/Unlisted,8000.0,https://beautybydaz.com/shop/makeup/beauty-by-ad-lip-luxe-potion/,BeautyByDaz,,Lagos
Beauty Formulas Brightening Vitamin C Facial Tonic 150ml,Generic/Unlisted,3800.0,https://beautybydaz.com/shop/face/beauty-formulas-brightening-vitamin-c-facial-tonic-150ml/,BeautyByDaz,,Lagos
Beauty Formulas Glowing Serum 2% Vitamin C,Generic/Unlisted,3999.0,https://beautybydaz.com/shop/face/beauty-formulas-glowing-serum-2-vitamin-c/,BeautyByDaz,,Lagos
Beauty Formulas Illuminating Serum 10% Niacinamide – 30ml,Generic/Unlisted,3850.0,https://beautybydaz.com/shop/face/beauty-formulas-illuminating-serum-10-niacinamide-30ml/,BeautyByDaz,,Lagos
Beauty Of Joseon Relief Sun Aqua-Fresh: Rice + B5 SPF 50+ PA++++,Beauty of Joseon,14850.0,https://beautybydaz.com/shop/face/sunscreens/beauty-of-joseon-relief-sun-aqua-fresh-rice-b5-spf-50-pa/,BeautyByDaz,,Lagos
Beauty by AD Cheek Attitude Blush Palette,Generic/Unlisted,15500.0,https://beautybydaz.com/shop/makeup/beauty-by-ad-cheek-attitude/,BeautyByDaz,,Lagos
Beauty by AD Cheek Charm Powder Blush,Generic/Unlisted,15500.0,https://beautybydaz.com/shop/makeup/face-makeup/blush/beauty-by-ad-cheek-charm-powder-blush/,BeautyByDaz,,Lagos
Beauty by AD Ethereal Essence Lip Gloss,Generic/Unlisted,10500.0,https://beautybydaz.com/shop/face/lips/beauty-by-ad-ethereal-essence-lip-gloss/,BeautyByDaz,,Lagos
Beauty by AD Lip Gloss,Generic/Unlisted,10500.0,https://beautybydaz.com/shop/uncategorized/beauty-by-ad-lip-gloss/,BeautyByDaz,,Lagos
Beauty by AD Liquid Matte Lipstick,Generic/Unlisted,10500.0,https://beautybydaz.com/shop/face/lips/beauty-by-ad-liquid-matte-lipstick/,BeautyByDaz,,Lagos
Beauty by AD Luxe Skin Matte Wear Foundation,Generic/Unlisted,35800.0,https://beautybydaz.com/shop/makeup/beauty-by-ad-luxe-skin-matte-wear-foundation/,BeautyByDaz,,Lagos
Beauty by AD luxe skin dew drop,Generic/Unlisted,35800.0,https://beautybydaz.com/shop/makeup/face-makeup/beauty-by-ad-luxe-skin-dew-drop/,BeautyByDaz,,Lagos
Beauty of Joseon Glow Serum 60ml,Beauty of Joseon,16800.0,https://beautybydaz.com/shop/face/serums/beauty-of-joseon-glow-serum-60ml/,BeautyByDaz,,Lagos
Beauty of Joseon Light On Serum Centella + Vita C 30ml,Beauty of Joseon,13800.0,https://beautybydaz.com/shop/face/serums/beauty-of-joseon-light-on-serum-centella-vita-c-30ml/,BeautyByDaz,,Lagos
Benzac Ac Benzoyl Peroxide 5% Gel 30G,Generic/Unlisted,7500.0,https://beautybydaz.com/shop/face/benzac-ac-benzoyl-peroxide-5-gel-30g/,BeautyByDaz,,Lagos
Bioderma Atoderm Gel Douche 1Litre,Generic/Unlisted,24999.0,https://beautybydaz.com/shop/bath-body/bath-wash-gels/bioderma-atoderm-gel-douche-1litre/,BeautyByDaz,,Lagos
Bioderma Atoderm Gel Douche Refill 1L,Generic/Unlisted,20050.0,https://beautybydaz.com/shop/bath-body/creams-lotions/bioderma-atoderm-gel-douche-refill-1l/,BeautyByDaz,"['bath-body', 'creams-lotions']",Lagos
Bioderma Atoderm Huile De Douche Shower Oil Refill 1L,Generic/Unlisted,27600.0,https://beautybydaz.com/shop/bath-body/creams-lotions/bioderma-atoderm-huile-de-douche-shower-oil-refill-1l/,BeautyByDaz,"['bath-body', 'creams-lotions']",Lagos
Bioderma Atoderm Huile De Douche Ultra-Nourishing Shower Oil 1L,Generic/Unlisted,37500.0,https://beautybydaz.com/shop/bath-body/bioderma-atoderm-huile-de-douche-ultra-nourishing-shower-oil-1l/,BeautyByDaz,,Lagos
Bioderma Atoderm Intensive Baume  200ml,Generic/Unlisted,21950.0,https://beautybydaz.com/shop/bath-body/creams-lotions/bioderma-atoderm-intensive-baume-200ml/,BeautyByDaz,"['bath-body', 'creams-lotions']",Lagos
Bioderma Atoderm Intensive Baume Ultra-Soothing Balm 500ml,Generic/Unlisted,39750.0,https://beautybydaz.com/shop/face/bioderma-atoderm-intensive-baume/,BeautyByDaz,,Lagos
Bioderma Pigmentbio C-Concentrate Serum 15ml,Generic/Unlisted,40110.0,https://beautybydaz.com/shop/face/bioderma-pigmentbio-c-concentrate-serum-15ml/,BeautyByDaz,,Lagos
Bioderma Pigmentbio Foaming Cream 500ml,Generic/Unlisted,32784.0,https://beautybydaz.com/shop/face/bioderma-pigmentbio-foaming-cream-500ml/,BeautyByDaz,,Lagos
Bioderma Pigmentbio Night Renewer 50ml,Generic/Unlisted,46178.0,https://beautybydaz.com/shop/face/moisturizers/bioderma-pigmentbio-night-renewer-50ml/,BeautyByDaz,,Lagos
Bioderma Sebium Gel Moussant Actif Cleansing Active Foaming Gel 200ml,Generic/Unlisted,16850.0,https://beautybydaz.com/shop/face/bioderma-sebium-gel-moussant-actif-cleansing-active-foaming-gel-200ml/,BeautyByDaz,,Lagos
Bioderma Sensibio Defensive 40ml,Generic/Unlisted,17850.0,https://beautybydaz.com/shop/face/bioderma-sensibio-defensive-40ml/,BeautyByDaz,,Lagos
Bioderma Sensibio H2O The Original Micellar Water 500ml,Generic/Unlisted,17558.0,https://beautybydaz.com/shop/cleansers-toners/bioderma-sensibio-h2o-the-original-micellar-water-500ml/,BeautyByDaz,,Lagos
Bioderma Sébium Hydra Ultra-Moisturizing Compensating Care 40ml,Generic/Unlisted,13850.0,https://beautybydaz.com/shop/face/moisturizers/bioderma-sebium-hydra-ultra-moisturizing-compensating-care-40ml/,BeautyByDaz,,Lagos
Black Girl Sun Shield UPF 50+ Gloves,Generic/Unlisted,14800.0,https://beautybydaz.com/shop/face/sunscreens/black-girl-sun-shield-upf-50-gloves/,BeautyByDaz,,Lagos
Blossom 24K Pink Lip Gloss,Generic/Unlisted,2000.0,https://beautybydaz.com/shop/makeup/lips-makeup/lipstick-lipgloss/blossom-24k-pink-lip-gloss/,BeautyByDaz,,Lagos
Blossom Ablazed Baked Highlighter,Generic/Unlisted,5800.0,https://beautybydaz.com/shop/makeup/face-makeup/blush/blossom-ablazed-baked-highlighter/,BeautyByDaz,,Lagos
Blossom Lip Moisturizing Gloss,Generic/Unlisted,1500.0,https://beautybydaz.com/shop/makeup/lips-makeup/lipstick-lipgloss/blossom-lip-moisturizing-gloss/,BeautyByDaz,,Lagos
Blossom Makeup Gel Eyeliner,Generic/Unlisted,2880.0,https://beautybydaz.com/shop/makeup/eye-makeup/eyeliner/blossom-make-up-gel-eyeliner/,BeautyByDaz,,Lagos
Blossom Makeup Moist Essence,Generic/Unlisted,6800.0,https://beautybydaz.com/shop/makeup/face-makeup/primer/blossom-make-up-moist-essence/,BeautyByDaz,,Lagos
Blossom Makeup Skincare Vitamin C Serum,Generic/Unlisted,5500.0,https://beautybydaz.com/shop/face/serums/blossom-makeup-skincare-vitamin-c-serum/,BeautyByDaz,"['face', 'serums']",Lagos
Blossom Makeup Veil Foundation,Generic/Unlisted,9800.0,https://beautybydaz.com/shop/makeup/face-makeup/foundations/blossom-make-up-veil-foundation/,BeautyByDaz,,Lagos
Bolden Brightening Face Moisturizer with SPF 30 & Vitamin C 60ml,Generic/Unlisted,29500.0,https://beautybydaz.com/shop/face/bolden-brightening-face-moisturizer-with-spf-30-vitamin-c-60ml/,BeautyByDaz,,Lagos
Bolden Brightening Glycolic Acid Toner 237ml,Generic/Unlisted,23850.0,https://beautybydaz.com/shop/face/bolden-brightening-glycolic-acid-toner/,BeautyByDaz,,Lagos
Bolden Dark Spot Fix  30ml,Generic/Unlisted,20800.0,https://beautybydaz.com/shop/face/bolden-dark-spot-fix/,BeautyByDaz,,Lagos
Bolden Sunscreen Serum SPF50+ PA++++ 1.69fl.Oz/50ml,Generic/Unlisted,13850.0,https://beautybydaz.com/shop/face/bolden-sunscreen-serum-spf50-pa-1-69fl-oz-50ml/,BeautyByDaz,,Lagos
Bondi sands Lip Balm with SPF50+ Juicy Watermelon 10g,Generic/Unlisted,8800.0,https://beautybydaz.com/shop/face/lips/bondi-sands-lip-balm-with-spf50-juicy-watermelon-10g/,BeautyByDaz,,Lagos
Bondi sands Lip Balm with SPF50+ Wild strawberry 10g,Generic/Unlisted,8800.0,https://beautybydaz.com/shop/face/lips/bondi-sands-lip-balm-with-spf50-wild-strawberry-10g/,BeautyByDaz,,Lagos
Bondisands Coconut Beach SPF50+,Generic/Unlisted,16500.0,https://beautybydaz.com/shop/face/sunscreens/bondisands-coconut-beach-spf50/,BeautyByDaz,,Lagos
Browmatic by Dammel Brow Tamer,Generic/Unlisted,2500.0,https://beautybydaz.com/shop/makeup/eye-makeup/brows/bromatic-by-dammel-brow-tamer/,BeautyByDaz,,Lagos
CPD Bang Grip  Primer,Generic/Unlisted,9999.0,https://beautybydaz.com/shop/uncategorized/cpd-bang-grip-primer/,BeautyByDaz,,Lagos
Cantu shea butter deep treatment masque 340g,Generic/Unlisted,10500.0,https://beautybydaz.com/shop/hair-care/cantu-shea-butter-deep-treatment-masque-340g/,BeautyByDaz,,Lagos
Cantu shea butter sulfate free cleansing cream shampoo 400ml,Generic/Unlisted,7500.0,https://beautybydaz.com/shop/hair-care/cantu-shea-butter-sulfate-free-cleansing-cream-shampoo-400ml/,BeautyByDaz,,Lagos
Cantu shea butter sulfate free hydrating cream conditioner,Generic/Unlisted,7500.0,https://beautybydaz.com/shop/hair-care/cantu-shea-butter-sulfate-free-hydrating-cream-conditioner/,BeautyByDaz,,Lagos
Celimax Derma Nature Glutathione Tone Up Cream 35ml,Celimax,14500.0,https://beautybydaz.com/shop/face/moisturizers/celimax-derma-nature-glutathione-tone-up-cream-35ml/,BeautyByDaz,,Lagos
Centellian 24 Madeca Cream Time Reverse 50ml,Generic/Unlisted,14500.0,https://beautybydaz.com/shop/face/treatment/centellian-24-madeca-cream-time-reverse-50ml/,BeautyByDaz,,Lagos
Centellian24 Expert Madeca Cream Active Renew PDRN,Generic/Unlisted,12500.0,https://beautybydaz.com/shop/face/moisturizers/centellian24-expert-madeca-cream-active-renew-pdrn/,BeautyByDaz,,Lagos
Cerave Baby Moisturizing Lotion 16 FL OZ 473ml,CeraVe,22800.0,https://beautybydaz.com/shop/bath-body/creams-lotions/cerave-baby-moisturizing-lotion-16-fl-oz-473ml/,BeautyByDaz,,Lagos
Cerave Baby Wash And Shampoo 16 FL OZ 473ml,CeraVe,22500.0,https://beautybydaz.com/shop/hair-care/shampoos/cerave-baby-wash-and-shampoo-16-fl-oz-473ml/,BeautyByDaz,,Lagos
Cerave Hydrating Cleanser 236ml Uk Version,CeraVe,12500.0,https://beautybydaz.com/shop/face/cerave-hydrating-cleanser-236ml-uk-version/,BeautyByDaz,,Lagos
Cerave Moisturising Lotion For Dry To Very Dry Skin 473Ml,CeraVe,19300.0,https://beautybydaz.com/shop/bath-body/cerave-moisturising-lotion-for-dry-skin/,BeautyByDaz,,Lagos
Cetaphil Moiturizing Lotion Normal To Dry Skin 591ml,Generic/Unlisted,22500.0,https://beautybydaz.com/shop/bath-body/cetaphil-moiturizing-lotion-normal-to-dry-skin-591ml/,BeautyByDaz,,Lagos
Chambers Chapter 2000 Hair Grow Treatment 160G,Generic/Unlisted,7500.0,https://beautybydaz.com/shop/hair-care/chambers-chapter-2000-hair-grow-treatment-160g/,BeautyByDaz,,Lagos
Charlotte Tilbury Airbrush Perfecting Powder,Generic/Unlisted,76500.0,https://beautybydaz.com/shop/makeup/face-makeup/powders/charlotte-tilbury-airbrush-perfecting-powder/,BeautyByDaz,,Lagos
Charlotte Tilbury Airbrush Setting Spray,Generic/Unlisted,68500.0,https://beautybydaz.com/shop/makeup/face-makeup/setting-spray/charlotte-tilbury-airbrush-setting-spray-100ml-2/,BeautyByDaz,,Lagos
Charlotte Tilbury Airbrush Smoothing Powder,Generic/Unlisted,76500.0,https://beautybydaz.com/shop/makeup/face-makeup/powders/charlotte-tilbury-airbrush-smoothing-powder/,BeautyByDaz,,Lagos
Classic Base Matifiante Velvet Matte Primer,Generic/Unlisted,5500.0,https://beautybydaz.com/shop/makeup/classic-base-matifiante-velvet-matte-primer/,BeautyByDaz,,Lagos
Classic Matifying Face Primer,Generic/Unlisted,5500.0,https://beautybydaz.com/shop/makeup/face-makeup/classic-matifying-face-primer/,BeautyByDaz,,Lagos
Classy Glow Retinol And Kojic Acid Body Lotion 500ml,Generic/Unlisted,8000.0,https://beautybydaz.com/shop/bath-body/creams-lotions/classy-glow-retinol-and-kojic-acid-body-lotion-500ml/,BeautyByDaz,,Lagos
Classy Glow Retinol And Kojic Acid Body Wash 1000ml,Generic/Unlisted,7500.0,https://beautybydaz.com/shop/bath-body/bath-wash-gels/classy-glow-retinol-and-kojic-acid-body-wash-1000ml/,BeautyByDaz,,Lagos
Classy Glow Retinol And Kojic Acid Hand Cream 100g,Generic/Unlisted,4800.0,https://beautybydaz.com/shop/bath-body/personal-care/classy-glow-retinol-and-kojic-acid-hand-cream-100g/,BeautyByDaz,,Lagos
Classy Glow Vitamin C And Niacinamide Brightening Body Wash 1000ml,Generic/Unlisted,7500.0,https://beautybydaz.com/shop/bath-body/bath-wash-gels/classy-glow-vitamin-c-and-niacinamide-brightening-body-wash-1000ml/,BeautyByDaz,,Lagos
Classy Glow Vitamin C And Niacinamide Brightening Hand Cream 100g,Generic/Unlisted,4800.0,https://beautybydaz.com/shop/bath-body/personal-care/classy-glow-vitamin-c-and-niacinamide-brightening-hand-cream-100g/,BeautyByDaz,,Lagos
Classy Glow Vitamin c And Niacinamide Brightening Body Lotion 500ml,Generic/Unlisted,8000.0,https://beautybydaz.com/shop/bath-body/creams-lotions/classy-glow-vitamin-c-and-niacinamide-brightening-body-lotion-500ml/,BeautyByDaz,,Lagos
Cos De BAHA Hydroquinone Brightening Serum 30ml,Generic/Unlisted,10950.0,https://beautybydaz.com/shop/face/serums/cos-de-baha-hydroquinone-brightening-serum-30ml/,BeautyByDaz,"['face', 'serums']",Lagos
"Cos De BAHA Niacinamide 10% Serum 1 Fl Oz  Zinc PCA, Hyaluronic Acid (30 ml)",Generic/Unlisted,9950.0,https://beautybydaz.com/shop/face/serums/cos-de-baha-niacinamide-10-serum-1-fl-oz-zinc-pca-hyaluronic-acid-aloe-for-balancing-pore-refining-uneven-tone-30-ml/,BeautyByDaz,"['face', 'hyperpigmentation-oily-skin', 'serums']",Lagos
Cos De Baha Arbutin Niacinamide Serum 30ml,Generic/Unlisted,10500.0,https://beautybydaz.com/shop/face/serums/cos-de-baha-arbutin-niacinamide-serum-30ml/,BeautyByDaz,"['face', 'serums']",Lagos
Cos De Baha Hydroquinone 2% Serum 30ml,Generic/Unlisted,10950.0,https://beautybydaz.com/shop/face/cos-de-baha-hydroquinone-2-serum-30ml/,BeautyByDaz,,Lagos
Cos De Baha Salicylic Acid Bha 2% Serum 30ml,Generic/Unlisted,10500.0,https://beautybydaz.com/shop/face/serums/cos-de-baha-salicylic-acid-bha-2-serum-30ml/,BeautyByDaz,"['face', 'hyperpigmentation-combination-skin', 'serums']",Lagos
Cos de BAHA Tranexamic Acid With Niacinamide Serum 30ml,Generic/Unlisted,10950.0,https://beautybydaz.com/shop/face/serums/cos-de-baha-tranexamic-acid-with-niacinamide-serum-30ml/,BeautyByDaz,"['face', 'hyperpigmentation-dry-skin', 'hyperpigmentation-sensitive-skin', 'serums']",Lagos
Cosmo Blue Java Banana Fragrance Mist,Generic/Unlisted,5500.0,https://beautybydaz.com/shop/fragrance/cosmo-blue-java-banana-fragrance-mist/,BeautyByDaz,,Lagos
Cosmo Delicious Berry Yogurt Cream Fragrance Mist,Generic/Unlisted,5500.0,https://beautybydaz.com/shop/fragrance/cosmo-delicious-berry-yogurt-cream-fragrance-mist/,BeautyByDaz,,Lagos
Cosmo Delicious Frosted Apple Candy Fragrance Mist,Generic/Unlisted,5500.0,https://beautybydaz.com/shop/fragrance/cosmo-delicious-frosted-apple-candy/,BeautyByDaz,,Lagos
Cosmo Delicious Hot Cocoa Peppermint Fragrance Mist,Generic/Unlisted,5500.0,https://beautybydaz.com/shop/fragrance/cosmo-delicious-hot-cocoa-peppermint-fragrance-mist/,BeautyByDaz,,Lagos
Cosmo Delicious Kunafa Pistachio Chocolate Fragrance Mist,Generic/Unlisted,5500.0,https://beautybydaz.com/shop/fragrance/cosmo-delicious-kunafa-pistachio-chocolate-fragrance-mist/,BeautyByDaz,,Lagos
Cosmo Delicious Sweet Snowberry Treat Fragrance Mist,Generic/Unlisted,5500.0,https://beautybydaz.com/shop/fragrance/cosmo-delicious-sweet-snowberry-treat/,BeautyByDaz,,Lagos
Cosmo Glow White Extra Brightening Body Scrub,Generic/Unlisted,5400.0,https://beautybydaz.com/shop/bath-body/body-scrubs-exfoliators/cosmo-glow-white-extra-brightening-body-scrub/,BeautyByDaz,,Lagos
Cosmo Glow White Lightening Body Scrub,Generic/Unlisted,5400.0,https://beautybydaz.com/shop/bath-body/cosmo-glow-white-lightening-body-scrub/,BeautyByDaz,,Lagos
Cosmo Temptation Tropical Papaya,Generic/Unlisted,8580.0,https://beautybydaz.com/shop/bath-body/cosmo-temptation-tropical-papaya/,BeautyByDaz,,Lagos
Cosmo Whitening Pure Elegance Roll-On 48hrs,Generic/Unlisted,5200.0,https://beautybydaz.com/shop/bath-body/personal-care/cosmo-whitening-pure-elegance-roll-on-48hrs/,BeautyByDaz,,Lagos
Cosmo Whitening Roll – On Deo Active Sport,Generic/Unlisted,5200.0,https://beautybydaz.com/shop/bath-body/cosmo-whitening-roll-on-deo-active-sport/,BeautyByDaz,,Lagos
Cosmo Whitening Roll-on Deo Fresh breeze,Generic/Unlisted,5200.0,https://beautybydaz.com/shop/fragrance/cosmo-whitening-roll-on-deo-fresh-breeze/,BeautyByDaz,,Lagos
Cosmos Delicious Coconut Ice Cream Sundae Fragrance Mist,Generic/Unlisted,5500.0,https://beautybydaz.com/shop/fragrance/cosmos-delicious-coconut-ice-cream-sundae/,BeautyByDaz,,Lagos
Cosrx Centella Water Alcohol Free Toner 150ml,COSRX,9500.0,https://beautybydaz.com/shop/cleansers-toners/cosrx-centella-water-alcohol-free-toner-150ml/,BeautyByDaz,,Lagos
Creightons Salicylic Acid Exfoliating Tonic – 200ml,Generic/Unlisted,7300.0,https://beautybydaz.com/shop/face/creightons-salicylic-acid-exfoliating-tonic-200ml/,BeautyByDaz,,Lagos
D alba Piedmon First Spray Serum  2 in 1 100ml,Generic/Unlisted,59850.0,https://beautybydaz.com/shop/face/serums/dalba-piedmon-first-spray-serum-2-in-1-100ml/,BeautyByDaz,,Lagos
DERMA BISOU VELVET ESSENCE  50 ml (1.69 fl. oz),Generic/Unlisted,9600.0,https://beautybydaz.com/shop/face/derma-bisou-velvet-essence-50-ml-1-69-fl-oz/,BeautyByDaz,,Lagos
DERMA BISOU VELVET TONER 120ml,Generic/Unlisted,9600.0,https://beautybydaz.com/shop/face/derma-bisou-velvet-toner-120ml/,BeautyByDaz,,Lagos
DOVE FRUITY NOURISH BODY WASH 720ML,Generic/Unlisted,8800.0,https://beautybydaz.com/shop/bath-body/bath-wash-gels/dove-fruity-nourish-body-wash-720ml/,BeautyByDaz,,Lagos
DOVE GENTLE PAMPER BODY WASH 720ML,Generic/Unlisted,8800.0,https://beautybydaz.com/shop/bath-body/bath-wash-gels/dove-gentle-pamper-body-wash-720ml/,BeautyByDaz,,Lagos
DOVE GLOW UP BODY  WASH 720ml,Generic/Unlisted,8800.0,https://beautybydaz.com/shop/bath-body/bath-wash-gels/dove-glow-up-body-wash-720ml/,BeautyByDaz,,Lagos
DOVE NOURISHING BODY WASH 720ML,Generic/Unlisted,8800.0,https://beautybydaz.com/shop/bath-body/bath-wash-gels/dove-nourishing-body-wash-720ml/,BeautyByDaz,,Lagos
DOVE VELVET GLOW BODY WASH 720ML,Generic/Unlisted,8800.0,https://beautybydaz.com/shop/bath-body/bath-wash-gels/dove-velvet-glow-body-wash-720ml/,BeautyByDaz,,Lagos
Davis Eye Liner and Lip Pencil,Generic/Unlisted,400.0,https://beautybydaz.com/shop/face/eyes/davies-eye-liner-and-lip-pencil/,BeautyByDaz,,Lagos
Demelan cream,Generic/Unlisted,10500.0,https://beautybydaz.com/shop/bath-body/creams-lotions/demelan-cream/,BeautyByDaz,,Lagos
Differin Adapalene 0.1% gel,Generic/Unlisted,23500.0,https://beautybydaz.com/shop/face/treatment/differin-adapalene-0-1-gel/,BeautyByDaz,,Lagos
Dove  Relaxing Beauty Cream Bar with coconut milk & jasmine petals Scent (90g x4),Generic/Unlisted,4999.0,https://beautybydaz.com/shop/bath-body/soaps/dove-relaxing-beauty-cream-bar-with-coconut-milk-jasmine-petals-scent-90g-x4/,BeautyByDaz,,Lagos
Dove 3-In-1 Gentle Exfoliating Beauty Cream Bar (90g x4),Generic/Unlisted,4999.0,https://beautybydaz.com/shop/bath-body/dove-3-in-1-gentle-exfoliating-beauty-cream-bar-90g-x4/,BeautyByDaz,,Lagos
Dove Bar Soap Pink,Generic/Unlisted,4999.0,https://beautybydaz.com/shop/bath-body/dove-bar-soap-pink-2/,BeautyByDaz,,Lagos
Dove Body Love Awakening Care Hand Cream 75ml,Generic/Unlisted,4800.0,https://beautybydaz.com/shop/bath-body/creams-lotions/dove-body-love-awakening-care-hand-cream-75ml/,BeautyByDaz,,Lagos
Dove Body Love Essential Care Body Milk,Generic/Unlisted,6999.0,https://beautybydaz.com/shop/bath-body/creams-lotions/dove-body-love-essential-care-body-milk/,BeautyByDaz,,Lagos
"Dove Body Love Intense Care Body Lotion, 400 ml",Generic/Unlisted,6999.0,https://beautybydaz.com/shop/bath-body/creams-lotions/body-love-intensive-care-body-lotion/,BeautyByDaz,,Lagos
Dove Body Love Invigorating Care Hand Cream 75ml,Generic/Unlisted,4800.0,https://beautybydaz.com/shop/bath-body/dove-body-love-invigorating-care-hand-cream-75ml/,BeautyByDaz,,Lagos
Dove Body Love Light Care Body Lotion 400ml,Generic/Unlisted,6999.0,https://beautybydaz.com/shop/bath-body/creams-lotions/dove-body-love-light-care-body-lotion/,BeautyByDaz,,Lagos
Dove Brown Sugar & Coconut Butter Body Scrub Gommage Corps,Generic/Unlisted,15850.0,https://beautybydaz.com/shop/bath-body/body-scrubs-exfoliators/dove-brown-sugar-coconut-butter-body-scrub-gommage-corps/,BeautyByDaz,,Lagos
Dove Crushed Macadamia and Rice Milk Body Scrub Gommage Corps,Generic/Unlisted,15850.0,https://beautybydaz.com/shop/bath-body/body-scrubs-exfoliators/dove-crushed-macadamia-and-rice-milk-body-scrub-gommage-corps/,BeautyByDaz,,Lagos
Dove Exfoliating Body Polish Scrub Macadamia & Rice Milk Body Scrub 225ml,Generic/Unlisted,10500.0,https://beautybydaz.com/shop/uncategorized/dove-exfoliating-body-polish-scrub-macadamia-rice-milk-body-scrub-225ml-3/,BeautyByDaz,,Lagos
Dove Nourishing Bar (4 Bars),Generic/Unlisted,4999.0,https://beautybydaz.com/shop/bath-body/soaps/dove-nourishing-bar-4-bars/,BeautyByDaz,,Lagos
Dove Original Beauty Cream Bar  One bar 90g,Generic/Unlisted,1500.0,https://beautybydaz.com/shop/bath-body/soaps/dove-original-beauty-cream-bar-one-bar-90g/,BeautyByDaz,,Lagos
Dove Pampering Body Lotion 400ml,Generic/Unlisted,6999.0,https://beautybydaz.com/shop/bath-body/creams-lotions/dove-pampering-body-lotion/,BeautyByDaz,,Lagos
Dove Rejuvenating  Bar 4x90g Pack (360g),Generic/Unlisted,4999.0,https://beautybydaz.com/shop/bath-body/soaps/dove-rejuvenating-bar-4x90g-pack-360g/,BeautyByDaz,,Lagos
Dove Restoring Care Body Lotion – Coconut Oil And Almond Milk – 400ml,Generic/Unlisted,6999.0,https://beautybydaz.com/shop/face/dove-restoring-care-body-lotion-coconut-oil-and-almond-milk-400ml/,BeautyByDaz,,Lagos
Dove refreshing bar soap 4x90g,Generic/Unlisted,4999.0,https://beautybydaz.com/shop/bath-body/dove-refreshing-bar-soap-4x90g/,BeautyByDaz,,Lagos
Dove restoring beauty cream bar,Generic/Unlisted,4999.0,https://beautybydaz.com/shop/bath-body/soaps/dove-restoring-beauty-cream-bar/,BeautyByDaz,,Lagos
Dove winter bloom body wash,Generic/Unlisted,8800.0,https://beautybydaz.com/shop/bath-body/bath-wash-gels/dove-winter-bloom-body-wash/,BeautyByDaz,,Lagos
Dr Althea 0.1% Gentle Retinol Serum 30ml,Generic/Unlisted,13800.0,https://beautybydaz.com/shop/face/dr-althea-0-1-gentle-retinol-serum-30ml/,BeautyByDaz,,Lagos
Dr Althea 147 Barrier Cream 50ml,Generic/Unlisted,17850.0,https://beautybydaz.com/shop/face/dr-althea-147-barrier-cream-50ml/,BeautyByDaz,,Lagos
Dr Althea 345 Relief Cream 50ml,Generic/Unlisted,17850.0,https://beautybydaz.com/shop/face/moisturizers/dr-althea-345-relief-cream-50ml/,BeautyByDaz,,Lagos
Dr Althea 345 Relief Serum 15ml,Generic/Unlisted,9999.0,https://beautybydaz.com/shop/face/serums/dr-althea-345-relief-serum-15ml/,BeautyByDaz,,Lagos
Dr Althea Aqua Marine Watery Cream 50ml,Generic/Unlisted,12950.0,https://beautybydaz.com/shop/face/moisturizers/dr-althea-aqua-marine-watery-cream-50ml/,BeautyByDaz,,Lagos
Dr Althea Gentle Vitamin c serum 20%,Generic/Unlisted,14500.0,https://beautybydaz.com/shop/face/serums/dr-althea-gentle-vitamin-c-serum-20/,BeautyByDaz,,Lagos
Dr Althea Green Tea Fresh Sunscreen SPF50+ PA++++,Generic/Unlisted,14500.0,https://beautybydaz.com/shop/face/sunscreens/dr-althea-green-tea-fresh-sunscreen-spf50-pa/,BeautyByDaz,,Lagos
Dr Althea Natural  Radiance Essence 30ml,Generic/Unlisted,10500.0,https://beautybydaz.com/shop/face/serums/dr-althea-natural-radiance-essence-30ml/,BeautyByDaz,,Lagos
Dr Althea Pure Retinol 0.15% Cream 20g,Generic/Unlisted,10500.0,https://beautybydaz.com/shop/face/dr-althea-pure-retinol-0-15-cream-20g/,BeautyByDaz,,Lagos
Dr Althea Vitamin C Boosting Serum – 63%,Generic/Unlisted,14500.0,https://beautybydaz.com/shop/asian-brands/dr-althea-vitamin-c-boosting-serum-20/,BeautyByDaz,,Lagos
Dr Meinaier Alpha Arbutin Sugar Scrub 650g,Generic/Unlisted,3950.0,https://beautybydaz.com/shop/bath-body/body-scrubs-exfoliators/dr-meinaier-alpha-arbutin-sugar-scrub-650g/,BeautyByDaz,,Lagos
"Dr Teal’S Body Wash With Prebiotic Lemon Balm And Essential Oil Blend, 24 Fl Oz",Generic/Unlisted,9500.0,https://beautybydaz.com/shop/bath-body/dr-teals-body-wash-with-prebiotic-lemon-balm-and-essential-oil-blend-24-fl-oz/,BeautyByDaz,,Lagos
Dr Teal’S Moisturizing Bath & Body Oil -Shea Butter – 260ml (8.8Oz),Generic/Unlisted,8500.0,https://beautybydaz.com/shop/bath-body/creams-lotions/dr-teals-moisturizing-bath-body-oil-shea-butter-260ml-8-8oz/,BeautyByDaz,,Lagos
Dr Teal’S Moisturizing Bath & Body Oil – Lavender – 260ml (8.8Oz),Generic/Unlisted,8500.0,https://beautybydaz.com/shop/bath-body/creams-lotions/dr-teals-moisturizing-bath-body-oil-lavender-260ml-8-8oz/,BeautyByDaz,,Lagos
"Dr Teal’S Shea Sugar Body Scrub With Prebiotic Lemon Balm And Essential Oils, 19 Oz",Generic/Unlisted,11950.0,https://beautybydaz.com/shop/bath-body/personal-care/dr-teals-shea-sugar-body-scrub-with-prebiotic-lemon-balm-and-essential-oils-19-oz/,BeautyByDaz,,Lagos
"Dr Teal’s Body Lotion with Prebiotic Lemon Balm, Essential Oil Blend, 18 fl oz",Generic/Unlisted,8850.0,https://beautybydaz.com/shop/body-cream/dr-teals-body-lotion-prebiotic-lemon-balm/,BeautyByDaz,,Lagos
Dr Teal’s Deodorant Lavender Vanilla 2.65 Ounce Aluminum-Free,Generic/Unlisted,6950.0,https://beautybydaz.com/shop/bath-body/dr-teals-deodorant-lavender-vanilla-2-65-ounce-aluminum-free/,BeautyByDaz,,Lagos
Dr Teal’s Eucalyptus & Spearmint Moisturizing Bath & Body Oils – 260ml,Generic/Unlisted,8500.0,https://beautybydaz.com/shop/bath-body/dr-teals-eucalyptus-spearmint-moisturizing-bath-body-oils-260ml/,BeautyByDaz,,Lagos
"Dr Teal’s Kids 3-in-1  Bubble bath Body Wash & Shampoo, Oat & Milk 20 fl oz / 591ml",Generic/Unlisted,7500.0,https://beautybydaz.com/shop/bath-body/bath-wash-gels/dr-teals-kids-3-in-1-bubble-bath-body-wash-shampoo-oat-milk-20-fl-oz-591ml/,BeautyByDaz,,Lagos
Dr Teal’s Kids 3-in-1 Sleep Bath with Melatonin & Essential Oil 20FL OZ/591ML,Generic/Unlisted,7500.0,https://beautybydaz.com/shop/bath-body/bath-wash-gels/dr-teals-kids-3-in-1-sleep-bath-with-melatonin-essential-oil-20fl-oz-591ml/,BeautyByDaz,,Lagos
"Dr Teal’s Moisturizing Bath & Body Oil, Glow & Hydrate with Ceramides and Avocado Oil 8.8 fl oz",Generic/Unlisted,8500.0,https://beautybydaz.com/shop/bath-body/creams-lotions/dr-teals-moisturizing-bath-body-oil-glow-hydrate-with-ceramides-and-avocado-oil-8-8-fl-oz/,BeautyByDaz,,Lagos
"Dr Teal’s Moisturizing Bath & Body Oil, Prebiotic Lemon Balm 8.8 fl oz",Generic/Unlisted,8500.0,https://beautybydaz.com/shop/bath-body/creams-lotions/dr-teals-moisturizing-bath-body-oil-prebiotic-lemon-balm-8-8-fl-oz/,BeautyByDaz,,Lagos
"Dr Teal’s Sleep Body Wash with Pure Epsom Salt, Melatonin, Lavender & Chamomile Essential Oil Blend, 24 fl oz",Generic/Unlisted,7500.0,https://beautybydaz.com/shop/bath-body/bath-wash-gels/dr-teals-sleep-body-wash-with-pure-epsom-salt-melatonin-lavender-chamomile-essential-oil-blend-24-fl-oz/,BeautyByDaz,,Lagos
Dr althea Aqua Marine Deep Serum 30ml,Generic/Unlisted,12500.0,https://beautybydaz.com/shop/face/serums/dr-althea-aqua-marine-deep-serum-30ml/,BeautyByDaz,,Lagos
Dr teal’s Relax And Relief Body Wash With Eucalyptus and Spearmint Oil 24fl OZ/710ml,Generic/Unlisted,7500.0,https://beautybydaz.com/shop/bath-body/bath-wash-gels/dr-teals-relax-and-relief-body-wash-with-eucalyptus-and-spearmint-oil-24fl-oz-710ml/,BeautyByDaz,,Lagos
Duchess glow retinol rose 1000ml,Generic/Unlisted,7850.0,https://beautybydaz.com/shop/bath-body/bath-wash-gels/duchess-glow-retinol-rose-1000ml/,BeautyByDaz,,Lagos
E45 Moisturising Cream,Generic/Unlisted,12850.0,https://beautybydaz.com/shop/bath-body/creams-lotions/e45-moisturising-cream/,BeautyByDaz,,Lagos
ESTELIN -TURMERIC + VITAMIN C (Brightening) Cream 7.05 oz 200g,Generic/Unlisted,4500.0,https://beautybydaz.com/shop/face/moisturizers/estelin-turmeric-vitamin-c-brightening-cream-7-05-oz-200g/,BeautyByDaz,,Lagos
ESTELIN B5 Ceramide Repairing Face Serum – 30ml,Generic/Unlisted,3500.0,https://beautybydaz.com/shop/face/serums/estelin-b5-ceramide-repairing-face-serum-30ml/,BeautyByDaz,,Lagos
ESTELIN Vitamin C Brightening Toner 400ml,Generic/Unlisted,4650.0,https://beautybydaz.com/shop/uncategorized/estelin-vitamin-c-brightening-toner-400ml/,BeautyByDaz,,Lagos
Egyptian Molato Soap 500g,Generic/Unlisted,5800.0,https://beautybydaz.com/shop/bath-body/soaps/egyptian-molato-soap-500g/,BeautyByDaz,,Lagos
Embryolisse Lait Creme 75ml,Generic/Unlisted,30500.0,https://beautybydaz.com/shop/face/moisturizers/embryolisse-lait-creme-75ml/,BeautyByDaz,,Lagos
Eos Coconut Water Body lotion,Generic/Unlisted,18850.0,https://beautybydaz.com/shop/bath-body/creams-lotions/eos-coconut-water-body-lotion/,BeautyByDaz,,Lagos
Eos Shea Better Body Lotion Jasmine Peach 16 Fl Oz,Generic/Unlisted,18500.0,https://beautybydaz.com/shop/face/eos-shea-better-body-lotion-pomegranate/,BeautyByDaz,,Lagos
Eos Shea Better Body Lotion- Pomegranate Raspberry 16 Fl Oz,Generic/Unlisted,18500.0,https://beautybydaz.com/shop/body-cream/eos-shea-better-body-lotion-jasmine-peach/,BeautyByDaz,,Lagos
Eos Shea Better Moisture Body Lotion Vanilla Cashmere 16Fl Oz,Generic/Unlisted,18850.0,https://beautybydaz.com/shop/body-cream/eos-shea-better-moisture-vanilla/,BeautyByDaz,,Lagos
Eos Shea Butter Cashmere Body Wash Vanilla Cashmere 473ml,Generic/Unlisted,20850.0,https://beautybydaz.com/shop/bath-body/eos-shea-butter-cashmere-body-wash-vanilla-cashmere-473ml/,BeautyByDaz,,Lagos
Eos Shea Butter Cashmere whipped oil butter Vanilla Cashmere 283ml,Generic/Unlisted,24500.0,https://beautybydaz.com/shop/bath-body/eos-shea-butter-cashmere-whipped-oil-butter-vanilla-cashmere-283ml/,BeautyByDaz,,Lagos
Eos Shea butter Cashere Body Wash Coconut Waters 473ml,Generic/Unlisted,20850.0,https://beautybydaz.com/shop/bath-body/eos-shea-butter-cashere-body-wash-coconut-waters-473ml/,BeautyByDaz,,Lagos
Eqqualberry Bakuchiol Plumping Capsule Cream,Generic/Unlisted,20200.0,https://beautybydaz.com/shop/face/moisturizers/eqqualberry-bakuchiol-plumping-capsule-cream/,BeautyByDaz,,Lagos
Eqqualberry Bakuchiol Plumping Serum 30ml,Generic/Unlisted,16950.0,https://beautybydaz.com/shop/face/oils-serum/eqqualberry-bakuchiol-plumping-serum-30ml/,BeautyByDaz,,Lagos
Eqqualberry Swimming Pool Daily Facial Toner  155ml,Generic/Unlisted,11999.0,https://beautybydaz.com/shop/face/swimming-pool-daily-facial-toner-150ml/,BeautyByDaz,,Lagos
Eqqualberry Vitamin Illuminating Serum 30ml,Generic/Unlisted,16950.0,https://beautybydaz.com/shop/face/serums/eqqualberry-vitamin-illuminating-serum-30ml/,BeautyByDaz,,Lagos
Estebare Soothing Aftercare gel 80ml,Generic/Unlisted,10999.0,https://beautybydaz.com/shop/bath-body/personal-care/estebare-soothing-aftercare-gel-80ml/,BeautyByDaz,,Lagos
Estelin Alpha Arbutin + Niacinamide Whitening Cream,Generic/Unlisted,4500.0,https://beautybydaz.com/shop/face/moisturizers/estelin-estelin-alpha-arbutin-niacinamide-whitening-cream/,BeautyByDaz,,Lagos
Estelin Ceramide + Centella (Repair) Cream 200g,Generic/Unlisted,4500.0,https://beautybydaz.com/shop/uncategorized/estelin-ceramide-centella-repair-cream-200g/,BeautyByDaz,,Lagos
Estelin Tea Tree & Salicylic Acid Serum,Generic/Unlisted,3500.0,https://beautybydaz.com/shop/face/estelin-tea-tree-salicylic-acid-serum/,BeautyByDaz,,Lagos
Estelin Ultra Light Hydrating Invisible Sunscreen SPF 80 Pa+++- 100g,Generic/Unlisted,3850.0,https://beautybydaz.com/shop/face/sunscreens/pfb-vanish-ultra-60ml/,BeautyByDaz,,Lagos
Estellin Vitamin A & Retinol Age-Defying Face Serum 30ml,Generic/Unlisted,3500.0,https://beautybydaz.com/shop/face/estellin-vitamin-a-retinol-age-defying-face-serum-30ml/,BeautyByDaz,,Lagos
Eucerin Dermo Purifyer oil control cleansing gel 200ml,Generic/Unlisted,14500.0,https://beautybydaz.com/shop/face/eucerin-dermo-purifyer-oil-control-cleansing-gel-200ml/,BeautyByDaz,,Lagos
Eucerin DermoPuriyer Oil Control Post-Acne Marks Triple Effect Serum 40ml,Generic/Unlisted,28351.0,https://beautybydaz.com/shop/face/serums/eucerin-dermopuriyer-oil-control-post-acne-marks-triple-effect-serum-40ml/,BeautyByDaz,,Lagos
Eucerin Even Pigment Perfector Dual Serum 30ml,Generic/Unlisted,43750.0,https://beautybydaz.com/shop/face/serums/eucerin-even-pigment-perfector-dual-serum-30ml/,BeautyByDaz,,Lagos
Eucerin Face Sunscreen Photoaging Control Anti-Age Sun Fluid SPF 50+ 50ml,Generic/Unlisted,17800.0,https://beautybydaz.com/shop/face/sunscreens/eucerin-face-sunscreen-photoaging-control-anti-age-sun-fluid-spf-50-50ml/,BeautyByDaz,,Lagos
Eucerin Oil Control Sun Gel-Cream Dry Touch SPF50+ 50ml,Generic/Unlisted,18850.0,https://beautybydaz.com/shop/face/sunscreens/eucerin-oil-control-sun-gel-cream-dry-touch-spf50-50ml/,BeautyByDaz,,Lagos
Eucerin Pigment Control Sun Fluid 50ml,Generic/Unlisted,20500.0,https://beautybydaz.com/shop/face/sunscreens/eucerin-pigment-control-sun-fluid-50ml/,BeautyByDaz,,Lagos
Eucerin Urea Repair Plus Body Cream 450ml,Generic/Unlisted,28500.0,https://beautybydaz.com/shop/body-cream/eucerin-urea-repair-plus-body-cream-450ml/,BeautyByDaz,,Lagos
Eucerin- Urea Repair Plus 10% Urea Intensive Moisturizing Lotion 250ml,Generic/Unlisted,25999.0,https://beautybydaz.com/shop/body-cream/eucerin-urea-repair-plus-urea-lotion/,BeautyByDaz,,Lagos
Ezanic Azeliac Acid Cream 10%,Generic/Unlisted,6950.0,https://beautybydaz.com/shop/face/ezanic-azeliac-acid-cream-10/,BeautyByDaz,,Lagos
FBH Cosmetic Lock-in Water Proof Makeup Fixer,Generic/Unlisted,10000.0,https://beautybydaz.com/shop/makeup/face-makeup/setting-spray/fbh-cosmetic-lock-in-water-proof-make-up-fixer/,BeautyByDaz,,Lagos
FRUDIA-My Orchard  Hand Cream,Generic/Unlisted,3500.0,https://beautybydaz.com/shop/bath-body/personal-care/frudia-my-orchard-hand-cream/,BeautyByDaz,,Lagos
FaceFacts Bright + Clear Face Cream – 75ml,Generic/Unlisted,7500.0,https://beautybydaz.com/shop/face/treatment/face-facts-bright-clear-face-cream-75ml/,BeautyByDaz,,Lagos
FaceFacts Ceramide Oil Control Hydrating Toner 200ml,Generic/Unlisted,5999.0,https://beautybydaz.com/shop/face/face-facts-ceramide-oil-control-hydrating-toner-200ml/,BeautyByDaz,,Lagos
FaceFacts Ceramide Oil Control Moisturising Gel Cream 50ml,Generic/Unlisted,3500.0,https://beautybydaz.com/shop/face/face-facts-ceramide-oil-control-moisturising-gel-cream-50ml/,BeautyByDaz,,Lagos
FaceFacts Firm & Renew Polypeptide Serum – 30ml,Generic/Unlisted,3200.0,https://beautybydaz.com/shop/face/face-facts-firm-renew-polypeptide-serum-30ml/,BeautyByDaz,,Lagos
FaceFacts Kojic Acid Body Lotion – 400ml,Generic/Unlisted,6999.0,https://beautybydaz.com/shop/bath-body/creams-lotions/face-facts-kojic-acid-body-lotion/,BeautyByDaz,,Lagos
FaceFacts Niacinamide Serum – 30ml,Generic/Unlisted,3950.0,https://beautybydaz.com/shop/face/serums/face-facts-niacinamide-serum-30ml/,BeautyByDaz,,Lagos
FaceFacts Nourish + Restore Ceramide Facial Serum 30ml,Generic/Unlisted,3850.0,https://beautybydaz.com/shop/face/face-facts-barrier-repair-ceramide-serum-30ml/,BeautyByDaz,,Lagos
FaceFacts Restore & Clarify Salicylic Acid Serum – 30ml,Generic/Unlisted,3200.0,https://beautybydaz.com/shop/face/face-facts-restore-clarify-salicylic-acid-serum-30ml/,BeautyByDaz,,Lagos
FaceFacts Soothing Facial Toner – 200ml,Generic/Unlisted,4950.0,https://beautybydaz.com/shop/face/face-facts-soothing-facial-toner-200ml/,BeautyByDaz,,Lagos
FaceFacts Vitamin C Body Lotion – 400ml,Generic/Unlisted,7200.0,https://beautybydaz.com/shop/face/face-facts-vitamin-c-body-lotion-400ml-2/,BeautyByDaz,,Lagos
FaceFacts Vitamin C Serum – 50ml,Generic/Unlisted,5999.0,https://beautybydaz.com/shop/face/serums/face-facts-vitamin-c-serum-50ml/,BeautyByDaz,,Lagos
FaceFacts Wonder Cream  Fragrance free 50ml,Generic/Unlisted,8500.0,https://beautybydaz.com/shop/face/moisturizers/face-facts-wonder-cream-50ml/,BeautyByDaz,,Lagos
Facefact Candied Cocoa Soft Sugar Lip Scrub 10g,Generic/Unlisted,2880.0,https://beautybydaz.com/shop/face/lips/facefact-candied-cocoa-soft-sugar-lip-scrub-10g/,BeautyByDaz,,Lagos
Facefact Lip Oil Hydro Watermelon Pink Blush 9ml,Generic/Unlisted,3000.0,https://beautybydaz.com/shop/face/lips/facefact-lip-oil-hydro-watermelon-pink-blush-9ml/,BeautyByDaz,,Lagos
Facefact Lip Oil Protecting Grape Clear Glaze,Generic/Unlisted,3000.0,https://beautybydaz.com/shop/face/lips/facefact-lip-oil-protecting-grape-clear-glaze/,BeautyByDaz,,Lagos
Facefact Lip Oil Smoothing Peach Coral Shine 9ml,Generic/Unlisted,3000.0,https://beautybydaz.com/shop/face/lips/facefact-lip-oil-smoothing-peach-coral-shine-9ml/,BeautyByDaz,,Lagos
Facefact Mellow Mango Soft Sugar Lip Scrub 10g,Generic/Unlisted,2880.0,https://beautybydaz.com/shop/face/lips/facefact-mellow-mango-soft-sugar-lip-scrub-10g/,BeautyByDaz,,Lagos
Facefact Sweet Strawberry Soft Sugar Lip Scrub 10g,Generic/Unlisted,2880.0,https://beautybydaz.com/shop/face/lips/facefact-sweet-strawberry-soft-sugar-lip-scrub-10g/,BeautyByDaz,,Lagos
Facefacts 2% BHA TONER 30ML,Generic/Unlisted,4999.0,https://beautybydaz.com/shop/face/face-facts-2-bha-toner/,BeautyByDaz,,Lagos
Facefacts Ceramide  Oil Control Foaming Cleanser 400ml,Generic/Unlisted,6950.0,https://beautybydaz.com/shop/face/facefacts-ceramide-oil-control-foaming-cleanser-400ml/,BeautyByDaz,,Lagos
Facefacts Ceramide Blemish Clarifying Foaming Cleanser 400ml,Generic/Unlisted,6950.0,https://beautybydaz.com/shop/face/facefacts-ceramide-blemish-clarifying-foaming-cleanser-400ml/,BeautyByDaz,,Lagos
Facefacts Ceramide Blemish Gel Moisturizer 50ml,Generic/Unlisted,3500.0,https://beautybydaz.com/shop/face/facefacts-ceramide-blemish-gel-moisturizer-50ml/,BeautyByDaz,,Lagos
Facefacts Ceramide Blemish Treatment Gel 50ml,Generic/Unlisted,3500.0,https://beautybydaz.com/shop/face/facefacts-ceramide-blemish-treatment-gel-50ml/,BeautyByDaz,,Lagos
Facefacts Ceramide Moisturizing Cream 454ml,Generic/Unlisted,6950.0,https://beautybydaz.com/shop/face/facefacts-ceramide-moisturizing-cream-454ml/,BeautyByDaz,,Lagos
Femfresh Daily Wash 250ml,Generic/Unlisted,4850.0,https://beautybydaz.com/shop/bath-body/personal-care/femfresh-daily-wash-250ml/,BeautyByDaz,,Lagos
Fenty Beauty Gloss Bomb Universal Lip Luminizer,Generic/Unlisted,45000.0,https://beautybydaz.com/shop/makeup/lips-makeup/lipstick-lipgloss/fenty-beauty-gloss-bomb-universal-lip-luminizer/,BeautyByDaz,"['lips-makeup', 'lipstick-lipgloss', 'makeup']",Lagos
Garden Of Wisdom Alpha Arbutin 2% & Kojic Acid 1% Serum,Generic/Unlisted,17500.0,https://beautybydaz.com/shop/face/serums/garden-of-wisdom-alpha-arbutin-2-kojic-acid-1-serum/,BeautyByDaz,,Lagos
Garnier Bright Complete Body Lotion – 400ml,Generic/Unlisted,8950.0,https://beautybydaz.com/shop/face/garnier-bright-complete-body-lotion-400ml/,BeautyByDaz,,Lagos
Garnier Sakura Glow Hyaluron Body Serum Lotion Uv 400ml,Generic/Unlisted,8950.0,https://beautybydaz.com/shop/bath-body/garnier-sakura-glow-hyaluron-body-serum-lotion-uv-400ml/,BeautyByDaz,,Lagos
Garnier Skin Active Micellar Cleansing Water (France),Generic/Unlisted,7500.0,https://beautybydaz.com/shop/face/garnier-skin-active-micellar-cleansing-water-france/,BeautyByDaz,,Lagos
Girlz Korner beauty blender,Generic/Unlisted,2500.0,https://beautybydaz.com/shop/makeup/girlz-korner-beauty-blender/,BeautyByDaz,,Lagos
Good Molecules 5% Niacinamide Serum with Ectoin,Generic/Unlisted,12900.0,https://beautybydaz.com/shop/face/serums/good-molecules-5-niacinamide-serum-with-ectoin/,BeautyByDaz,,Lagos
Good Molecules Gentle Retinol Cream 30ml,Generic/Unlisted,12999.0,https://beautybydaz.com/shop/face/moisturizers/good-molecules-gentle-retinol-cream-30ml/,BeautyByDaz,,Lagos
Good Molecules Mandelic Acid Serum 30ml,Generic/Unlisted,14500.0,https://beautybydaz.com/shop/face/serums/good-molecules-mandelic-acid-serum-30ml/,BeautyByDaz,,Lagos
Good Molecules Yerba Mate Wake Up Eye Gel 15ml,Generic/Unlisted,10500.0,https://beautybydaz.com/shop/face/eyes/good-molecules-yerba-mate-wake-up-eye-gel-15ml/,BeautyByDaz,,Lagos
Good molecules Brightening & Dark Spots Bar,Generic/Unlisted,11999.0,https://beautybydaz.com/shop/bath-body/soaps/good-molecules-brightening-dark-spots-bar/,BeautyByDaz,,Lagos
Good molecules Yuzu Blemish Gel Cream,Generic/Unlisted,12200.0,https://beautybydaz.com/shop/face/serums/good-molecules-yuzu-blemish-gel-cream/,BeautyByDaz,,Lagos
Goodal Green Tangerine VITA C Dark Spot Care Serum 40ml,Goodal,21850.0,https://beautybydaz.com/shop/face/serums/goodal-green-tangerine-vita-c-dark-spot-care-serum-40ml/,BeautyByDaz,,Lagos
Haru Haru wonder Black Rice Moisture 5.5 Soft Cleansing Gel 100ml,Generic/Unlisted,10500.0,https://beautybydaz.com/shop/face/haru-haru-wonder-black-rice-moisture-5-5-soft-cleansing-gel-100ml/,BeautyByDaz,,Lagos
Haruharu Black Rice Moisture Airyfit Daily Non Greasy Sunscreen – 50ml,Haruharu Wonder,12500.0,https://beautybydaz.com/shop/face/sunscreens/haru-haru-black-rice-moisture-airyfit-daily-sunscreen-50ml/,BeautyByDaz,,Lagos
Heimish All Clean Balm 120ml,Heimish,14950.0,https://beautybydaz.com/shop/face/heimish-all-clean-balm-120ml/,BeautyByDaz,,Lagos
Heimish Hydrogel Eye Patch Bulgarian Rose Water,Heimish,12500.0,https://beautybydaz.com/shop/face/face-masks-scrubs/heimish-hydrogel-eye-patch-bulgarian-rose-water/,BeautyByDaz,,Lagos
Heimish RX Retinol Bakuchiol Hydrogel Eye Patch (60ea),Heimish,14500.0,https://beautybydaz.com/shop/face/eyes/heimish-rx-retinol-bakuchiol-hydrogel-eye-patch-60ea/,BeautyByDaz,,Lagos
Heimish matcha biome repair cream 50ml,Heimish,12850.0,https://beautybydaz.com/shop/face/heimish-matcha-biome-repair-cream-50ml/,BeautyByDaz,,Lagos
Huda Beauty Easy Bake Setting Powder,Generic/Unlisted,75800.0,https://beautybydaz.com/shop/makeup/huda-beauty-easy-bake-setting-powder/,BeautyByDaz,,Lagos
Huda Beauty Easy Blur,Generic/Unlisted,72000.0,https://beautybydaz.com/shop/makeup/face-makeup/foundations/huda-beauty-easy-blur/,BeautyByDaz,,Lagos
Huda Beauty Foundation,Generic/Unlisted,72000.0,https://beautybydaz.com/shop/makeup/face-makeup/foundations/huda-beauty-foundation/,BeautyByDaz,,Lagos
IMAGIC PROFESSIONAL GEL EYELINER WATERPROOF E01 BLACK,Generic/Unlisted,5500.0,https://beautybydaz.com/shop/makeup/eye-makeup/eyeliner/imagic-professional-gel-eyeliner-waterproof-e01-black/,BeautyByDaz,,Lagos
IMAGIC PROfessional WEDDING DREAM EYESHADOW PALETTE 15.8g,Generic/Unlisted,7950.0,https://beautybydaz.com/shop/makeup/eye-makeup/eyeshadow/imagic-professional-wedding-dream-eyeshadow-palette-15-8g/,BeautyByDaz,,Lagos
IMAGIC Professional Cosmetics Hereiam Style 16 Color Eye-Shadow Palette,Generic/Unlisted,11500.0,https://beautybydaz.com/shop/makeup/eye-makeup/eyeshadow/imagic-professional-cosmetics-hereiam-style-16-color-eye-shadow-palette/,BeautyByDaz,,Lagos
ISI NATURALS Lavender Rose Face Moisturizer,Generic/Unlisted,12500.0,https://beautybydaz.com/shop/face/moisturizers/isi-naturals-lavender-rose-face-moisturizer/,BeautyByDaz,,Lagos
ISI NATURALS VITAMIN C BRIGHTENING FACE & BODY LOTION,Generic/Unlisted,17000.0,https://beautybydaz.com/shop/bath-body/creams-lotions/isi-naturals-vitamin-c-brightening-face-body-lotion/,BeautyByDaz,,Lagos
IZEZE BLACK Cumin NDA Pudding Gel Cream 1.69 fl.oz 50 ml,Generic/Unlisted,9850.0,https://beautybydaz.com/shop/face/moisturizers/izeze-black-cumin-nda-pudding-gel-cream-1-69-fl-oz-50-ml/,BeautyByDaz,"['face', 'moisturizers']",Lagos
IZEZE BLACK Cumin NSA Enrich Cream 1.69 fl.oz 50 ml,Generic/Unlisted,9850.0,https://beautybydaz.com/shop/face/moisturizers/izeze-black-cumin-nsa-enrich-cream-1-69-fl-oz-50-ml/,BeautyByDaz,"['face', 'moisturizers']",Lagos
IZEZE Black Cumin NEM Bliss Suncream 1.69 fl.oz,Generic/Unlisted,9500.0,https://beautybydaz.com/shop/face/sunscreens/izeze-black-cumin-nem-bliss-suncream-1-69-fl-oz/,BeautyByDaz,"['face', 'sunscreens']",Lagos
IZEZE Exosome PDRN Booster Ampoule 1.01 fl.oz 30 ml,Generic/Unlisted,8500.0,https://beautybydaz.com/shop/face/serums/izeze-exosome-pdrn-booster-ampoule-1-01-fl-oz-30-ml/,BeautyByDaz,"['face', 'serums']",Lagos
IZEZE Exosome PDRN Booster Ampoule 1.01 fl.oz and Firming Eye Cream 1.01 fl.oz Bundle | Anti -Aging Set,Generic/Unlisted,12500.0,https://beautybydaz.com/shop/face/sunscreens/izeze-exosome-pdrn-booster-ampoule-1-01-fl-oz-and-firming-eye-cream-1-01-fl-oz-bundle-anti-aging-set/,BeautyByDaz,"['face', 'sunscreens']",Lagos
IZEZE Hyper CGA Cica Cream 1.69 fl.oz 50ml,Generic/Unlisted,9850.0,https://beautybydaz.com/shop/face/moisturizers/izeze-hyper-cga-cica-cream-1-69-fl-oz-50ml/,BeautyByDaz,"['face', 'moisturizers']",Lagos
IZEZE Love Me Cushion 0.49 oz 14g – Light Nude No.21,Generic/Unlisted,9500.0,https://beautybydaz.com/shop/face/sunscreens/izeze-love-me-cushion-0-49-oz-14g-light-nude-no-21/,BeautyByDaz,"['face', 'sunscreens']",Lagos
IZEZE Love Me Cushion 0.49 oz 14g – Nude No.23,Generic/Unlisted,9500.0,https://beautybydaz.com/shop/face/sunscreens/izeze-love-me-cushion-0-49-oz-14g-nude-no-23/,BeautyByDaz,"['face', 'sunscreens']",Lagos
IZEZE Soul HNA Hydro Cream 1.69 fl.oz 50ml,Generic/Unlisted,9850.0,https://beautybydaz.com/shop/face/moisturizers/izeze-soul-hna-hydro-cream-1-69-fl-oz-50ml/,BeautyByDaz,"['face', 'moisturizers']",Lagos
Illiyoon Ceramide Ato Lotion 350ml,Illiyoon,21500.0,https://beautybydaz.com/shop/bath-body/creams-lotions/illiyoon-ceramide-ato-lotion-350ml/,BeautyByDaz,,Lagos
Imagic PROfessional Cosmetics 16 Color Eyeshadaw 28.8g,Generic/Unlisted,11500.0,https://beautybydaz.com/shop/makeup/eye-makeup/eyeshadow/imagic-professional-cosmetics-16-color-eyeshadaw-28-8g/,BeautyByDaz,,Lagos
Imagic PROfessional Cosmetics DO THE BEST 12 Colors Face and Body Paint,Generic/Unlisted,14500.0,https://beautybydaz.com/shop/makeup/lips-makeup/lipstick-lipgloss/imagic-professional-cosmetics-do-the-best-12-colors-face-and-body-paint/,BeautyByDaz,,Lagos
Imagic PROfessional Cosmetics Multipack Lash Clusters,Generic/Unlisted,5500.0,https://beautybydaz.com/shop/makeup/eye-makeup/lashes/imagic-professional-cosmetics-multipack-lash-clusters/,BeautyByDaz,,Lagos
Imagic PROfessional Falsies Eyelash Curly Clusters,Generic/Unlisted,5500.0,https://beautybydaz.com/shop/makeup/eye-makeup/lashes/imagic-professional-falsies-eyelash-curly-clusters/,BeautyByDaz,,Lagos
"Imagic PROfessional Highlight, Blush And Contour Palette",Generic/Unlisted,9000.0,https://beautybydaz.com/shop/makeup/face-makeup/blush/imagic-professional-highlight-blush-and-contour-palette/,BeautyByDaz,,Lagos
Indigo Hair Growth Oil  200ml,Generic/Unlisted,7850.0,https://beautybydaz.com/shop/hair-care/hair-treatment/indigo-hair-growth-oil-200ml/,BeautyByDaz,,Lagos
Isispharma TEEN DERM® α-PURE,Generic/Unlisted,19200.0,https://beautybydaz.com/shop/face/moisturizers/isispharma-teen-derm-%CE%B1-pure/,BeautyByDaz,,Lagos
Isispharma Unitone 4 Depigmenting Serum,Generic/Unlisted,42950.0,https://beautybydaz.com/shop/face/isispharma-unitone-4-depigmenting-serum/,BeautyByDaz,,Lagos
I’m From Beet Purifying Mask 70g,Generic/Unlisted,11500.0,https://beautybydaz.com/shop/face/im-from-beet-purifying-mask-70g/,BeautyByDaz,,Lagos
I’m From Fig Foam Cleanser 150ml,Generic/Unlisted,10850.0,https://beautybydaz.com/shop/face/im-from-fig-foam-cleanser-150ml/,BeautyByDaz,,Lagos
I’m From Fig Scrub Mask 70g,Generic/Unlisted,11500.0,https://beautybydaz.com/shop/face/im-from-fig-scrub-mask-70g/,BeautyByDaz,,Lagos
I’m From Honey Mask 30g,Generic/Unlisted,6500.0,https://beautybydaz.com/shop/uncategorized/im-from-honey-mask-30g/,BeautyByDaz,,Lagos
I’m From Mugwort Gel Cleanser 150ml,Generic/Unlisted,10850.0,https://beautybydaz.com/shop/cleansers-toners/im-from-mugwort-gel-cleanser-150ml/,BeautyByDaz,,Lagos
"I’m From Rice Toner, 77.78% Rice Extract 150ml",Generic/Unlisted,14950.0,https://beautybydaz.com/shop/face/im-from-rice-toner-77-78-rice-extract/,BeautyByDaz,,Lagos
I’m From Rice Whip Cleanser 150ml,Generic/Unlisted,10850.0,https://beautybydaz.com/shop/face/im-from-rice-whip-cleanser-150ml/,BeautyByDaz,,Lagos
I’m From Seaweed Watery Sun Cream 50ml,Generic/Unlisted,13850.0,https://beautybydaz.com/shop/face/sunscreens/im-from-seaweed-watery-sun-cream-50ml/,BeautyByDaz,,Lagos
I’m from Apricot Dark Spot Drop Ampoule 50ml,Generic/Unlisted,15950.0,https://beautybydaz.com/shop/face/im-from-apricot-dark-spot-drop-ampoule-50ml/,BeautyByDaz,,Lagos
I’m from Rice Serum 30ml,Generic/Unlisted,14950.0,https://beautybydaz.com/shop/face/im-from-rice-serum-30ml/,BeautyByDaz,,Lagos
Juba Cosmetics Matte Finishing Spray  150ml,Generic/Unlisted,11850.0,https://beautybydaz.com/shop/makeup/face-makeup/setting-spray/juba-cosmetics-matte-finishing-spray-150ml/,BeautyByDaz,,Lagos
Juba Cosmetics Setting Spray 150ml,Generic/Unlisted,11850.0,https://beautybydaz.com/shop/makeup/face-makeup/setting-spray/juba-cosmetics-setting-spray-150ml/,BeautyByDaz,,Lagos
Jumiso Niacinamide 2 + Oil Control Cream 80ml,Jumiso,12500.0,https://beautybydaz.com/shop/face/moisturizers/jumiso-niacinamide-2-oil-control-cream-80ml/,BeautyByDaz,,Lagos
Jumiso Niacinamide 20% Dark Spot Correcting Serum 40ml,Jumiso,13500.0,https://beautybydaz.com/shop/face/serums/jumiso-niacinamide-20-dark-spot-correcting-serum-40ml/,BeautyByDaz,,Lagos
K SECRET- SEOUL 1988 CAPSULE CREAM : NIACINAMIDE 5% + YUJA,Generic/Unlisted,13500.0,https://beautybydaz.com/shop/face/moisturizers/k-secret-seoul-1988-capsule-cream-niacinamide-5-yuja/,BeautyByDaz,,Lagos
KSECRET SEOUL 1988 Glow Serum : Niacinamide 15% + Yuja 30 ml,Generic/Unlisted,12500.0,https://beautybydaz.com/shop/face/serums/ksecret-seoul-1988-glow-serum-niacinamide-15-yuja-30-ml/,BeautyByDaz,,Lagos
Kryolan Fixing Spray,Generic/Unlisted,32000.0,https://beautybydaz.com/shop/uncategorized/kryolan-fixing-spray-300ml/,BeautyByDaz,,Lagos
Kuu Spa Salt Scrub Bath With Tumeric 450ml,Generic/Unlisted,3950.0,https://beautybydaz.com/shop/bath-body/body-scrubs-exfoliators/kuu-spa-salt-scrub-bath-with-tumeric-450ml/,BeautyByDaz,,Lagos
La Roche Posay Effaclar Purifying Foaming Gel 400ml,Generic/Unlisted,21850.0,https://beautybydaz.com/shop/face/la-roche-posay-effaclar-purifying-foaming-gel-400ml/,BeautyByDaz,,Lagos
La Roche Posay Mela B3 Serum – Dark Spot Corrector – 30ml,Generic/Unlisted,44700.0,https://beautybydaz.com/shop/face/serums/la-roche-posay-mela-b3-serum-dark-spot-corrector-30ml/,BeautyByDaz,,Lagos
La roche Posay Vitamin c Gel Moussant Purifying Cleanser 200ml,Generic/Unlisted,21500.0,https://beautybydaz.com/shop/face/la-roche-posay-vitamin-c-gel-moussant-purifying-cleanser-200ml/,BeautyByDaz,,Lagos
Laneige Berry 20g,Laneige,15500.0,https://beautybydaz.com/shop/face/lips/laneige-berry-20g/,BeautyByDaz,,Lagos
L’oreal Paris Infaillible 3-second Setting Mist 150ml,Generic/Unlisted,45500.0,https://beautybydaz.com/shop/makeup/face-makeup/setting-spray/loreal-paris-infaillible-3-second-setting-mist/,BeautyByDaz,,Lagos
MEDICUBE AGE-R GLUTATHIONE GLOW CAPSULE CREAM 50ml,Generic/Unlisted,16850.0,https://beautybydaz.com/shop/face/moisturizers/medicube-age-r-glutathione-glow-capsule-cream-50ml/,BeautyByDaz,,Lagos
MEDICUBE KOJIC ACID TURMERIC RESURFACING TONER 250ml,Generic/Unlisted,14500.0,https://beautybydaz.com/shop/face/medicube-kojic-acid-turmeric-resurfacing-toner-250ml/,BeautyByDaz,,Lagos
MEDICUBE PDRN Pink Peptide Serum 30ml,Generic/Unlisted,15800.0,https://beautybydaz.com/shop/face/serums/medicube-pdrn-pink-peptide-serum-30ml/,BeautyByDaz,,Lagos
MESOESTETIC Skinretin1% retinol cream  100ml,Generic/Unlisted,114368.0,https://beautybydaz.com/shop/face/moisturizers/mesoestetic-skinretin1-retinol-cream-100ml/,BeautyByDaz,,Lagos
Mabrook Eyeliner,Generic/Unlisted,5950.0,https://beautybydaz.com/shop/makeup/eye-makeup/eyeliner/mabrook-eyeliner/,BeautyByDaz,,Lagos
Made by Mitchell Comet Case Light Palette,Generic/Unlisted,53500.0,https://beautybydaz.com/shop/makeup/face-makeup/blush/made-by-mitchell-comet-case-light-palette/,BeautyByDaz,,Lagos
Made by Mitchell Curve Case Deep Palette,Generic/Unlisted,53500.0,https://beautybydaz.com/shop/makeup/face-makeup/blush/made-by-mitchell-curve-case-deep-palatte/,BeautyByDaz,,Lagos
Made by Mitchell Curve Case Medium Palette,Generic/Unlisted,53500.0,https://beautybydaz.com/shop/makeup/made-by-mitchell-curve-case-medium-palette/,BeautyByDaz,,Lagos
Mario Badescu Skincare Facial Spray With Cucumber,Generic/Unlisted,15500.0,https://beautybydaz.com/shop/makeup/mario-badescu-skincare-facial-spray-with-cucumber/,BeautyByDaz,,Lagos
Mary and May Spicule Collagen PDRN Cream 15g,Generic/Unlisted,10800.0,https://beautybydaz.com/shop/face/moisturizers/mary-and-may-spicule-collagen-pdrn-cream-15g/,BeautyByDaz,,Lagos
Mary and May Spicule Retinol PDRN Cream 15g,Generic/Unlisted,10800.0,https://beautybydaz.com/shop/face/treatment/mary-and-may-spicule-retinol-pdrn-cream-15g/,BeautyByDaz,,Lagos
Mary and May Tranexamic Acid + Glutathione Eye Cream 12G Unboxed,Generic/Unlisted,3999.0,https://beautybydaz.com/shop/face/eyes/mary-may-tranexamic-acid-glutathione-eye-cream-12g-unboxed/,BeautyByDaz,,Lagos
Mary and May Tranexamic Acid + Glutathione Eye Cream 30G Unboxed,Generic/Unlisted,6999.0,https://beautybydaz.com/shop/face/eyes/mary-may-tranexamic-acid-glutathione-eye-cream-30g/,BeautyByDaz,,Lagos
Medi-Peel Vitamin Rx Body Lotion 400ml,Generic/Unlisted,15500.0,https://beautybydaz.com/shop/face/medi-peel-vitamin-rx-body-lotion/,BeautyByDaz,,Lagos
Medi-Peel Vitamin Rx Body Wash 500ml,Generic/Unlisted,14850.0,https://beautybydaz.com/shop/bath-body/bath-wash-gels/medi-peel-vitamin-rx-body-wash-500ml/,BeautyByDaz,,Lagos
Medicube Collagen Night Wrapping Mask 75ml,Generic/Unlisted,17850.0,https://beautybydaz.com/shop/face/medicube-collagen-night-wrapping-mask-75ml/,BeautyByDaz,,Lagos
Medicube Deep Vita C Capsule Serum,Generic/Unlisted,15800.0,https://beautybydaz.com/shop/face/serums/medicube-deep-vita-c-capsule-serum/,BeautyByDaz,,Lagos
Medicube Kojic Acid & Tumeric Brightening Mask,Generic/Unlisted,4500.0,https://beautybydaz.com/shop/face/face-masks-scrubs/medicube-kojic-acid-tumeric-brightening-mask/,BeautyByDaz,,Lagos
Medicube Kojic Acid Tumeric Night Wrapping Mask 75ml,Generic/Unlisted,17850.0,https://beautybydaz.com/shop/face/face-masks-scrubs/medicube-kojic-acid-tumeric-night-wrapping-mask-75ml/,BeautyByDaz,,Lagos
Medicube Kojic Acid Turmeric Niacinamide Serum – 30ml,Generic/Unlisted,15850.0,https://beautybydaz.com/shop/face/serums/medicube-kojic-acid-turmeric-niacinamide-serum-30ml/,BeautyByDaz,,Lagos
Medicube Kojic Acid Turmeric Pad,Generic/Unlisted,19950.0,https://beautybydaz.com/shop/cleansers-toners/medicube-kojic-acid-turmeric-pad/,BeautyByDaz,,Lagos
Medicube Kojic Acid Turmeric Vita Capsule Cream 50g,Generic/Unlisted,18950.0,https://beautybydaz.com/shop/face/moisturizers/medicube-kojic-acid-turmeric-vita-capsule-cream-50g/,BeautyByDaz,,Lagos
Medicube Kojic Acid Turmeric Vita Jelly Mist Serum 100ml,Generic/Unlisted,15500.0,https://beautybydaz.com/shop/face/serums/medicube-kojic-acid-turmeric-vita-jelly-mist-serum-100ml/,BeautyByDaz,,Lagos
Medicube PDRN Pink Collagen Gel Mask,Generic/Unlisted,5500.0,https://beautybydaz.com/shop/face/face-masks-scrubs/medicube-pdrn-pink-collagen-gel-mask/,BeautyByDaz,,Lagos
"Medicube PDRN Pink Eye Serum, 30ml",Generic/Unlisted,13000.0,https://beautybydaz.com/shop/face/medicube-pdrn-pink-eye-serum-30ml/,BeautyByDaz,,Lagos
Medicube PDRN Pink Niacinamide Whip Cleanser,Generic/Unlisted,12850.0,https://beautybydaz.com/shop/face/medicube-pdrn-pink-niacinamide-whip-cleanser/,BeautyByDaz,,Lagos
Medicube Retinol NMN Boosting Serum  30ml,Generic/Unlisted,16500.0,https://beautybydaz.com/shop/face/serums/medicube-retinol-nmn-boosting-serum-30ml/,BeautyByDaz,,Lagos
Medicube Zero Pore Blackhead Deep Cleansing Oil 205ml,Generic/Unlisted,16800.0,https://beautybydaz.com/shop/cleansers-toners/medicube-zero-pore-blackhead-deep-cleansing-oil-205ml/,BeautyByDaz,,Lagos
Medicube Zero Pore Serum 2.0,Generic/Unlisted,14500.0,https://beautybydaz.com/shop/face/serums/medicube-zero-pore-serum-2-0/,BeautyByDaz,,Lagos
Medix Vitamin C & Niacinamide Body Wash 444ml,Generic/Unlisted,16850.0,https://beautybydaz.com/shop/bath-body/bath-wash-gels/medix-vitamin-c-niacinamide-body-wash-444ml/,BeautyByDaz,,Lagos
Mesoestetic age element brightening concentrate,Generic/Unlisted,89711.0,https://beautybydaz.com/shop/face/serums/mesoestetic-age-element-brightening-concentrate/,BeautyByDaz,,Lagos
Mesoestetic blemiderm treatment ANTI-BLEMISH SOLUTIONS,Generic/Unlisted,67822.0,https://beautybydaz.com/shop/face/serums/mesoestetic-blemiderm-treatment-anti-blemish-solutions/,BeautyByDaz,,Lagos
Mesoestetic brightening foam facial foaming cream cleanser,Generic/Unlisted,33967.0,https://beautybydaz.com/shop/face/mesoestetic-brightening-foam-facial-foaming-cream-cleanser/,BeautyByDaz,,Lagos
"Mesoestetic skinretin 0,3% retinol cream 50ml",Generic/Unlisted,104399.0,https://beautybydaz.com/shop/face/moisturizers/mesoestetic-skinretin-03-retinol-cream-50ml/,BeautyByDaz,,Lagos
Method Island Mist Body Wash,Generic/Unlisted,18850.0,https://beautybydaz.com/shop/bath-body/bath-wash-gels/method-island-mist-body-wash/,BeautyByDaz,,Lagos
Milani Conceal + Perfect Smooth Finish Cream Powder,Generic/Unlisted,14500.0,https://beautybydaz.com/shop/makeup/face-makeup/powders/milani-conceal-perfect-smooth-finish-cream-powder/,BeautyByDaz,,Lagos
Milani Mineral Press Powder,Generic/Unlisted,19850.0,https://beautybydaz.com/shop/makeup/face-makeup/powders/milani-mineral-press-powder-108/,BeautyByDaz,,Lagos
Milk Hydro Grip Primer,Generic/Unlisted,69950.0,https://beautybydaz.com/shop/makeup/milk-hydro-grip-primer/,BeautyByDaz,,Lagos
Mixsoon Bean Essence 50ml,Mixsoon,19500.0,https://beautybydaz.com/shop/face/mixsoon-bean-essence-50ml-2/,BeautyByDaz,,Lagos
Monkids Makeup Cotton Pads 100pcs,Generic/Unlisted,2000.0,https://beautybydaz.com/shop/face/monkids-makeup-cotton-pads-100pcs/,BeautyByDaz,,Lagos
Monkids Makeup Cotton Pads 150pcs,Generic/Unlisted,2500.0,https://beautybydaz.com/shop/makeup/monkids-makeup-cotton-pads-150pcs/,BeautyByDaz,,Lagos
Morphe Lifeproof Continuous setting spray 79.5g/2.8oz,Generic/Unlisted,45000.0,https://beautybydaz.com/shop/hair-care/styling-products/sprays-serums/morphe-lifeproof-continuous-setting-spray-79-5g-2-8oz/,BeautyByDaz,,Lagos
Msmetics Aqua Grip Radiant Finish,Generic/Unlisted,13550.0,https://beautybydaz.com/shop/makeup/msmetics-aqua-grip-radiant-finish/,BeautyByDaz,,Lagos
Msmetics Glazed Dew Highlighting Balm,Generic/Unlisted,10950.0,https://beautybydaz.com/shop/makeup/face-makeup/blush/mismetic-glazed-dew-highlighting-balm/,BeautyByDaz,,Lagos
Msmetics Moisture Bomb,Generic/Unlisted,7250.0,https://beautybydaz.com/shop/makeup/mismetic-moisture-bomb/,BeautyByDaz,,Lagos
Msmetics Moisture Potion,Generic/Unlisted,7250.0,https://beautybydaz.com/shop/makeup/mismetic-moisture-potion/,BeautyByDaz,,Lagos
NINELESS B-Boost 1% Kojic Acid Toner 200ml,Generic/Unlisted,9950.0,https://beautybydaz.com/shop/face/nineless-b-boost-1-kojic-acid-toner-200ml/,BeautyByDaz,,Lagos
NINELESS Molecule-Clear 5% Lactic Acid Serum 30ml,Generic/Unlisted,13500.0,https://beautybydaz.com/shop/face/serums/nineless-molecule-clear-5-lactic-acid-serum-30ml/,BeautyByDaz,,Lagos
NIU SKIN GLOWING BODY WASH 800ML,Generic/Unlisted,7500.0,https://beautybydaz.com/shop/bath-body/bath-wash-gels/niu-skin-glowing-body-wash-800ml/,BeautyByDaz,,Lagos
NIVEA Orange & Avocado Oil Shower Cream 500ml,Generic/Unlisted,6500.0,https://beautybydaz.com/shop/bath-body/bath-wash-gels/nivea-orange-avocado-oil-shower-cream-500ml/,BeautyByDaz,,Lagos
Nars Natural Radiant Foundation,Generic/Unlisted,88000.0,https://beautybydaz.com/shop/makeup/face-makeup/foundations/nars-natural-radiant-foundation/,BeautyByDaz,,Lagos
Nars Radiant Creamy Concealer 6ml,Generic/Unlisted,39850.0,https://beautybydaz.com/shop/makeup/face-makeup/concealer/nars-radiant-creamy-concealer-6ml/,BeautyByDaz,,Lagos
Nars Soft Matte Advanced Perfecting  Powder,Generic/Unlisted,54000.0,https://beautybydaz.com/shop/makeup/face-makeup/powders/nars-soft-matte-advanced-perfecting-powder/,BeautyByDaz,,Lagos
Neutrogena Cleansing Toner Blackhead Eliminating Oil-Free For Blackhead-Prone Skin 200 ml,Generic/Unlisted,6500.0,https://beautybydaz.com/shop/face/neutrogena-neutrogena-blackhead-eliminating-0-5-salicylic-acid-cleansing-toner-200ml/,BeautyByDaz,,Lagos
Neutrogena Oil-Free Acne Wash 9.1 FL.0Z (269ml),Generic/Unlisted,14850.0,https://beautybydaz.com/shop/face/neutrogena-oil-free-acne-wash-9-1-fl-0z-269ml/,BeautyByDaz,,Lagos
Nineless A Control 10% Azelaic Acid Serum – 30ml,Generic/Unlisted,11500.0,https://beautybydaz.com/shop/face/nine-less-a-control-10-azelaic-acid-serum-30ml/,BeautyByDaz,,Lagos
Nineless A Control Azelaic Acid Toner – 150ml,Generic/Unlisted,11800.0,https://beautybydaz.com/shop/face/nine-less-a-control-azelaic-acid-toner-150ml/,BeautyByDaz,,Lagos
Nineless A-Control Heartleaf & Bha Cleanser 120ml,Generic/Unlisted,9500.0,https://beautybydaz.com/shop/face/nineless-a-control-heartleaf-bha-cleanser-120ml/,BeautyByDaz,,Lagos
Nineless B Boost 10% Niacinamide Serum – 30ml,Generic/Unlisted,9950.0,https://beautybydaz.com/shop/face/nine-less-b-boost-10-niacinamide-serum-30ml/,BeautyByDaz,,Lagos
Nineless Essentials Uv Shield Soothing Sun Cream Spf 50 – 50G,Generic/Unlisted,8800.0,https://beautybydaz.com/shop/face/nine-less-essentials-uv-shield-soothing-sun-cream-spf-50-50g/,BeautyByDaz,,Lagos
Nineless Mela-Pro Tranexamic Acid Sun Screen 100ml,Generic/Unlisted,11950.0,https://beautybydaz.com/shop/face/nineless-mela-pro-tranexamic-acid-sun-screen-100ml/,BeautyByDaz,,Lagos
Nineless Root Biome  Caffeine Scalp Ampoule 20ml,Generic/Unlisted,9500.0,https://beautybydaz.com/shop/hair-care/hair-treatment/nineless-root-biome-caffeine-scalp-ampoule-20ml/,BeautyByDaz,,Lagos
"Niu Skin Body Lotion, With Alpha Arbutin, Niacinamide And Vitamin C 480ml (Big Size) No.5",Generic/Unlisted,6500.0,https://beautybydaz.com/shop/face/niu-skin-body-lotion-alpha-arbutin-niacinamide/,BeautyByDaz,,Lagos
"Niu Skin Body Lotion, With Alpha Arbutin, Niacinamide And Vitamin C 480ml (Big Size) Oud Wood",Generic/Unlisted,6500.0,https://beautybydaz.com/shop/face/niu-skin-body-lotion/,BeautyByDaz,,Lagos
Niu Skin Glowing Body Wash 500ml Refill Pack,Generic/Unlisted,4500.0,https://beautybydaz.com/shop/bath-body/bath-wash-gels/niu-skin-glowing-body-wash-500ml-refill-pack/,BeautyByDaz,,Lagos
Niu Skin Intensive Serum  30ml,Generic/Unlisted,4500.0,https://beautybydaz.com/shop/face/serums/niu-skin-intensive-serum-30ml/,BeautyByDaz,,Lagos
Niu Skin Total Effects Platinum White Face Essence Lotion,Generic/Unlisted,4500.0,https://beautybydaz.com/shop/face/niu-skin-total-effects-platinum-white-face-essence-lotion/,BeautyByDaz,,Lagos
Niu Skin Watery Essence Total Effect Sunscreen,Generic/Unlisted,4800.0,https://beautybydaz.com/shop/face/sunscreens/niu-skin-watery-essence-total-effect-sunscreen/,BeautyByDaz,,Lagos
Nivea Diamond & Argan Oil Soft Care Shower,Generic/Unlisted,5999.0,https://beautybydaz.com/shop/uncategorized/79983/,BeautyByDaz,,Lagos
Nivea Nourishing Cocoa Body Lotion – 400ml,Generic/Unlisted,4500.0,https://beautybydaz.com/shop/body-cream/nivea-nourishing-cocoa-body-lotion-400ml/,BeautyByDaz,,Lagos
Nivea Radiant & Beauty Advanced Care Body Lotion – 400ml,Generic/Unlisted,5999.0,https://beautybydaz.com/shop/body-cream/nivea-radiant-beauty-advanced-care-body-lotion/,BeautyByDaz,,Lagos
Nivea Radiant & Beauty Even Glow Body Lotion – 400ml,Generic/Unlisted,5999.0,https://beautybydaz.com/shop/body-cream/nivea-radiant-beauty-even-glow/,BeautyByDaz,,Lagos
Normal brush set,Generic/Unlisted,31050.0,https://beautybydaz.com/shop/makeup/face-makeup/brush/normal-brush-set/,BeautyByDaz,,Lagos
Nuban Beauty Blushes,Generic/Unlisted,9200.0,https://beautybydaz.com/shop/makeup/face-makeup/blush/nuban-beauty-blushes/,BeautyByDaz,,Lagos
Nuban Beauty Concealer,Generic/Unlisted,8000.0,https://beautybydaz.com/shop/makeup/face-makeup/concealer/nuban-beauty-concealer/,BeautyByDaz,,Lagos
Nuban Beauty Setting Powder,Generic/Unlisted,13500.0,https://beautybydaz.com/shop/makeup/face-makeup/powders/nuban-beauty-setting-powder/,BeautyByDaz,,Lagos
Nuban Seal IT Make up Fixing Spray 105ml,Generic/Unlisted,11800.0,https://beautybydaz.com/shop/makeup/nuban-seal-it-make-up-fixing-spray-105ml/,BeautyByDaz,,Lagos
Nubiance Anti-Dark Spot Body Lotion 500ml1,Generic/Unlisted,30850.0,https://beautybydaz.com/shop/bath-body/creams-lotions/nubiance-anti-dark-spot-body-lotion-500ml/,BeautyByDaz,,Lagos
Nubiance Baume Corp Hydratant Body Balm 450ml,Generic/Unlisted,20850.0,https://beautybydaz.com/shop/bath-body/creams-lotions/nubiance-baume-corp-hydratant-body-balm-450ml/,BeautyByDaz,,Lagos
Nuhanciam Brightening Anti-Dark Spot Body Milk 500ml,Generic/Unlisted,39850.0,https://beautybydaz.com/shop/bath-body/creams-lotions/nuhanciam-brightening-anti-dark-spot-body-milk-500ml/,BeautyByDaz,,Lagos
Numbuzin Glutathione Vitamin Concentrated Toner 200ml,Numbuzin,13850.0,https://beautybydaz.com/shop/cleansers-toners/numbuzin-glutathione-vitamin-concentrated-toner-200ml/,BeautyByDaz,,Lagos
Numbuzin NAD+ Retinol Volumetox Eye Cream 10ml,Numbuzin,13500.0,https://beautybydaz.com/shop/face/eyes/numbuzin-nad-retinol-volumetox-eye-cream-10ml/,BeautyByDaz,,Lagos
Numbuzin No 3 Super Glowing Essence Toner 200ml,Numbuzin,13850.0,https://beautybydaz.com/shop/face/numbuzin-no-3-super-glowing-essence-toner-200ml/,BeautyByDaz,,Lagos
Numbuzin No 5 Glutathione Vitamin Concentrated Toner Pads (70pads),Numbuzin,14999.0,https://beautybydaz.com/shop/cleansers-toners/numbuzin-vitamin-niacinamide-toner-pad-70pads/,BeautyByDaz,,Lagos
Numbuzin No. 9 NAD Bio Lifting-sil Essence 50ml,Numbuzin,17950.0,https://beautybydaz.com/shop/face/serums/numbuzin-no-9-nad-bio-lifting-sil-essence-50ml/,BeautyByDaz,,Lagos
Numbuzin No.1 Clear Filter Sun Essence Cica + Hyaluronic Acid SPF50+ PA++++,Numbuzin,15500.0,https://beautybydaz.com/shop/face/numbuzin-no-1-clear-filter-sun-essence-spf50-pa/,BeautyByDaz,,Lagos
Numbuzin No.1 Pantothenic B5 Active Soothing Cream 80ml,Numbuzin,16850.0,https://beautybydaz.com/shop/face/moisturizers/numbuzin-no-1-pantothenic-b5-active-soothing-cream-80ml/,BeautyByDaz,,Lagos
Numbuzin No.5 Glutathoine Vitamin Concentrated Serum 30ml,Numbuzin,14950.0,https://beautybydaz.com/shop/face/serums/numbuzin-no-5-vitamin-concentrated-serum-30ml/,BeautyByDaz,,Lagos
Numbuzin No.5+ Vitamin Glutathione Dark Spot Cream50ml,Numbuzin,16800.0,https://beautybydaz.com/shop/face/moisturizers/numbuzin-no-5-vitamin-glutathione-dark-spot-laser-50ml/,BeautyByDaz,,Lagos
Numbuzin Pantothenic B5 Active Drying Powder 7g,Numbuzin,11500.0,https://beautybydaz.com/shop/face/numbuzin-pantothenic-b5-active-drying-powder-7g/,BeautyByDaz,,Lagos
Numbuzin Pantothenic B5 Active Soothing Serum,Numbuzin,16800.0,https://beautybydaz.com/shop/face/serums/numbuzin-pantothenic-b5-active-soothing-serum/,BeautyByDaz,,Lagos
OXY Benzoyl Peroxide Lotion 10 Maximum Strength,Generic/Unlisted,2850.0,https://beautybydaz.com/shop/face/treatment/oxy-benzoyl-peroxide-lotion-10-maximum-strenght/,BeautyByDaz,,Lagos
Olay  Retinol24 Night Renewal Face Cream  50ml,Generic/Unlisted,24500.0,https://beautybydaz.com/shop/face/olay-regenerist-retinol24-night-face-cream-moisturiser-with-retinol-and-vitamin-b3-50-ml/,BeautyByDaz,,Lagos
Olay Age Defying Niacinamide Body Lotion,Generic/Unlisted,14950.0,https://beautybydaz.com/shop/bath-body/creams-lotions/olay-age-defying-niacinamide-body-lotion/,BeautyByDaz,,Lagos
Olay Cleansing & Renewing Nighttime Body Wash With Vitamin B3 And Retinol 20Fl Oz,Generic/Unlisted,15500.0,https://beautybydaz.com/shop/bath-body/bath-wash-gels/olay-cleansing-renewing-nighttime-body-wash-with-vitamin-b3-and-retinol-20fl-oz/,BeautyByDaz,,Lagos
Olay Dark Spot Correcting Body Lotion AHA & Vitamin C + Niacinamide 17 fl oz,Generic/Unlisted,14950.0,https://beautybydaz.com/shop/body-cream/olay-vitamin-c-revitalizing-hydrating-lotion/,BeautyByDaz,,Lagos
Olay Regenerist Niacinamide Serum Complex Body Wash,Generic/Unlisted,15500.0,https://beautybydaz.com/shop/bath-body/bath-wash-gels/olay-regenerist-niacinamide-serum-complex-body-wash/,BeautyByDaz,,Lagos
Olay Renewing Body Lotion With Retinol 17 FL OZ (502mL),Generic/Unlisted,14950.0,https://beautybydaz.com/shop/bath-body/creams-lotions/olay-renewing-body-lotion-with-retinol-17-fl-oz-502ml/,BeautyByDaz,"['bath-body', 'creams-lotions']",Lagos
"Olay Smoothing  Body Lotion With Retinol & Vitamin B3 Complex, For All Skin Types, 17 Fl Oz.",Generic/Unlisted,14950.0,https://beautybydaz.com/shop/bath-body/olay-cleansing-firming-body-wash-with-collagen-and-vitamin-b3/,BeautyByDaz,,Lagos
Olay Super Serum (Bumpy and Rough Skin) Body Wash,Generic/Unlisted,20850.0,https://beautybydaz.com/shop/bath-body/creams-lotions/olay-super-serum-body-wash-for-rough-bumpy-skin-hydrating-renewing-serum-complex-with-exfoliating-minerals-for-luminous-skin-18-5-fl-oz/,BeautyByDaz,,Lagos
Olay Tone Correcting BHA & Vitamin C Serum Complex Body Wash 20 FL 0Z(591 mL),Generic/Unlisted,14950.0,https://beautybydaz.com/shop/bath-body/bath-wash-gels/olay-tone-correcting-bha-vitamin-c-serum-complex-body-wash-20-fl-0z591-ml/,BeautyByDaz,,Lagos
Olay Victory Vibes Vanilla Body Wash,Generic/Unlisted,15500.0,https://beautybydaz.com/shop/bath-body/bath-wash-gels/olay-victory-vibes-vanilla-body-wash/,BeautyByDaz,,Lagos
Olay Vitamin c Hydra Glow  With SPF 30,Generic/Unlisted,27950.0,https://beautybydaz.com/shop/face/moisturizers/olay-vitamin-c-hydra-glow-with-spf-30/,BeautyByDaz,,Lagos
Olay super serum body lotion 18.5 FL OZ,Generic/Unlisted,24500.0,https://beautybydaz.com/shop/bath-body/olay-super-serum-body-lotion-18-5-fl-oz/,BeautyByDaz,,Lagos
Omaricode Lip Pencil,Generic/Unlisted,5500.0,https://beautybydaz.com/shop/makeup/omaricode-lip-pencil/,BeautyByDaz,,Lagos
Omaricode Matte O’clock,Generic/Unlisted,10950.0,https://beautybydaz.com/shop/makeup/face-makeup/primer/omaricode-matte-oclock/,BeautyByDaz,,Lagos
One Size On ‘Til Dawn Mattifying Waterproof Setting Spray,Generic/Unlisted,65000.0,https://beautybydaz.com/shop/makeup/face-makeup/setting-spray/one-size-on-til-dawn-mattifying-waterproof-setting-spray-143ml/,BeautyByDaz,,Lagos
One Size Ultimate Setting Powder 34.5g,Generic/Unlisted,65000.0,https://beautybydaz.com/shop/makeup/face-makeup/powders/one-size-ultimate-setting-powder-34-5g/,BeautyByDaz,,Lagos
Ongredients Skin Barrier Calming Lotion 150ml,Generic/Unlisted,15500.0,https://beautybydaz.com/shop/face/moisturizers/ongredients-skin-barrier-calming-lotion-150ml/,BeautyByDaz,"['face', 'moisturizers']",Lagos
Pacci Pristine Sun Haven 80ml,Generic/Unlisted,10950.0,https://beautybydaz.com/shop/face/sunscreens/pacci-pristine-sun-haven-80ml/,BeautyByDaz,,Lagos
Palmer’S Cocoa Butter Formula Moisturizing Body Oil 250ml,Generic/Unlisted,9850.0,https://beautybydaz.com/shop/face/palmers-cocoa-butter-formula-moisturizing-body-oil-250ml/,BeautyByDaz,,Lagos
Palmer’S Cocoa Butter Formula Skin Therapy Oil 150ml,Generic/Unlisted,15500.0,https://beautybydaz.com/shop/face/palmers-cocoa-butter-formula-skin-therapy-oil-150ml/,BeautyByDaz,,Lagos
Palmer’s Cocoa Butter Tahitian Vanilla Body Cream,Generic/Unlisted,25800.0,https://beautybydaz.com/shop/bath-body/palmers-cocoa-butter-tahitian-vanilla-body-cream/,BeautyByDaz,,Lagos
Palmer’s Skin Success Anti- Dark Spot Fade Cream 125g,Generic/Unlisted,12850.0,https://beautybydaz.com/shop/bath-body/creams-lotions/palmers-skin-success-anti-dark-spot-fade-cream-125g/,BeautyByDaz,"['bath-body', 'creams-lotions']",Lagos
Palmer’s Skin Success Anti-Dark Spot Complexion Bar 100g,Generic/Unlisted,5500.0,https://beautybydaz.com/shop/bath-body/soaps/palmers-skin-success-anti-dark-spot-complexion-bar-100g/,BeautyByDaz,"['bath-body', 'soaps']",Lagos
Palmer’s Skin Success Anti-Dark Spot Fade Milk Tone Correcting Body Lotion 250ml,Generic/Unlisted,13850.0,https://beautybydaz.com/shop/bath-body/creams-lotions/palmers-skin-success-anti-dark-spot-fade-milk-tone-correcting-body-lotion-250ml/,BeautyByDaz,"['bath-body', 'creams-lotions']",Lagos
Powder Puff 1pc,Generic/Unlisted,2500.0,https://beautybydaz.com/shop/makeup/face-makeup/girlz-korner-powder-puff-1pc/,BeautyByDaz,,Lagos
Pro Lab  Skin tone corrector alpha arbutin +Niacinamide brightening lotion,Generic/Unlisted,7800.0,https://beautybydaz.com/shop/bath-body/creams-lotions/pro-lab-skin-tone-corrector-alpha-arbutin-niacinamide-brightening-lotion/,BeautyByDaz,"['bath-body', 'creams-lotions']",Lagos
Pro Lab Kojic Dipalmitate  + HA Skin Whitening Body Lotion 500ml,Generic/Unlisted,7800.0,https://beautybydaz.com/shop/bath-body/creams-lotions/pro-lab-kojic-dipalmitate-ha-skin-whitening-body-lotion-500ml/,BeautyByDaz,"['bath-body', 'creams-lotions']",Lagos
Pro Lab Skin Barrier Repair Ceramide Body Lotion 500ml,Generic/Unlisted,7800.0,https://beautybydaz.com/shop/bath-body/creams-lotions/pro-lab-skin-barrier-repair-ceramide-body-lotion-500ml/,BeautyByDaz,"['bath-body', 'creams-lotions']",Lagos
Purito Mighty Bamboo Panthenol Cream 100ml,Purito,16500.0,https://beautybydaz.com/shop/face/moisturizers/purito-mighty-bamboo-panthenol-cream-100ml/,BeautyByDaz,,Lagos
Purito Oat In Calming Gel Cream 100ml,Purito,14950.0,https://beautybydaz.com/shop/face/moisturizers/purito-oat-in-calming-gel-cream-100ml/,BeautyByDaz,,Lagos
Purito Pure Vitamin C Serum 60ml,Purito,15000.0,https://beautybydaz.com/shop/face/serums/purito-pure-vitamin-c-serum-60ml/,BeautyByDaz,,Lagos
Purito Retinol Retinal 2000 NAD+ Serum 30ml,Purito,13850.0,https://beautybydaz.com/shop/face/serums/purito-retinol-retinal-2000-nad-serum-30ml/,BeautyByDaz,,Lagos
Purito Seoul Mighty Bamboo Panthenol Cleanser 150ml,Purito,12500.0,https://beautybydaz.com/shop/face/purito-seoul-mighty-bamboo-panthenol-cleanser-150ml/,BeautyByDaz,,Lagos
Purito TXA 6Niacinmide 10 Retinal Serum 30ml,Purito,14500.0,https://beautybydaz.com/shop/face/serums/purito-txa-6niacinmide-10-retinal-serum-30ml/,BeautyByDaz,,Lagos
Purito Wonder Releaf Centella Serum  60ml,Purito,15500.0,https://beautybydaz.com/shop/face/purito-wonder-releaf-centella-serum-unscented-60ml/,BeautyByDaz,,Lagos
Purito Wonder Releaf Centella Toner 200ml,Purito,15950.0,https://beautybydaz.com/shop/face/purito-wonder-releaf-centella-toner-200ml/,BeautyByDaz,,Lagos
Retin A 24K Acne Removal Whitening Soap 100G,Generic/Unlisted,2200.0,https://beautybydaz.com/shop/face/retin-a-24k-acne-removal-whitening-soap-100g/,BeautyByDaz,,Lagos
Retin A Treatment Soap 100G,Generic/Unlisted,2200.0,https://beautybydaz.com/shop/face/retin-a-treatment-soap-100g/,BeautyByDaz,,Lagos
Rimmel London Stay Matte Makeup Primer,Generic/Unlisted,10925.0,https://beautybydaz.com/shop/makeup/face-makeup/primer/rimmel-london-stay-matte-make-up-primer/,BeautyByDaz,,Lagos
Round Lab Birch Juice Moisturizing Sun Cream SPF50+,Round Lab,14500.0,https://beautybydaz.com/shop/face/sunscreens/round-lab-birch-juice-moisturizing-sun-cream-spf50/,BeautyByDaz,,Lagos
SEOUL 1988 Cream : Retinal Liposome 1% + Fermented Rice – 50ml,Generic/Unlisted,13950.0,https://beautybydaz.com/shop/face/moisturizers/seoul-1988-cream-retinal-liposome-1-fermented-rice-50ml/,BeautyByDaz,,Lagos
SEOUL 1988 Eye Cream : Retinal Liposome 4% + Fermented Bean,Generic/Unlisted,12500.0,https://beautybydaz.com/shop/face/serums/seoul-1988-eye-cream-retinal-liposome-4-fermented-bean/,BeautyByDaz,,Lagos
SKIN1004 MADAGASCAR CENTELLA AMPOULE 30ML,Skin1004,8500.0,https://beautybydaz.com/shop/face/serums/skin1004-madagascar-centella-ampoule-30ml/,BeautyByDaz,,Lagos
SKIN1004 Madagascar Centella Ampoule 55ml,Skin1004,13999.0,https://beautybydaz.com/shop/asian-brands/skin1004-madagascar-centella-ampoule-55ml/,BeautyByDaz,,Lagos
SKIN1004 Madagascar Centella Ampoule Foam,Skin1004,12500.0,https://beautybydaz.com/shop/face/skin1004-madagascar-centella-ampoule-foam/,BeautyByDaz,,Lagos
SKIN1004 Madagascar Centella Light Cleansing Oil 200ml,Skin1004,13999.0,https://beautybydaz.com/shop/face/oils-serum/skin1004-madagascar-centella-light-cleansing-oil-200ml/,BeautyByDaz,,Lagos
SKIN1004 Madagascar Centella Probio-Cica Intensive Ampoule 50ml,Skin1004,15850.0,https://beautybydaz.com/shop/face/serums/skin1004-madagascar-centella-probio-cica-intensive-ampoule-50ml/,BeautyByDaz,,Lagos
SKIN1004 Madagascar Centella Tone Brightening Boosting Toner 210ml,Skin1004,13999.0,https://beautybydaz.com/shop/face/skin1004-madagascar-centella-tone-brightening-boosting-toner-210ml/,BeautyByDaz,,Lagos
"SKIN1004 Madagascar Centella Tone Brightening Cleansing Gel Foam 4.22 fl.oz, 125ml",Skin1004,11999.0,https://beautybydaz.com/shop/face/skin1004-madagascar-centella-tone-brightening-cleansing-gel-foam-4-22-fl-oz-125ml/,BeautyByDaz,,Lagos
SKIN1004 Madagascar Centella Toning Toner 210ml,Skin1004,13999.0,https://beautybydaz.com/shop/face/skin1004-madagascar-centella-toning-toner-210ml/,BeautyByDaz,,Lagos
SKIN1004 Zombie Beauty Bloody Peel 30ml,Skin1004,9300.0,https://beautybydaz.com/shop/face/serums/skin1004-zombie-beauty-bloody-peel-30ml/,BeautyByDaz,,Lagos
SOME BY MI Yuja Niacin Brightening Moisture Gel Cream 100ml,Some By Mi,11999.0,https://beautybydaz.com/shop/face/moisturizers/some-by-mi-yuja-niacin-brightening-moisture-gel-cream-100ml/,BeautyByDaz,,Lagos
ST. IVES Energizing body wash citrus & cherry blossom 650ml,Generic/Unlisted,7950.0,https://beautybydaz.com/shop/bath-body/bath-wash-gels/st-ives-energizing-body-wash-citrus-cherry-blossom-650ml/,BeautyByDaz,,Lagos
Seoul 1988 Retinal Liposome 2% + Black Ginseng Serum,Generic/Unlisted,12950.0,https://beautybydaz.com/shop/face/serums/seoul-1988-retinal-liposome-2-black-ginseng-serum/,BeautyByDaz,,Lagos
Sephora Microsmooth Powder,Generic/Unlisted,38500.0,https://beautybydaz.com/shop/makeup/face-makeup/powders/sephora-powder-microsmooth-powder/,BeautyByDaz,,Lagos
Simple Detox and Brighten Clay Mask 50ml,Generic/Unlisted,2850.0,https://beautybydaz.com/shop/face/face-masks-scrubs/simple-detox-and-brighten-clay-mask-50ml/,BeautyByDaz,,Lagos
Simple Glow Facial Wash – Vitamin C + Anti-Oxidants – 150ml,Generic/Unlisted,8200.0,https://beautybydaz.com/shop/face/simple-glow-facial-wash-vitamin-c-anti-oxidants-150ml/,BeautyByDaz,,Lagos
Simple Hydrating Micellar Water 400ml,Generic/Unlisted,5950.0,https://beautybydaz.com/shop/face/simple-hydrating-micellar-water-400ml/,BeautyByDaz,,Lagos
Simple Kind To Skin Soothing Facial Toner,Generic/Unlisted,4500.0,https://beautybydaz.com/shop/face/simple-kind-to-skin-soothing-facial-toner/,BeautyByDaz,,Lagos
Simple Moisturizing Facial Wash 150ml,Generic/Unlisted,4999.0,https://beautybydaz.com/shop/face/simple-moisturizing-facial-wash-150ml/,BeautyByDaz,,Lagos
Simple Purifying Gel Wash – 150ml,Generic/Unlisted,6400.0,https://beautybydaz.com/shop/face/simple-purifying-gel-wash-150ml/,BeautyByDaz,,Lagos
Simple Refreshing Face Wash 150ml,Generic/Unlisted,4999.0,https://beautybydaz.com/shop/face/simple-refreshing-face-wash-150ml/,BeautyByDaz,,Lagos
Simple Replenishing Rich Moisturizer – 4.2Oz,Generic/Unlisted,4999.0,https://beautybydaz.com/shop/face/moisturizers/simple-replenishing-rich-moisturizer-4-2oz/,BeautyByDaz,,Lagos
Sk Duchess Glow Luminous Glow Super L-Glutathiine Shower Gel 1000ml,Generic/Unlisted,7850.0,https://beautybydaz.com/shop/bath-body/bath-wash-gels/sk-duchess-glow-luminous-glow-super-l-glutathiine-shower-gel-100ml/,BeautyByDaz,,Lagos
Skeenpoint Glow Booster Body Wash 1000ml,Generic/Unlisted,9800.0,https://beautybydaz.com/shop/bath-body/skeenpoint-glow-booster-body-wash-1000ml/,BeautyByDaz,,Lagos
Skeenpoint Glow Booster lotion 500ml,Generic/Unlisted,9800.0,https://beautybydaz.com/shop/bath-body/skeenpoint-glow-booster-lotion-500ml/,BeautyByDaz,,Lagos
Skeenpoint Glow and Radiannce body lotion 500ml,Generic/Unlisted,9800.0,https://beautybydaz.com/shop/bath-body/creams-lotions/skeenpoint-glow-and-radiannce-body-lotion-500ml/,BeautyByDaz,,Lagos
Skeenpoint Skin Polishing Whitening Body Lotion,Generic/Unlisted,9800.0,https://beautybydaz.com/shop/bath-body/creams-lotions/skeenpoint-skin-polishing-whitening-body-lotion/,BeautyByDaz,,Lagos
Skeenpoint retinol + peptide 300ml,Generic/Unlisted,9800.0,https://beautybydaz.com/shop/uncategorized/skeenpoint-retinol-peptide-300ml/,BeautyByDaz,,Lagos
Skin Aqua Sunscreen Super Moisture Barrier UV Gel SPF50+ 100g,Generic/Unlisted,12200.0,https://beautybydaz.com/shop/face/sunscreens/skin-aqua-sunscreen-super-moisture-barrier-uv-gel-spf50-100g/,BeautyByDaz,,Lagos
Skin Aqua Uv Moisture Gel Spf 50 2024 Version 110G,Generic/Unlisted,9999.0,https://beautybydaz.com/shop/face/sunscreens/skin-aqua-uv-moisture-gel-spf-50-2023-version/,BeautyByDaz,,Lagos
Skin By Zaron Acne Control Glow Face Wash,Generic/Unlisted,9500.0,https://beautybydaz.com/shop/face/skin-by-zaron-acne-control-glow-face-wash/,BeautyByDaz,,Lagos
Skin By Zaron Glow & Hydrating Body Oil,Generic/Unlisted,12800.0,https://beautybydaz.com/shop/face/oils-serum/skin-by-zaron-glow-hydrating-body-oil/,BeautyByDaz,,Lagos
"Skin By Zaron Glycolic Acid 7% (Exfoliating, Brightening, Smoothing) Toner 150ml",Generic/Unlisted,10500.0,https://beautybydaz.com/shop/face/skin-by-zaron-glycolic-acid-7-exfoliating-brightening-smoothing-toner-150ml/,BeautyByDaz,,Lagos
Skin By Zaron Lip Hydrating Therapy,Generic/Unlisted,3999.0,https://beautybydaz.com/shop/face/lips/skin-by-zaron-lip-hydrating-therapy/,BeautyByDaz,,Lagos
Skin By Zaron Moisture Boost Hydrating Essence,Generic/Unlisted,10500.0,https://beautybydaz.com/shop/face/skin-by-zaron-moisture-boost-hydrating-essence/,BeautyByDaz,,Lagos
Skin By Zaron Salicylic Acid 2% Toner,Generic/Unlisted,10500.0,https://beautybydaz.com/shop/face/skin-by-zaron-salicylic-acid-2-toner/,BeautyByDaz,,Lagos
Skin By Zaron Vitamin C Body Lotion,Generic/Unlisted,13999.0,https://beautybydaz.com/shop/face/zaron-vitamin-c-body-lotion/,BeautyByDaz,,Lagos
Skin By Zaron Vitamin C Body Wash 650ml,Generic/Unlisted,11500.0,https://beautybydaz.com/shop/bath-body/bath-wash-gels/skin-by-zaron-vitamin-c-body-wash-650ml/,BeautyByDaz,,Lagos
Skin1004 Centella Poremizing Deep Cleansing Foam 125ml,Skin1004,12500.0,https://beautybydaz.com/shop/face/skin1004-centella-poremizing-deep-cleansing-foam-125ml/,BeautyByDaz,,Lagos
Skin1004 Centella Probio Cica Enrich Cream 50ml,Skin1004,17500.0,https://beautybydaz.com/shop/face/moisturizers/skin1004-centella-probio-cica-enrich-cream-50ml/,BeautyByDaz,,Lagos
Skin1004 Madagascar Centella Hyalu Cica Water Fit Sun Serum – 50ml,Skin1004,13950.0,https://beautybydaz.com/shop/face/sunscreens/skin1004-centella-air-fit-suncream-light-spf30-pa/,BeautyByDaz,,Lagos
Skin1004 Madagascar Centella Tea-Trica BHA Foam 125ml,Skin1004,12500.0,https://beautybydaz.com/shop/face/skin1004-madagascar-centella-tea-trica-bha-foam-125ml/,BeautyByDaz,,Lagos
Skin1004 Madagascar Centella Tone Brightening Capsule Ampoule 100ml,Skin1004,15500.0,https://beautybydaz.com/shop/face/serums/skin1004-madagascar-centella-tone-brightening-capsule-ampoule-100ml/,BeautyByDaz,,Lagos
Skin1004 Madagascar Centella Tone Brightening Dark Spot Ampoule Pad 130ml 60EA,Skin1004,17200.0,https://beautybydaz.com/shop/uncategorized/skin1004-madagascar-centella-tone-brightening-dark-spot-ampoule-pad-130ml-60ea/,BeautyByDaz,,Lagos
SkinScience Gly/Sal 5-2 Exfoliating Cleanser 100ml,Generic/Unlisted,19400.0,https://beautybydaz.com/shop/face/skinscience-gly-sal-5-2-exfoliating-cleanser-100ml/,BeautyByDaz,,Lagos
Slime Luxe Fusion Moisturizer 100ml,Generic/Unlisted,9800.0,https://beautybydaz.com/shop/body-cream/slime-luxe-fusion-moisturizer/,BeautyByDaz,,Lagos
Slosh Beauty Nude Magic Palette,Generic/Unlisted,26850.0,https://beautybydaz.com/shop/makeup/slosh-beauty-nude-magic-palette/,BeautyByDaz,,Lagos
Soft 7 Tumeric With Honey Soap,Generic/Unlisted,2850.0,https://beautybydaz.com/shop/bath-body/soaps/soft-7-tumeric-with-honey-soap/,BeautyByDaz,,Lagos
Sol De Janeiro  Bum Bum Summer Jet Set | Travel Shower Kit,Generic/Unlisted,46800.0,https://beautybydaz.com/shop/bath-body/creams-lotions/sol-de-janeiro-bum-bum-summer-jet-set-travel-shower-kit/,BeautyByDaz,,Lagos
Sol de janeiro Delicia Drench Jet set 3in1 (Cheirosa 59),Generic/Unlisted,46800.0,https://beautybydaz.com/shop/bath-body/creams-lotions/sol-de-janeiro-delicia-drench-jet-set-3in1-cheirosa-59/,BeautyByDaz,,Lagos
Some Bi Mi Retinol Intense Advanced Triple Action Eye Cream 30ml,Generic/Unlisted,14850.0,https://beautybydaz.com/shop/face/eyes/some-bi-mi-retinol-intense-advanced-triple-action-eye-cream-30ml/,BeautyByDaz,,Lagos
Soo Pro Cosmetic Hydra Mist Setting Spray,Generic/Unlisted,8625.0,https://beautybydaz.com/shop/makeup/face-makeup/setting-spray/sooo-pro-cosmetic-hydra-mist-setting-spray-150ml/,BeautyByDaz,,Lagos
Soo Pro Extra Dimension Loose Highlighter,Generic/Unlisted,5610.0,https://beautybydaz.com/shop/makeup/face-makeup/blush/sooo-pro-extra-dimension-loose-highlighter/,BeautyByDaz,,Lagos
Soo Pro Lustre Hi Shine Gloss,Generic/Unlisted,5610.0,https://beautybydaz.com/shop/makeup/lips-makeup/lipstick-lipgloss/sooo-pro-lustre-hi-shine-gloss/,BeautyByDaz,,Lagos
Soo Pro Matte Liquid Lipstick,Generic/Unlisted,5175.0,https://beautybydaz.com/shop/makeup/lips-makeup/lipstick-lipgloss/sooo-pro-matte-liquid-lipstick/,BeautyByDaz,,Lagos
Sooo Pro Seal It Locking Mist Spray 150ml,Generic/Unlisted,11500.0,https://beautybydaz.com/shop/face/sooo-pro-seal-it-locking-mist-spray-150ml/,BeautyByDaz,,Lagos
St Ives Exfoliating Body Wash Pink Lemon 650ml,Generic/Unlisted,7950.0,https://beautybydaz.com/shop/bath-body/bath-wash-gels/st-ives-exfoliating-body-wash-pink-lemon-650ml/,BeautyByDaz,,Lagos
St Ives Fresh Peach & Jasmine Body Wash,Generic/Unlisted,7950.0,https://beautybydaz.com/shop/uncategorized/st-ives-fresh-peach-jasmine-body-wash/,BeautyByDaz,,Lagos
St ives coconut &orchid lotion,Generic/Unlisted,6950.0,https://beautybydaz.com/shop/bath-body/creams-lotions/st-ives-coconut-orchid-lotion/,BeautyByDaz,,Lagos
St ives hydrating body lotion,Generic/Unlisted,6950.0,https://beautybydaz.com/shop/bath-body/creams-lotions/st-ives-hydrating-body-lotion/,BeautyByDaz,,Lagos
St ives renewing collagen body lotion,Generic/Unlisted,6950.0,https://beautybydaz.com/shop/bath-body/st-ives-renewing-collagen-body-lotion/,BeautyByDaz,,Lagos
St ives rose water & aloe water body wash,Generic/Unlisted,7950.0,https://beautybydaz.com/shop/bath-body/bath-wash-gels/st-ives-rose-water-aloe-water-body-wash/,BeautyByDaz,,Lagos
St ives smoothing rose &argan body lotion,Generic/Unlisted,6950.0,https://beautybydaz.com/shop/cleansers-toners/st-ives-smoothing-rose-argan-body-lotion/,BeautyByDaz,,Lagos
St ives soothing oatmeal & sheabutter lotion,Generic/Unlisted,6950.0,https://beautybydaz.com/shop/bath-body/creams-lotions/st-ives-soothing-oatmeal-sheabutter-lotion/,BeautyByDaz,,Lagos
St. Ives Coconut Water & Orchid Hydrating Body Wash 650ml,Generic/Unlisted,7950.0,https://beautybydaz.com/shop/bath-body/bath-wash-gels/st-ives-coconut-water-orchid-hydrating-body-wash-650ml/,BeautyByDaz,,Lagos
St. Ives Exfoliating Body Wash Sea Salt & Pacific Kelp,Generic/Unlisted,7950.0,https://beautybydaz.com/shop/bath-body/st-ives-exfoliating-body-wash-sea-salt-pacific-kelp/,BeautyByDaz,,Lagos
St. Ives Lavender And Chamomile Calming Body Wash 650ml,Generic/Unlisted,9900.0,https://beautybydaz.com/shop/bath-body/bath-wash-gels/st-ives-lavender-and-chamomile-calming-body-wash-650ml/,BeautyByDaz,"['bath-body', 'bath-wash-gels']",Lagos
St. Ives Sea Salt And Pacific Kelp Exfoliating Body Wash 22 Fl Oz NEW LOOK,Generic/Unlisted,9900.0,https://beautybydaz.com/shop/bath-body/bath-wash-gels/st-ives-sea-salt-and-pacific-kelp-exfoliating-body-wash-22-fl-oz-new-look/,BeautyByDaz,['bath-wash-gels'],Lagos
St. Ives Tea Tree & Lemongrass Body Wash 650ml,Generic/Unlisted,7950.0,https://beautybydaz.com/shop/bath-body/bath-wash-gels/st-ives-tea-tree-lemongrass-body-wash-650ml/,BeautyByDaz,,Lagos
Sunday Rain Acai Berry Body Scrub 265g,Generic/Unlisted,8800.0,https://beautybydaz.com/shop/bath-body/body-scrubs-exfoliators/sunday-rain-acai-berry-body-scrub-265g/,BeautyByDaz,,Lagos
Sunday Rain Mango & Coconut Body Scrub 265g,Generic/Unlisted,8800.0,https://beautybydaz.com/shop/bath-body/body-scrubs-exfoliators/sunday-rain-mango-coconut-body-scrub-265g/,BeautyByDaz,,Lagos
Sunday Rain Rose Body Scrub  265g,Generic/Unlisted,8800.0,https://beautybydaz.com/shop/bath-body/body-scrubs-exfoliators/sunday-rain-rose-body-scrub-265g/,BeautyByDaz,,Lagos
TAC REJUVA FORMULA 30ml,Generic/Unlisted,75000.0,https://beautybydaz.com/shop/face/tac-rejuva-formula-30ml/,BeautyByDaz,,Lagos
TIAM VITA B3 SOURCE SERUM 40ML,TIAM,10950.0,https://beautybydaz.com/shop/face/serums/tiam-vita-b3-source-serum-30ml/,BeautyByDaz,,Lagos
Tea Tree Foaming Face Wash 200ml,Generic/Unlisted,2999.0,https://beautybydaz.com/shop/cleansers-toners/tea-tree-foaming-face-wash-200ml/,BeautyByDaz,,Lagos
Tehila Airbrush Primer 100ml,Generic/Unlisted,10800.0,https://beautybydaz.com/shop/makeup/face-makeup/primer/tehila-airbrush-primer-100ml/,BeautyByDaz,,Lagos
Tehila Cosmetics Black Gel Eye Liner,Generic/Unlisted,8500.0,https://beautybydaz.com/shop/makeup/eye-makeup/eyeliner/tehila-cosmetics-black-gel-eye-liner/,BeautyByDaz,,Lagos
Tgin miracle repair strengthening shampoo 394ml,Generic/Unlisted,16500.0,https://beautybydaz.com/shop/hair-care/tgin-miracle-repair-strengthening-shampoo-394ml/,BeautyByDaz,,Lagos
Tgin twist & define cream 340g,Generic/Unlisted,16500.0,https://beautybydaz.com/shop/hair-care/tgin-twist-define-cream-340g/,BeautyByDaz,,Lagos
Tiam Alpha-5 Mela Care Cream 50ml,TIAM,12999.0,https://beautybydaz.com/shop/face/moisturizers/tiam-alpha-5-mela-care-cream-50ml/,BeautyByDaz,,Lagos
Tiam Snail And Azulene Water Essence 180ml,TIAM,11500.0,https://beautybydaz.com/shop/face/tiam-snail-and-azulene-water-essence-180ml/,BeautyByDaz,,Lagos
Tiam Vita B3 Mist Toner,TIAM,10800.0,https://beautybydaz.com/shop/face/tiam-vita-b3-mist-toner/,BeautyByDaz,,Lagos
Tiger Razor Blade,Generic/Unlisted,700.0,https://beautybydaz.com/shop/tools/tiger-razor-blade/,BeautyByDaz,,Lagos
Timeless 10% Vitamin C Serum,Generic/Unlisted,19850.0,https://beautybydaz.com/shop/face/oils-serum/timeless-10-vitamin-c-serum/,BeautyByDaz,,Lagos
Timeless 20% Vitamin C + Vitamin E Ferulic Acid 30ml,Generic/Unlisted,20850.0,https://beautybydaz.com/shop/face/oils-serum/timeless-20-vitamin-c-vitamin-e-ferulic-acid-30ml-1oz/,BeautyByDaz,,Lagos
Tocobo Bio Watery Sun Cream Spf50+ Pa++++ 50ml,Tocobo,11850.0,https://beautybydaz.com/shop/face/sunscreens/tocobo-bio-watery-sun-cream-spf50-pa-50ml/,BeautyByDaz,,Lagos
Tocobo Cotton Soft Sun Stick Spf50 19g,Tocobo,13850.0,https://beautybydaz.com/shop/face/sunscreens/tocobo-cotton-soft-sun-stick-spf50-19g/,BeautyByDaz,,Lagos
Tocobo Glass Tinted Lip Balm Better Pink 3.5g,Tocobo,7850.0,https://beautybydaz.com/shop/face/lips/tocobo-glass-tinted-lip-balm-better-pink-3-5g/,BeautyByDaz,,Lagos
Toke African Natural Soap Orange Formula 500g,Generic/Unlisted,4000.0,https://beautybydaz.com/shop/bath-body/soaps/toke-african-natural-soap-orange-formula/,BeautyByDaz,,Lagos
Toke Natural Soap Orange Formula 250g,Generic/Unlisted,2950.0,https://beautybydaz.com/shop/bath-body/bath-wash-gels/toke-orange-soap-250g/,BeautyByDaz,,Lagos
Tony Moly Wonder Ceramide Mochi Emulsion 300ml,Generic/Unlisted,12950.0,https://beautybydaz.com/shop/face/moisturizers/tony-moly-wonder-ceramide-mochi-emulsion-300ml/,BeautyByDaz,,Lagos
Too Faced Born This Way Concealer,Generic/Unlisted,62500.0,https://beautybydaz.com/shop/makeup/too-faced-born-this-way-concealer/,BeautyByDaz,,Lagos
Topical Faded Serum 15ml,Generic/Unlisted,27500.0,https://beautybydaz.com/shop/face/face-masks-scrubs/topical-faded-serum-py/,BeautyByDaz,,Lagos
Topicals Faded Brightening and Cleansing Bar  (2 Bars),Generic/Unlisted,41500.0,https://beautybydaz.com/shop/bath-body/soaps/topicals-faded-brightening-and-cleansing-bar-2-bars/,BeautyByDaz,,Lagos
Topicals Slather Exfoliating & Smoothing Cleansing Bar (2 Bars),Generic/Unlisted,39950.0,https://beautybydaz.com/shop/bath-body/soaps/topicals-slather-exfoliating-smoothing-cleansing-bar-2-bars/,BeautyByDaz,,Lagos
Topicals Slather Exfoliating Body Serum 150ml,Generic/Unlisted,49650.0,https://beautybydaz.com/shop/bath-body/topicals-slather-exfoliating-body-serum-150ml/,BeautyByDaz,,Lagos
Topicrem Cica Repair Soothing Cream 40ml,Generic/Unlisted,15500.0,https://beautybydaz.com/shop/face/topicrem-cica-repair-soothing-cream-100ml/,BeautyByDaz,,Lagos
Touch Bright & Clear Cream,Generic/Unlisted,24500.0,https://beautybydaz.com/shop/face/moisturizers/touch-bright-clear-cream/,BeautyByDaz,,Lagos
Traditional Medicinals Organic Spearmint Tea,Generic/Unlisted,13850.0,https://beautybydaz.com/shop/face/supplements/traditional-medicinals-organic-spearmint-tea/,BeautyByDaz,,Lagos
Tree Hut Aurora Nights Shea Sugar Scrub,Generic/Unlisted,16500.0,https://beautybydaz.com/shop/bath-body/body-scrubs-exfoliators/tree-hut-aurora-nights-shea-sugar-scrub/,BeautyByDaz,,Lagos
Tree Hut Dewy Daisy Shea Sugar Scrub,Generic/Unlisted,16500.0,https://beautybydaz.com/shop/face/face-masks-scrubs/tree-hut-dewy-daisy-shea-sugar-scrub/,BeautyByDaz,,Lagos
Tree Hut Peach Sorbet Shea Sugar Scrub,Generic/Unlisted,16500.0,https://beautybydaz.com/shop/face/face-masks-scrubs/tree-hut-peach-sorbet-shea-sugar-scrub/,BeautyByDaz,,Lagos
Tree Hut Rainbow Sherbet Shea Sugar Scrub,Generic/Unlisted,16500.0,https://beautybydaz.com/shop/face/face-masks-scrubs/tree-hut-rainbow-sherbet-shea-sugar-scrub/,BeautyByDaz,,Lagos
Tree Hut Vitamin C Foaming Gel Body Wash,Generic/Unlisted,14850.0,https://beautybydaz.com/shop/bath-body/bath-wash-gels/tree-hut-vitamin-c-foaming-gel-body-wash/,BeautyByDaz,,Lagos
Tree Hut tangerine shea sugar scrub,Generic/Unlisted,16500.0,https://beautybydaz.com/shop/bath-body/body-scrubs-exfoliators/tree-hut-tangerine-shea-sugar-scrub/,BeautyByDaz,,Lagos
Tree Tea Aurora Night Shea Sugar Scrub,Generic/Unlisted,17850.0,https://beautybydaz.com/shop/bath-body/body-scrubs-exfoliators/tree-tea-aurora-night-shea-sugar-scrub/,BeautyByDaz,,Lagos
Tresemme Keratin Smooth Weightless Conditioner 828 ml,Generic/Unlisted,7950.0,https://beautybydaz.com/shop/hair-care/conditioners/tresemme-keratin-smooth-weightless-conditioner-828-ml/,BeautyByDaz,,Lagos
Tresemme Keratin Smooth Weightless Shampoo  828 ml,Generic/Unlisted,7950.0,https://beautybydaz.com/shop/hair-care/shampoos/tresemme-keratin-smooth-weightless-shampoo-828-ml/,BeautyByDaz,,Lagos
Tresemme rich moisture hyaluronic plex conditioner 1.15l,Generic/Unlisted,8850.0,https://beautybydaz.com/shop/hair-care/tresemme-rich-moisture-hyaluronic-plex-conditioner-1-15l/,BeautyByDaz,,Lagos
Tretiheal Tretinoin Cream Usp 0.05% 20G,Generic/Unlisted,4999.0,https://beautybydaz.com/shop/face/tretiheal-tretinoin-cream-usp-0-05-20g/,BeautyByDaz,,Lagos
Tretin 0.05% Cream 30G,Generic/Unlisted,6850.0,https://beautybydaz.com/shop/face/treatment/tretin-0-05-cream-30g/,BeautyByDaz,,Lagos
Triluma 15G,Generic/Unlisted,14850.0,https://beautybydaz.com/shop/face/triluma-15g/,BeautyByDaz,,Lagos
Uncover Aloe Invisible Sunscreen 80ml,Generic/Unlisted,21800.0,https://beautybydaz.com/shop/face/sunscreens/uncover-aloe-invisible-sunscreen-80ml/,BeautyByDaz,,Lagos
Uncover Argan Hydrating Moisturiser 100ml,Generic/Unlisted,16800.0,https://beautybydaz.com/shop/face/moisturizers/uncover-argan-hydrating-moisturiser-100ml/,BeautyByDaz,,Lagos
Uncover Argan Hydrating Moisturiser 30ml,Generic/Unlisted,7850.0,https://beautybydaz.com/shop/face/moisturizers/uncover-argan-hydrating-moisturiser-30ml/,BeautyByDaz,,Lagos
Uncover Baobab Glow-c serum  30ml,Generic/Unlisted,24000.0,https://beautybydaz.com/shop/face/serums/uncover-baobab-glow-c-serum-30ml/,BeautyByDaz,,Lagos
Uncover Green Tea Blemish Control Serum 30ml,Generic/Unlisted,15200.0,https://beautybydaz.com/shop/face/serums/uncover-green-tea-blemish-control-serum-30ml/,BeautyByDaz,"['face', 'serums']",Lagos
Uncover Green Tea Revitalising Cleanser 120ml,Generic/Unlisted,11950.0,https://beautybydaz.com/shop/cleansers-toners/uncover-green-tea-revitalising-cleanser-120ml/,BeautyByDaz,,Lagos
Uncover Green Tea Revitalising Cleanser 30ml,Generic/Unlisted,4999.0,https://beautybydaz.com/shop/face/uncover-green-tea-revitalising-cleanser-30ml/,BeautyByDaz,,Lagos
Uncover I am secure Spot Patch,Generic/Unlisted,7999.0,https://beautybydaz.com/shop/face/uncover-i-am-secure-spot-patch/,BeautyByDaz,,Lagos
Uncover Licorice Root Dark Spot Serum 30ml,Generic/Unlisted,22800.0,https://beautybydaz.com/shop/face/uncover-licorice-root-dark-spot-serum-30ml/,BeautyByDaz,,Lagos
Uncover Myravive Gentle Hydrating cleanser 120ml,Generic/Unlisted,11950.0,https://beautybydaz.com/shop/face/uncover-myravive-gentle-hydrating-cleanser-120ml/,BeautyByDaz,,Lagos
Uncover On The Go Kit,Generic/Unlisted,25999.0,https://beautybydaz.com/shop/face/uncover-on-the-go-kit/,BeautyByDaz,,Lagos
Uncover Rooibos Glow Toner 125ml,Generic/Unlisted,16720.0,https://beautybydaz.com/shop/face/uncover-rooibos-glow-toner-125ml/,BeautyByDaz,,Lagos
Uncover The Essentials Kit,Generic/Unlisted,48500.0,https://beautybydaz.com/shop/face/uncover-the-essentials-kit/,BeautyByDaz,,Lagos
Urban Skin Rx Combination Skin Cleansing Bar 56g,Generic/Unlisted,24000.0,https://beautybydaz.com/shop/bath-body/soaps/urban-skin-rx-combination-skin-cleansing-bar-56g/,BeautyByDaz,,Lagos
Urban Skin Rx Super C Body Bright Oil,Generic/Unlisted,36500.0,https://beautybydaz.com/shop/bath-body/urban-skin-rx-super-c-body-bright-oil/,BeautyByDaz,,Lagos
Urban Skin Rx Vitamin C + E Glowing Moisturizer,Generic/Unlisted,34000.0,https://beautybydaz.com/shop/face/moisturizers/urban-skin-rx-vitamin-c-e-glowing-moisturizer/,BeautyByDaz,,Lagos
VT DAILY SPOTLESS CARE TX-TONING ESSENCE 2000 SHOT 30ml,VT Cosmetics,18999.0,https://beautybydaz.com/shop/face/serums/vt-tx-toning-essence-2000-shot-30ml/,BeautyByDaz,,Lagos
Vaseline Body Gel Oil Cocoa Radiant 6.8Fl Oz,Generic/Unlisted,10200.0,https://beautybydaz.com/shop/bath-body/creams-lotions/vaseline-body-gel-oil-cocoa-radiant-6-8fl-oz/,BeautyByDaz,,Lagos
Vaseline Coconut Restore Body Oil,Generic/Unlisted,9800.0,https://beautybydaz.com/shop/bath-body/vaseline-coconut-restore-body-oil/,BeautyByDaz,,Lagos
Vaseline Gluta Hya Serum Burst Dewy Radiance Lotion 300ml,Generic/Unlisted,9800.0,https://beautybydaz.com/shop/face/vaseline-gluta-hya-serum-burst-dewy-radiance-lotion-330ml/,BeautyByDaz,,Lagos
Vaseline Intensive Care Vitamin B3 Body Oil Healthy Even Tone – 200 ml,Generic/Unlisted,8500.0,https://beautybydaz.com/shop/bath-body/creams-lotions/vaseline-intensive-care-vitamin-b3-body-oil-healthy-even-tone-200-ml/,BeautyByDaz,,Lagos
Vee Beauty Face Sculpt Powder Pallets,Generic/Unlisted,18500.0,https://beautybydaz.com/shop/makeup/face-makeup/powders/vee-beauty-face-sculpt-powder-pallets/,BeautyByDaz,,Lagos
Vee Beauty Nudes Eye Shadow Pallet,Generic/Unlisted,9800.0,https://beautybydaz.com/shop/makeup/eye-makeup/eyeshadow/vee-beauty-nudes-eye-shadow-pallet/,BeautyByDaz,,Lagos
Vee Beauty Pro Matte Powder,Generic/Unlisted,6800.0,https://beautybydaz.com/shop/makeup/face-makeup/powders/vee-beauty-pro-matte-powder/,BeautyByDaz,,Lagos
Vee Beauty Rebirth Light Weight Foundation,Generic/Unlisted,8000.0,https://beautybydaz.com/shop/makeup/face-makeup/foundations/vee-beauty-rebirth-light-weight-foundation/,BeautyByDaz,,Lagos
Vee Beauty Spicy Andalyn Eye Shadow Pallet,Generic/Unlisted,9800.0,https://beautybydaz.com/shop/makeup/eye-makeup/eyeshadow/vee-beauty-spicy-andalyn-eye-shadow-pallet/,BeautyByDaz,,Lagos
Vee Beauty the Secret,Generic/Unlisted,9800.0,https://beautybydaz.com/shop/makeup/face-makeup/powders/vee-beauty-the-secret/,BeautyByDaz,,Lagos
Venut White Alpha Arbutin Collagen Soap,Generic/Unlisted,2800.0,https://beautybydaz.com/shop/bath-body/soaps/venut-white-alpha-arbutin-collagen-soap/,BeautyByDaz,,Lagos
Voan Beauties 14 in 1 Mink Set Lashes,Generic/Unlisted,9000.0,https://beautybydaz.com/shop/makeup/eye-makeup/lashes/voan-beauties-14-in-1-mink-set-lashes/,BeautyByDaz,,Lagos
Voan Beauties 16 in 1 Mink Set (Lash Attack),Generic/Unlisted,10200.0,https://beautybydaz.com/shop/makeup/eye-makeup/lashes/voan-beauties-16-in-1-mink-set-lash-attack/,BeautyByDaz,,Lagos
Voan Beauties 16 in 1 Mink Set Lash,Generic/Unlisted,9000.0,https://beautybydaz.com/shop/makeup/eye-makeup/lashes/voan-beauties-16-in-1-mink-set-lash/,BeautyByDaz,,Lagos
Voan Beauties 20 pairs Mink Set La Femme,Generic/Unlisted,8400.0,https://beautybydaz.com/shop/makeup/eye-makeup/lashes/voan-beauties-20-pairs-mink-set-la-femme/,BeautyByDaz,,Lagos
Voan Beauties 4 in 1  Faux Lash Set,Generic/Unlisted,2400.0,https://beautybydaz.com/shop/makeup/eye-makeup/lashes/voan-beauties-4-in-1-faux-lash-set/,BeautyByDaz,,Lagos
Voan Beauties 8 in 1 Faux Mink Set Barbie Doll Collection,Generic/Unlisted,4600.0,https://beautybydaz.com/shop/makeup/eye-makeup/lashes/voan-beauties-8-in-1-faux-mink-set-barbie-doll-collection/,BeautyByDaz,,Lagos
Voan Beauties 8 in 1 Faux Mink Set Rich Chic,Generic/Unlisted,4600.0,https://beautybydaz.com/shop/makeup/eye-makeup/lashes/voan-beauties-8-in-1-faux-mink-set-rich-chic/,BeautyByDaz,,Lagos
Voan Beauties Faux Mink Lash Set,Generic/Unlisted,2160.0,https://beautybydaz.com/shop/makeup/eye-makeup/lashes/voan-beauties-faux-mink-lash-set/,BeautyByDaz,,Lagos
Voan Beauties HYBRID 20-in-1 Mink Lash Set,Generic/Unlisted,8400.0,https://beautybydaz.com/shop/makeup/eye-makeup/lashes/voan-beauties-hybrid-20-in-1-mink-lash-set/,BeautyByDaz,,Lagos
Wishtrend Mandelic Acid Gentle Exfoliating Toner 150ml,Generic/Unlisted,13750.0,https://beautybydaz.com/shop/face/wishtrend-mandelic-acid-gentle-exfoliating-toner-150ml/,BeautyByDaz,,Lagos
YC whitening gold caviar face wash 100g,Generic/Unlisted,5950.0,https://beautybydaz.com/shop/cleansers-toners/yc-whitening-gold-caviar-face-wash-100g/,BeautyByDaz,,Lagos
Yanga Beauty Smooth Match Concealer,Generic/Unlisted,7850.0,https://beautybydaz.com/shop/makeup/face-makeup/concealer/yanga-beauty-smooth-match-concealer-2/,BeautyByDaz,,Lagos
Yanga Beauty Smooth and Match Foundation,Generic/Unlisted,14900.0,https://beautybydaz.com/shop/makeup/face-makeup/yanga-beauty-smooth-and-match-foundation/,BeautyByDaz,,Lagos
Yanga beauty Gelato black Eyeliner,Generic/Unlisted,7500.0,https://beautybydaz.com/shop/face/yanga-beauty-gelato-black-eyeliner/,BeautyByDaz,,Lagos
Zaron Face Primer Oil Free 40ml,Generic/Unlisted,8800.0,https://beautybydaz.com/shop/face/zaron-face-primer-oil-free-40ml/,BeautyByDaz,,Lagos
Zaron HD Liquid Eyeliner,Generic/Unlisted,4800.0,https://beautybydaz.com/shop/makeup/eye-makeup/eyeliner/zaron-hd-liquid-eyeliner/,BeautyByDaz,,Lagos
Zaron Lengthening Mascara,Generic/Unlisted,6800.0,https://beautybydaz.com/shop/face/zaron-lengthening-mascara/,BeautyByDaz,,Lagos
Zaron Luxurious Lip gloss,Generic/Unlisted,4950.0,https://beautybydaz.com/shop/makeup/lips-makeup/lipstick-lipgloss/zaron-luxurious-lip-gloss/,BeautyByDaz,,Lagos
Zaron Maxsheen gloss,Generic/Unlisted,4950.0,https://beautybydaz.com/shop/makeup/lips-makeup/lipstick-lipgloss/zaron-maxsheen-gloss/,BeautyByDaz,,Lagos
Zaron Oil Block Mattifier 80ml,Generic/Unlisted,8950.0,https://beautybydaz.com/shop/face/zaron-oil-block-mattifier-80ml/,BeautyByDaz,,Lagos
Zaron Papaya Brightening Body Wash 650ml,Generic/Unlisted,12500.0,https://beautybydaz.com/shop/bath-body/zaron-papaya-brightening-body-wash-650ml/,BeautyByDaz,,Lagos
Zaron Perfect Finish Spray 120ml,Generic/Unlisted,8500.0,https://beautybydaz.com/shop/face/zaron-perfect-finish-spray-120ml/,BeautyByDaz,,Lagos
Zaron Ultimate Glow – Brightening Toner,Generic/Unlisted,12500.0,https://beautybydaz.com/shop/face/zaron-ultimate-glow-brightening-toner/,BeautyByDaz,,Lagos
Zaron Ultra Moisturizing Body Lotion,Generic/Unlisted,13999.0,https://beautybydaz.com/shop/body-cream/zaron-ultra-moisturizing-body-lotion/,BeautyByDaz,,Lagos
Zaron Volumizing Mascara,Generic/Unlisted,6500.0,https://beautybydaz.com/shop/face/zaron-volumizing-mascara/,BeautyByDaz,,Lagos
Zaron Wink 4in1 Mascara,Generic/Unlisted,6800.0,https://beautybydaz.com/shop/face/zaron-wink-4in1-mascara/,BeautyByDaz,,Lagos
facefacts blemish patches glow in the dark,Generic/Unlisted,3950.0,https://beautybydaz.com/shop/face/facefacts-blemish-patches-glow-in-the-dark/,BeautyByDaz,,Lagos
facefacts blemish patches heart,Generic/Unlisted,3950.0,https://beautybydaz.com/shop/face/facefacts-blemish-patches-hrart/,BeautyByDaz,,Lagos
facefacts blemish patches joypixels,Generic/Unlisted,3950.0,https://beautybydaz.com/shop/face/face-masks-scrubs/facefacts-blemish-patches-joypixels/,BeautyByDaz,,Lagos
facefacts blemish patches peaches,Generic/Unlisted,3950.0,https://beautybydaz.com/shop/face/face-masks-scrubs/facefacts-blemish-patches-peaches/,BeautyByDaz,,Lagos
facefacts blemish patches stars,Generic/Unlisted,3950.0,https://beautybydaz.com/shop/face/face-masks-scrubs/facefacts-blemish-patches-stars/,BeautyByDaz,,Lagos
facefacts blemish patches strawberry,Generic/Unlisted,3950.0,https://beautybydaz.com/shop/face/face-masks-scrubs/facefacts-blemish-patches-strawberry/,BeautyByDaz,,Lagos
2SOL Very Berry Cica Roll 30ml,Generic/Unlisted,20318.0,https://buybetter.ng/product/2sol-very-berry-cica-roll-30ml/,BuyBetter,,Lagos
9 WISHES Centella PDRN Calm Ampoule Relief Soothing 30ml,Generic/Unlisted,16340.0,https://buybetter.ng/product/9-wishes-centella-pdrn-calm-ampoule-relief-soothing-30ml/,BuyBetter,,Lagos
9 WISHES Cera Barrier Ampoule Restore Strengthening 30ml,Generic/Unlisted,16340.0,https://buybetter.ng/product/9-wishes-cera-barrier-ampoule-restore-strengthening-30ml/,BuyBetter,,Lagos
9 WISHES Gluthathione Blanc Ampoule Radiant llluminatating 30ml,Generic/Unlisted,16340.0,https://buybetter.ng/product/9-wishes-glutathione-blanc-ampoule-radant-lllumintating-30ml/,BuyBetter,,Lagos
9 WISHES Nanoplus Hydra Glowing Deep Hydration 30ml,Generic/Unlisted,13975.0,https://buybetter.ng/product/9-wishes-nanoplus-hydra-glowing-deep-hydration-30ml/,BuyBetter,,Lagos
9 WISHES PDRN Collagen Ampoule Lifting Anti-Wrinkle 30ml,Generic/Unlisted,16340.0,https://buybetter.ng/product/9-wishes-pdrn-collagen-ampoule-lifting-anti-wrinkle-30ml/,BuyBetter,,Lagos
9 WISHES Retinol Pore Ampoule Clarify Refine 30ml,Generic/Unlisted,16340.0,https://buybetter.ng/product/9-wishes-retinol-pore-ampoule-clarify-refine-30ml/,BuyBetter,,Lagos
9 WISHES Tangerine C Vitamin Ampoule Vitality Balancing 30ml,Generic/Unlisted,16340.0,https://buybetter.ng/product/9-wishes-tangerine-c-vitamin-amoule-vitality-balancing-30ml/,BuyBetter,,Lagos
ABBOTT Melalite Hydroquinone Cream USP 30g,Generic/Unlisted,5590.0,https://buybetter.ng/product/abbott-hydroquinone-cream-usp-30g/,BuyBetter,,Lagos
ABIB -Glutathiosome Dark Spot Serum 50ml,Abib,15700.0,https://buybetter.ng/product/abib-glutathiosome-dark-spot-serum-50ml/,BuyBetter,,Lagos
ABIB -Heartleaf Acne Foam Cleanser 150ml,Abib,11900.0,https://buybetter.ng/product/abib-heartleaf-acne-foam-cleanser-150ml/,BuyBetter,,Lagos
ABIB Azelaic Acid 7% Sea Moss 0.325% Serum 30ml,Abib,16500.0,https://buybetter.ng/product/abib-azelaic-acid-7-sea-moss-0-325-serum-30ml/,BuyBetter,,Lagos
ABIB Dark Spot Collagen Wrapping Mask (Glutathione Film) 100ml,Abib,14000.0,https://buybetter.ng/product/abib-dark-spot-collagen-wrapping-mask-glutathione-film-100ml/,BuyBetter,,Lagos
ABIB Heartleaf Spot Pad Calming Touch (80 Pads)150ml,Abib,18500.0,https://buybetter.ng/product/abib-heartleaf-spot-pad-calming-touch-150ml/,BuyBetter,,Lagos
ABIB Quick Sunstick SPF50+++ 22g,Abib,15200.0,https://buybetter.ng/product/abib-quick-sunstick-protector-bar-spf50-22g/,BuyBetter,,Lagos
ABIB Rice Prebiotics Overnight Mask 80ml,Abib,20963.0,https://buybetter.ng/product/abib-rice-prebiotics-overnight-mask-80ml/,BuyBetter,,Lagos
ACNEEXPERTS Teen Gentle Acne Control Cleanser 150ml,Generic/Unlisted,14500.0,https://buybetter.ng/product/acneexperts-teen-gentle-acne-control-cleanser-150ml/,BuyBetter,,Lagos
ACWELL Licorice pH Balancing Cleansing Toner 150ml,Generic/Unlisted,11150.0,https://buybetter.ng/product/acwell-licorice-ph-balancing-cleansing-toner/,BuyBetter,,Lagos
ACWELL Licorice pH Balancing Essence Mist 100ml,Generic/Unlisted,13975.0,https://buybetter.ng/product/acwell-licorice-ph-balancing-essence-mist/,BuyBetter,,Lagos
ACWELL Licorice pH Balancing Extreme Moisture Cream 55ml,Generic/Unlisted,17200.0,https://buybetter.ng/product/acwell-licorice-moisture-cream-55ml/,BuyBetter,,Lagos
ACWELL Real Aqua Balancing Ampoule 35ml,Generic/Unlisted,16124.0,https://buybetter.ng/product/acwell-real-aqua-balancing-ampoule-35ml/,BuyBetter,,Lagos
ADVANCED CLINICALS -Crepey Skin (Wrinkle Smoothing Cream) Serum 118ml,Generic/Unlisted,17200.0,https://buybetter.ng/product/advanced-clinicals-crepey-skin-wrinkle-smoothing-cream-serum-118ml/,BuyBetter,,Lagos
ADVANCED CLINICALS Collagen (skin rescue) Cream 16 oz (1LB) 454g,Generic/Unlisted,14500.0,https://buybetter.ng/product/advanced-clinicals-collagen-skin-rescue-cream-16-oz-1lb-454g/,BuyBetter,,Lagos
ADVANCED CLINICALS Hyaluronic Acid Cream 16 oz 454g,Generic/Unlisted,15000.0,https://buybetter.ng/product/advanced-clinicals-hyaluronic-acid-cream-16-oz-454g/,BuyBetter,,Lagos
ADVANCED CLINICALS Retinol (Advanced Firming) Cream 16 oz 454g,Generic/Unlisted,14600.0,https://buybetter.ng/product/advanced-clinicals-retinol-advanced-firming-cream-16-oz-454g/,BuyBetter,,Lagos
ADVANCED CLINICALS Vit C Brightening Gel Cream 74ml,Generic/Unlisted,13000.0,https://buybetter.ng/product/advanced-clinicals-vitamin-c-brightening-gel-cream-59ml/,BuyBetter,,Lagos
ADVANCED CLINICALS Vitamin C (Anti-aging) Serum 52ml,Generic/Unlisted,12000.0,https://buybetter.ng/product/advanced-clinicals-vitamin-c-anti-aging-serum-52ml/,BuyBetter,,Lagos
ADVANCED CLINICALS Vitamin C Brightening Body Oil 112ml,Generic/Unlisted,15000.0,https://buybetter.ng/product/advanced-clinicals-vitamin-c-brightening-body-oil-112ml/,BuyBetter,,Lagos
ADVANCED KOREAN SKIN Bright And Clear (Papaya And Mulberry) Body Gel Wash 42.3 oz 1200ml,Generic/Unlisted,11950.0,https://buybetter.ng/product/advanced-korean-skin-bright-and-clear-papaya-mulberry-body-gel-wash-42-3-oz-1200ml/,BuyBetter,,Lagos
ADVANCED KOREAN SKIN Bright And Dewy Radiance Body Lotion 17.6 oz 500ml,Generic/Unlisted,12800.0,https://buybetter.ng/product/advanced-korean-skin-bright-and-dewy-radiance-body-lotion-17-6-oz-500ml/,BuyBetter,,Lagos
"ADVANCED KOREAN SKIN Bright And Exfoliate (Glycolic, Vitamin C And Mint Leaf) Body Gel Wash 42.3 oz 1200ml",Generic/Unlisted,11950.0,https://buybetter.ng/product/advanced-korean-skin-bright-and-exfoliate-glycolic-vitamin-c-mint-leaf-body-gel-wash-42-3-oz-1200ml/,BuyBetter,,Lagos
ADVANCED KOREAN SKIN Bright And Moisture Body Lotion 17.6 oz 500ml,Generic/Unlisted,12800.0,https://buybetter.ng/product/advanced-korean-skin-bright-moisture-body-lotion-17-6-oz-500ml/,BuyBetter,,Lagos
AFRICAN RHAPSODY Acne Control Plant Essence,Generic/Unlisted,19000.0,https://buybetter.ng/product/african-rhapsody-acne-control-plant-essence/,BuyBetter,,Lagos
AFRICAN RHAPSODY Stretch Marks Corrector 150g,Generic/Unlisted,19999.0,https://buybetter.ng/product/african-rhaspsody-stretch-marks-corrector-150g/,BuyBetter,,Lagos
ALADA Bar Soap,Generic/Unlisted,9500.0,https://buybetter.ng/product/alada-bar-soap-2/,BuyBetter,,Lagos
ALPHA SKIN CARE Intensive Renewal Serum 14% Glycolic AHA 59ml,Generic/Unlisted,15199.0,https://buybetter.ng/product/alpha-skin-care-intensive-renewal-serum-14-glycolic-aha-59ml/,BuyBetter,,Lagos
ALPHA SKIN CARE Moisturizing Sea Mist Body Wash 354ml,Generic/Unlisted,13760.0,https://buybetter.ng/product/alpha-skincare-moisturizing-body-wash-sea-mist-354ml/,BuyBetter,,Lagos
AMELIORATE Transforming Body Exfoliant 300ml,Generic/Unlisted,29025.0,https://buybetter.ng/product/ameliorate-transforming-body-exfoliant-300ml/,BuyBetter,,Lagos
AMELIORATE Transforming Body Lotion (Fragrance Free) 300ml,Generic/Unlisted,38000.0,https://buybetter.ng/product/ameliorate-transforming-body-lotion-fragrance-free-300ml/,BuyBetter,,Lagos
AMELIORATE Transforming Body Lotion 300ml,Generic/Unlisted,38000.0,https://buybetter.ng/product/ameliorate-transforming-body-lotion-300ml/,BuyBetter,,Lagos
AMELIORATE Transforming Body Lotion 500ml,Generic/Unlisted,67500.0,https://buybetter.ng/product/ameliorate-transforming-body-lotion-500ml/,BuyBetter,,Lagos
AMELIORATE Transforming Body Lotion Illuminating Glow 300ml,Generic/Unlisted,49000.0,https://buybetter.ng/product/ameliorate-transforming-body-lotion-illuminating-glow-300ml/,BuyBetter,,Lagos
AMELIORATE Transforming Body Wash 300ml,Generic/Unlisted,21500.0,https://buybetter.ng/product/ameliorate-transforming-body-wash-300ml/,BuyBetter,,Lagos
AMELIORATE Transforming Body Wash 500ml,Generic/Unlisted,38500.0,https://buybetter.ng/product/ameliorate-transforming-body-wash-500ml/,BuyBetter,,Lagos
AMIKA The Kure Shampoo 275ml,Generic/Unlisted,35690.0,https://buybetter.ng/product/amika-the-kure-shampoo-275ml/,BuyBetter,,Lagos
AMLACTIN Daily Nourish 12% Lactic Acid lotion 14.1 oz 400g,Generic/Unlisted,30638.0,https://buybetter.ng/product/amlactin-daily-nourish-12-with-12-lactic-acid-lotion-400g/,BuyBetter,,Lagos
AMLACTIN Daily Nourish 5% Lactic Acid (Normal To Dry Skin) Lotion 225g,Generic/Unlisted,23650.0,https://buybetter.ng/product/amlactin-daily-nourish-5-normal-to-dry-skin/,BuyBetter,,Lagos
AMLACTIN Daily Nourishing 12% Lactic Acid Moisturizing Lotion 7.9 oz 225ML,Generic/Unlisted,20000.0,https://buybetter.ng/product/amlactin-daily-nourish-12-lactic-acid-225g/,BuyBetter,,Lagos
"AMLACTIN Foot Repair 15% Lactic Acid (Rough, Dry Feet) Cream 85g",Generic/Unlisted,14190.0,https://buybetter.ng/product/amlactin-foot-repair-15-lactic-acid-rough-dry-feet-cream-85g/,BuyBetter,,Lagos
AMLACTIN Intensive Healing 15% Lactic Acid Lotion 7.9 oz 225g,Generic/Unlisted,22500.0,https://buybetter.ng/product/amlactin-intensive-healing-15-lactic-acid-225g/,BuyBetter,,Lagos
AMLACTIN KP Bumps Be Gone Cream with 15% Lactic Acid AHA 140g,Generic/Unlisted,18500.0,https://buybetter.ng/product/amlactin-ultra-smoothing-with-15-lactic-acid/,BuyBetter,,Lagos
ANUA 10% Niacinamide + 4% TXA Acid Serum 30ml,Anua,18500.0,https://buybetter.ng/product/anua-10-niacinamide-4-txa-acid-serum/,BuyBetter,,Lagos
ANUA AZELAIC ACID 10% Hyaluron Redness Soothing Serum 30ml,Anua,19135.0,https://buybetter.ng/product/anua-azelaic-acid-10-hyaluron-redness-soothing-serum-30ml/,BuyBetter,,Lagos
ANUA Heartleaf Pore Control Cleansing Oil 200ml,Anua,15319.0,https://buybetter.ng/product/anua-heartleaf-pore-control-cleansing-oil-200ml-2/,BuyBetter,,Lagos
ANUA Heartleaf Quercetinol Pore Deep Cleansing Foam 150ml,Anua,11718.0,https://buybetter.ng/product/anua-heartleaf-quercetinol-pore-deep-cleansing-foam-150ml/,BuyBetter,,Lagos
ANUA Heartleaf Silky Moisture Sunscreen SPF 50+++ 50ml,Anua,14943.0,https://buybetter.ng/product/anua-heartleaf-silky-moisture-suncream-spf-50-50ml/,BuyBetter,,Lagos
ANUA RETINOL 0.3 Niacin Renewing Serum 30ml,Anua,21500.0,https://buybetter.ng/product/anua-retinol-0-3-niacin-renewing-serum-30ml/,BuyBetter,,Lagos
ANUA Rice 70 Glow Collagen Mask 38g(1 Piece),Anua,4515.0,https://buybetter.ng/product/anua-rice-70-glow-collagen-mask-38g1-piece/,BuyBetter,,Lagos
ANUA Zero Cast Moisturizing Finnish Sunscreen 50ml,Anua,14190.0,https://buybetter.ng/product/anua-zero-cast-moisturizing-finnish-sunscreen-50ml/,BuyBetter,,Lagos
APLB Ferulic Acid Vitamin C Ampoule Serum 40ml,Generic/Unlisted,9500.0,https://buybetter.ng/product/aplb-ferulic-acid-vitamin-c-ampoule-serum-40ml-2/,BuyBetter,,Lagos
APLB Kojic Acid Vitamin C Ampoule Serum 40ml,Generic/Unlisted,9500.0,https://buybetter.ng/product/aplb-kojic-acid-vitamin-c-ampoule-serum-40ml-2/,BuyBetter,,Lagos
APLB Kojic Acid Vitamin C Facial Cream 55ml,Generic/Unlisted,9500.0,https://buybetter.ng/product/aplb-kojic-acid-vitamin-c-facial-cream-55ml-2/,BuyBetter,,Lagos
AQUA RICH Bright + Glow Body Gel Wash (Licorice Mulberry Root Extract) 1000ml,Generic/Unlisted,11288.0,https://buybetter.ng/product/aqua-rich-bright-glow-body-gel-wash-licorice-mulberry-root-extract-1000ml/,BuyBetter,,Lagos
AQUA RICH Bright+Balance (Niacinamide+Alpha Arbutin+TXA) Body Gel Wash 1000ml,Generic/Unlisted,10750.0,https://buybetter.ng/product/aqua-rich-bright-balance-body-gel-wash-1000ml/,BuyBetter,,Lagos
AQUA RICH Hydrate + Protect  Body Lotion (Ceramide) 500ml,Generic/Unlisted,12800.0,https://buybetter.ng/product/aqua-rich-hydrate-protect-body-lotion-ceramide-500ml/,BuyBetter,,Lagos
AQUA RICH Hydrating Bright Turmeric + Vitamin C Body Gel Wash 1000ml,Generic/Unlisted,10750.0,https://buybetter.ng/product/aqua-rich-hydrating-bright-body-gel-wash-1000ml/,BuyBetter,,Lagos
AQUA RICH Hydrating Bright Turmeric And Vitamin C Body Lotion 500ml,Generic/Unlisted,10750.0,https://buybetter.ng/product/aqua-rich-hydrate-protect-body-lotion-ceramide-500ml-2/,BuyBetter,,Lagos
AQUAFRESH Active Fresh Toothpaste 100ml,Generic/Unlisted,3763.0,https://buybetter.ng/product/aquafresh-active-fresh-toothpaste-100ml/,BuyBetter,,Lagos
AQUAFRESH Active White Toothpaste 100ml,Generic/Unlisted,3763.0,https://buybetter.ng/product/aquafresh-active-white-toothpaste-100ml/,BuyBetter,,Lagos
AQUAFRESH Triple Protection Toothpaste 100ml,Generic/Unlisted,3763.0,https://buybetter.ng/product/aquafresh-triple-protection-toothpaste-100ml/,BuyBetter,,Lagos
ARAMI Ivory Butter OUD Of Eden 200g,Generic/Unlisted,13300.0,https://buybetter.ng/product/arami-ivory-butter-oud-of-eden-200g/,BuyBetter,,Lagos
ARENCIA Vitamin C Booster Shot Face And Eye Moisturizer 30ml,Generic/Unlisted,17415.0,https://buybetter.ng/product/arencia-vitamin-c-booster-shot-face-and-eye-moisturizer-30ml/,BuyBetter,,Lagos
ARM AND HAMMER (Advanced White) Toothpaste Twin 12.0 oz 340g,Generic/Unlisted,16125.0,https://buybetter.ng/product/arm-and-hammer-advanced-white-toothpaste-twin-12-0-oz-340g/,BuyBetter,,Lagos
ARM AND HAMMER (Advanced White) Toothpaste single 6.0 oz 170g,Generic/Unlisted,11610.0,https://buybetter.ng/product/arm-and-hammer-advance-white-toothpaste-170g/,BuyBetter,,Lagos
ARM AND HAMMER (Juniper Berry) Deodorant wide 71g,Generic/Unlisted,10000.0,https://buybetter.ng/product/arm-amp-hammer-essentials-deodorant-juniper-berry-71g/,BuyBetter,,Lagos
ARM AND HAMMER (Magnesium) Deodorant Oval 71g,Generic/Unlisted,10000.0,https://buybetter.ng/product/arm-and-hammer-magnesium-deodorant-oval-71g/,BuyBetter,,Lagos
ARM AND HAMMER (Orange Citrus ) Deodorant Oval 71g,Generic/Unlisted,10000.0,https://buybetter.ng/product/arm-amp-hammer-essentials-deodorant-crisp-orange-citrus/,BuyBetter,,Lagos
ARM AND HAMMER (Rosemary Lavender) Deodorant Wide 71g,Generic/Unlisted,10000.0,https://buybetter.ng/product/arm-and-hammer-rosemary-lavender-deodorant-wide-71g/,BuyBetter,,Lagos
ARM AND HAMMER (Rosemary Lavender) deodorant oval 71g,Generic/Unlisted,10000.0,https://buybetter.ng/product/arm-and-hammer-rosemary-lavender-deodorant-oval-71g/,BuyBetter,,Lagos
ARM AND HAMMER -(Coconut Geranium) deodorant oval 71g,Generic/Unlisted,10000.0,https://buybetter.ng/product/arm-and-hammer-essentials-deodorant-coconut-geranium-71g/,BuyBetter,,Lagos
ARM AND HAMMER -ULTRA MAX (Powder Fresh) deodorant Oval 73g,Generic/Unlisted,10750.0,https://buybetter.ng/product/arm-and-hammer-ultra-max-powder-fresh-deodorant-oval-73g-2/,BuyBetter,,Lagos
ARM AND HAMMER ULTRA MAX (Active Sport) deodorant wide 73g,Generic/Unlisted,10750.0,https://buybetter.ng/product/arm-and-hammer-ultra-max-active-sport-deodorant-wide-73g-2/,BuyBetter,,Lagos
ARM And HAMMER + THERABREATH Breath Freshners Twin Pack 312g,Generic/Unlisted,20425.0,https://buybetter.ng/product/arm-and-hammer-plus-therabreath-breath-fresheners-toothpaste-twin-11-0-oz-312g/,BuyBetter,,Lagos
AROMER ReCover Blooming Serum 30ml,Generic/Unlisted,7955.0,https://buybetter.ng/product/aromer-re-cover-blooming-serum-30ml/,BuyBetter,,Lagos
ATHENA Glow Restore Shower Oil 532ml,Generic/Unlisted,28918.0,https://buybetter.ng/product/athena-glow-restore-shower-oil-532ml/,BuyBetter,,Lagos
AVEENO Daily Moisturizing Body Oil Mist (Oat And Jojoba Oil) 200ml,Generic/Unlisted,16448.0,https://buybetter.ng/product/aveeno-daily-moisturizing-body-oil-mist-oat-amp-jojoba-oil-200ml/,BuyBetter,,Lagos
AXIS Y Quinoa one-step balanced gel cleanser 180ml,Generic/Unlisted,14298.0,https://buybetter.ng/product/axis-y-quinoa-one-step-balanced-gel-cleanser-180ml/,BuyBetter,,Lagos
AXIS-Y Dark Spot Correcting Glow Serum 50ml,Axis-Y,11503.0,https://buybetter.ng/product/axis-y-dark-spot-correcting-glow-serum-50ml/,BuyBetter,,Lagos
AXIS-Y Mugwort Pore Clarifying Wash Off pack 100ml,Axis-Y,23000.0,https://buybetter.ng/product/axis-y-mugwort-pore-clarifying-wash-off-pack-100ml/,BuyBetter,,Lagos
AXIS-Y New Skin Resolution Gel Mask 100ml,Axis-Y,19135.0,https://buybetter.ng/product/axis-y-new-skin-resolution-gel-mask-100ml/,BuyBetter,,Lagos
B:LAB Perfect Balance Rosehip (7:3) Please Youthful Serum 30ml,Generic/Unlisted,10750.0,https://buybetter.ng/product/b-lab-perfect-balance-rosehip-73-youthful-serum-30m/,BuyBetter,,Lagos
BABY ORGANIC -Fair Child (Oat and Soya Milk) Kids Body Lotion 500ml,Generic/Unlisted,9460.0,https://buybetter.ng/product/baby-organic-fair-child-oat-soya-milk-kids-body-lotion-500ml/,BuyBetter,,Lagos
BABY ORGANIC -Fair Child (rice milk and pearl) Kids Body Lotion 500ml,Generic/Unlisted,9460.0,https://buybetter.ng/product/baby-organic-fair-child-rice-milk-pearl-kids-body-lotion-500ml/,BuyBetter,,Lagos
BABY ORGANICS Fair Child (Apple And Honey) Kids Shower Milk 1000ml,Generic/Unlisted,9460.0,https://buybetter.ng/product/baby-organics-fair-child-apple-and-honey-kids-shower-milk-1000ml/,BuyBetter,,Lagos
BABY ORGANICS Fair Child (Milk And Banana) Kids Shower Milk 1000ml,Generic/Unlisted,9460.0,https://buybetter.ng/product/baby-organic-fair-child-milk-banana-kids-shower-milk-1000ml/,BuyBetter,,Lagos
BABY SECRET Amino Acid Mummy Love Baby (Head To Toe) OIL 120ML,Generic/Unlisted,3440.0,https://buybetter.ng/product/baby-secret-amino-acid-mummy-love-baby-oil-120ml/,BuyBetter,,Lagos
BALANCE AHA 10% BHA 2% (Resurface And Brighten) 30ml,Generic/Unlisted,8400.0,https://buybetter.ng/product/balance-aha-10-bha-2-resurface-and-brighten-30ml/,BuyBetter,,Lagos
BALANCE Active Formula Alpha Arbutin Corrective Serum Anti Pigmentation 30ml,Generic/Unlisted,11879.0,https://buybetter.ng/product/balance-active-formula-alpha-arbutin-corrective-serum-anti-pigmentation-30ml/,BuyBetter,,Lagos
BALANCE Active Formula Ceramides Barrier Fluid Protect SPF50++ 50ml,Generic/Unlisted,13450.0,https://buybetter.ng/product/balance-active-formula-ceramides-barrier-fluid-spf50-50ml/,BuyBetter,,Lagos
BALANCE Dragon’s Blood (Lift And Firm) Instant Eye Lift Balm 15ml,Generic/Unlisted,9000.0,https://buybetter.ng/product/balance-dragons-blood-lift-firm-instant-eye-lift-balm-15ml/,BuyBetter,,Lagos
BALANCE GLYCOLIC ACID (Resurface And Brighten) Exfoliating Toner 200ml,Generic/Unlisted,9200.0,https://buybetter.ng/product/balance-glycolic-acid-resurface-brighten-exfoliating-toner-200ml/,BuyBetter,,Lagos
BALANCE GOLD + MARINE COLLAGEN REJUVENATING SERUM 30ml,Generic/Unlisted,8400.0,https://buybetter.ng/product/balance-gold-marine-collagen-rejuvenating-serum-30ml/,BuyBetter,,Lagos
BALANCE Salicylic Acid + Zinc Clarifying Toner 7.039 oz 200ml,Generic/Unlisted,8400.0,https://buybetter.ng/product/balance-salicylic-acid-zinc-clarifying-toner-7-039-oz-200ml/,BuyBetter,,Lagos
BALANCE Snake Venom (Anti-ageing) Wrinkle Freeze Serum 30ml,Generic/Unlisted,10000.0,https://buybetter.ng/product/balance-snake-venom-anti-ageing-wrinke-freeze-serum-30ml/,BuyBetter,,Lagos
BALANCE Snake Venom (Anti-aging) Eye Cream 15ml,Generic/Unlisted,9000.0,https://buybetter.ng/product/balance-snake-venom-anti-aging-eye-cream-15ml/,BuyBetter,,Lagos
BASIC ROUTINE COMBO,Generic/Unlisted,20658.0,https://buybetter.ng/product/basic-routine-combo/,BuyBetter,,Lagos
BEAUTY FORMULAS (Vitamin A + Retinol) Smoothing Body Lotion 500ml,Generic/Unlisted,8063.0,https://buybetter.ng/product/beauty-formulas-vitamin-a-retinol-smoothing-body-lotion-500ml/,BuyBetter,,Lagos
BEAUTY FORMULAS (Vitamin A + Retinol) Smoothing Body Wash 750ml,Generic/Unlisted,8063.0,https://buybetter.ng/product/beauty-formulas-vitamin-a-retinol-smoothing-body-wash-750ml/,BuyBetter,,Lagos
BEAUTY FORMULAS Active Charcoal Facial Wipes,Generic/Unlisted,2903.0,https://buybetter.ng/product/beauty-formulas-active-charcoal-facial-wipes/,BuyBetter,,Lagos
BEAUTY FORMULAS Argan Oil Cleansing Facial Wipes 30 Wipes,Generic/Unlisted,2903.0,https://buybetter.ng/product/beauty-formulas-argan-oil-cleansing-facial-wipes-30-wipes/,BuyBetter,,Lagos
BEAUTY FORMULAS Ceramides Recharging Toner 150ml,Generic/Unlisted,4300.0,https://buybetter.ng/product/beauty-formulas-ceramides-recharging-toner-150ml/,BuyBetter,,Lagos
BEAUTY FORMULAS Foaming (Aloe vera) Make-Up Remover Wipes 30pcs,Generic/Unlisted,2903.0,https://buybetter.ng/product/beauty-formulas-foaming-aloe-vera-make-up-remover-wipes-30pcs/,BuyBetter,,Lagos
BEAUTY FORMULAS Gentle Soft Apricot Cleansing Facial Wipes 30pcs,Generic/Unlisted,2903.0,https://buybetter.ng/product/beauty-formulas-gentle-soft-apricot-cleansing-facial-wipes-30pcs/,BuyBetter,,Lagos
BEAUTY FORMULAS Ginger And Turmeric SUPERFOOD Facial Scrub 4.9 oz 150ml,Generic/Unlisted,3225.0,https://buybetter.ng/product/beauty-formulas-ginger-turmeric-superfood-facial-scrub-4-9-oz-150ml/,BuyBetter,,Lagos
BEAUTY FORMULAS Glowing Serum 2% Vitamin C 30ml,Generic/Unlisted,3118.0,https://buybetter.ng/product/beauty-formulas-vitamin-c-serum-30ml/,BuyBetter,,Lagos
BEAUTY FORMULAS Micellar Cleansing Facial Wipes,Generic/Unlisted,2903.0,https://buybetter.ng/product/beauty-formulas-micellar-cleansing-facial-wipes/,BuyBetter,,Lagos
BEAUTY FORMULAS Moisture Serum1% Hyaluronic Acid 30ml,Generic/Unlisted,3118.0,https://buybetter.ng/product/beauty-formulas-hyaluronic-acid-1-serum-30ml/,BuyBetter,,Lagos
BEAUTY FORMULAS Moisturizing Hair Removal Cream (Rose Flower Oil) 100ml,Generic/Unlisted,4676.0,https://buybetter.ng/product/beauty-formulas-hair-removal-cream-100ml/,BuyBetter,,Lagos
BEAUTY FORMULAS Moisturizing Hair Removal Cream (Shea Butter) 100ml,Generic/Unlisted,4676.0,https://buybetter.ng/product/beauty-formulas-moisturising-hair-removal-cream-shea-butter-100ml/,BuyBetter,,Lagos
BEAUTY FORMULAS Moisturizing Hair Removal Cream (Watermelon Extract And Oat) 100ml,Generic/Unlisted,4676.25,https://buybetter.ng/product/beauty-formulas-moisturising-hair-removal-cream-water-melon-extract-oat-100ml/,BuyBetter,,Lagos
BEAUTY FORMULAS- Blackhead Control Facial Scrub 150ml,Generic/Unlisted,3548.0,https://buybetter.ng/product/beauty-formulas-blackhead-control-facial-scrub-150ml/,BuyBetter,,Lagos
BEAUTY OF JOSEON Ginseng Essence Water 150ml,Beauty of Joseon,13760.0,https://buybetter.ng/product/beauty-of-joseon-ginseng-essence-water-150ml/,BuyBetter,,Lagos
BEAUTY OF JOSEON Glow Serum (Propolis + Niacinamide) 30ml,Beauty of Joseon,13438.0,https://buybetter.ng/product/beauty-of-joseon-glow-serum-propolis-niacinamide-30ml/,BuyBetter,,Lagos
BEAUTY OF JOSEON Matte Sun Stick: Mugwort + Camelia SPF50+ 18gX2,Beauty of Joseon,30000.0,https://buybetter.ng/product/beauty-of-joseon-matte-sun-stick-mugwort-camelia-spf50-18g/,BuyBetter,,Lagos
BEAUTY OF JOSEON Revive Eye Serum (Ginseng + Retinal) 30ml,Beauty of Joseon,13330.0,https://buybetter.ng/product/beauty-of-joseon-revive-eye-serum-ginseng-retinal-30ml/,BuyBetter,,Lagos
BEAUTY OF JOSEON Revive Serum (Ginseng + Snail Mucin) 30ml,Beauty of Joseon,13330.0,https://buybetter.ng/product/beauty-of-joseon-revive-serum-ginseng-snail-mucin/,BuyBetter,,Lagos
BEESLINE APITHERAPHY Anti-Wrinkle And Radiant Serum 30ml,Generic/Unlisted,15587.5,https://buybetter.ng/product/beesline-anti-wrinkle-radiance-serum-niacinamide-30ml/,BuyBetter,,Lagos
BEESLINE APITHERAPHY Sebum Control Balancing Serum 30ml,Generic/Unlisted,15587.5,https://buybetter.ng/product/beesline-sebum-control-balancing-serum-30ml/,BuyBetter,,Lagos
BEESLINE APITHERAPHY Super Hydrating Serum 30ml,Generic/Unlisted,15587.5,https://buybetter.ng/product/beesline-super-hydrating-serum-hyaluronic-30ml/,BuyBetter,,Lagos
BEESLINE APITHERAPHY Underarm Serum (Jouri Rose) 150ml,Generic/Unlisted,9138.0,https://buybetter.ng/product/beesline-apitheraphy-radiant-bright-underarm-serum-150ml/,BuyBetter,,Lagos
BEESLINE APITHERAPHY Unifying Brightening Serum 30ml,Generic/Unlisted,16125.0,https://buybetter.ng/product/beesline-unifying-brightening-serum-vitamin-c-30ml/,BuyBetter,,Lagos
BEESLINE APITHERAPY -Whitening ROLL-ON DEODORANT-(PACIFIC ISLANDS) 50ml,Generic/Unlisted,6450.0,https://buybetter.ng/product/beesline-apitherapy-whitening-roll-on-deodorant-pacific-islands/,BuyBetter,,Lagos
BEESLINE APITHERAPY DEO Whitening (INVISIBLE TOUCH) 72Hr Anti-Perspirant Can Spray 150ml,Generic/Unlisted,6450.0,https://buybetter.ng/product/beesline-apitherapy-deo-whitening-invisible-touch-72hr-anti-perspirant-can-spray-150ml/,BuyBetter,,Lagos
BEESLINE APITHERAPY DEO Whitening (SPORT PULSE) 72Hr Anti-Perspirant Can Spray 150ml,Generic/Unlisted,6450.0,https://buybetter.ng/product/beesline-apitherapy-deo-whitening-sport-pulse-72hr-anti-perspirant-can-spray-150ml/,BuyBetter,,Lagos
BEESLINE APITHERAPY Whitening ROLL-ON DEODORANT (ARABIAN OUD) 50ml,Generic/Unlisted,6450.0,https://buybetter.ng/product/beesline-apitherapy-whitening-roll-on-deodorant-arabian-oud-50ml/,BuyBetter,,Lagos
BEESLINE APITHERAPY Whitening ROLL-ON DEODORANT (BEAUTY PEARL) 48hr Anti-Perspirant 50ml,Generic/Unlisted,6450.0,https://buybetter.ng/product/beesline-apitherapy-whitening-roll-on-deodorant-beauty-pearl-48hr-anti-perspirant-50ml/,BuyBetter,,Lagos
BEESLINE APITHERAPY Whitening ROLL-ON DEODORANT (COOL BREEZE) 50ml,Generic/Unlisted,6450.0,https://buybetter.ng/product/beesline-whitening-roll-on-deodorant-cool-breez-50ml/,BuyBetter,,Lagos
BEESLINE APITHERAPY Whitening ROLL-ON DEODORANT (ELDER ROSE) 48hr Anti-Perspirant 50ml,Generic/Unlisted,6450.0,https://buybetter.ng/product/beesline-whitening-roll-on-deodorant-elder-rose-50ml/,BuyBetter,,Lagos
BEESLINE APITHERAPY Whitening ROLL-ON DEODORANT (INVINCIBLE TOUCH) 50ml,Generic/Unlisted,6450.0,https://buybetter.ng/product/beesline-apitherapy-whitening-roll-on-deodorant-invisible-touch-50ml/,BuyBetter,,Lagos
BEESLINE APITHERAPY Whitening ROLL-ON DEODORANT (SPORT PULSE) 50ml,Generic/Unlisted,6450.0,https://buybetter.ng/product/beesline-apitherapy-whitening-roll-on-deodorant-sport-pulse-50ml/,BuyBetter,,Lagos
BEESLINE APITHERAPY Whitening Sensitive Zone (Sensi Fresh) 150ml,Generic/Unlisted,6450.0,https://buybetter.ng/product/beesline-apitherapy-whitening-sensitive-zone-sensi-fresh-150ml/,BuyBetter,,Lagos
BEESLINE Lip Care (Coolips) 4g,Generic/Unlisted,5644.0,https://buybetter.ng/product/beesline-lip-care-coolips-4g/,BuyBetter,,Lagos
BEESLINE Lip Care (Flavor Free) 4g,Generic/Unlisted,5644.0,https://buybetter.ng/product/beesline-lip-care-flavour-free-4g/,BuyBetter,,Lagos
BEESLINE Lip Care (Shea Butter And Avocado Oil) 4g,Generic/Unlisted,5644.0,https://buybetter.ng/product/beesline-lip-care-shea-butter-and-avocado-oil-4g/,BuyBetter,,Lagos
BEESLINE Lip Care (Shimmery Cherry) 4g,Generic/Unlisted,5644.0,https://buybetter.ng/product/beesline-lip-care-shimmery-cherry-4g/,BuyBetter,,Lagos
BEESLINE Lip Care (Soothing Jouri Rose) 4g,Generic/Unlisted,5644.0,https://buybetter.ng/product/beesline-lip-care-soothing-jouri-rose-4g-2/,BuyBetter,,Lagos
BEESLINE Special Discount Combo,Generic/Unlisted,32439.2,https://buybetter.ng/product/beesline-special-discount-combo/,BuyBetter,,Lagos
BEESLINE Underarm Serum (Cucumber And Green Tea) 150ml,Generic/Unlisted,9138.0,https://buybetter.ng/product/beesline-underarm-serum-cucumber-and-green-tea-150ml/,BuyBetter,,Lagos
BEESLINE Underarm Serum (Instant Bright) 150ml,Generic/Unlisted,9138.0,https://buybetter.ng/product/beesline-underarm-serum-instant-bright-150ml/,BuyBetter,,Lagos
BEESLINE Underarm Serum (Powder Soft) 150ml,Generic/Unlisted,9138.0,https://buybetter.ng/product/beesline-underarm-serum-powder-soft-150ml/,BuyBetter,,Lagos
BENTON Honest Cleansing Foam 150g,Benton,9675.0,https://buybetter.ng/product/benton-honest-cleansing-foam-5-29-oz-150g/,BuyBetter,,Lagos
BENTON Snail Bee Ultimate Eye Cream 30g,Benton,15050.0,https://buybetter.ng/product/benton-snail-bee-ultimate-eye-cream-30g/,BuyBetter,,Lagos
BIOBALANCE Aknsun Face Cream Mattifying Face Aqua Fusion SPF50+ 40ml,Generic/Unlisted,15275.0,https://buybetter.ng/product/biobalance-aknsun-face-cream-mattifying-face-aqua-fusion-spf50-40ml/,BuyBetter,,Lagos
BIOBALANCE Atosense Ultra Restoring Soothing Balm 150ml,Generic/Unlisted,20563.0,https://buybetter.ng/product/biobalance-atosense-ultra-restoring-soothing-balm-150ml/,BuyBetter,,Lagos
BIOBALANCE Derma Age Rejuvenating Skin Care Cream 55ml,Generic/Unlisted,11163.0,https://buybetter.ng/product/bio-balance-derma-age-rejuvenating-skin-care-cream-55ml/,BuyBetter,,Lagos
BIOBALANCE Dermasebum Purifying Facial Cleansing Gel 250ml,Generic/Unlisted,11515.0,https://buybetter.ng/product/biobalance-dermasebum-purifying-facial-cleansing-gel-250ml/,BuyBetter,,Lagos
BIOBALANCE Dermasebum Purifying Skin Care Cream 55ml,Generic/Unlisted,11163.0,https://buybetter.ng/product/biobalance-dermasebum-purifying-skin-care-cream-55ml/,BuyBetter,,Lagos
BIOBALANCE Dermasoothe Soothing Facial Cleansing Gel 250ml,Generic/Unlisted,11515.0,https://buybetter.ng/product/biobalance-demasoothe-soothing-facial-cleansing-gel-250ml/,BuyBetter,,Lagos
BIOBALANCE Dermasoothe Soothing Skin Care Cream 55ml,Generic/Unlisted,11163.0,https://buybetter.ng/product/biobalance-dermasoothe-soothing-skin-care-cream-55ml/,BuyBetter,,Lagos
BIOBALANCE Hello Clean Deep Brightening Cleansing Balm 100ml,Generic/Unlisted,15275.0,https://buybetter.ng/product/biobalance-hello-clean-deep-brightening-cleansing-balm-100ml/,BuyBetter,,Lagos
BIOBALANCE Super (AHA PEELING) GLYCOLIC ACID 8% serums 30ML,Generic/Unlisted,13160.0,https://buybetter.ng/product/biobalance-super-aha-peeling-glycolic-acid-8-serums-30ml/,BuyBetter,,Lagos
BIOBALANCE Super (PURE VITAMIN C) L-ASCORBIC ACID 10% Serums 30ML,Generic/Unlisted,13160.0,https://buybetter.ng/product/biobalance-super-pure-vitamin-c-l-ascorbic-acid-10-serums-30ml/,BuyBetter,,Lagos
BIOBALANCE Super Pure Gel Cream 50ml,Generic/Unlisted,18565.0,https://buybetter.ng/product/biobalance-super-pure-gel-cream-50ml/,BuyBetter,,Lagos
BIOBALANCE Super Serum Multi Molecular Hyaluronic Acid 30ml,Generic/Unlisted,13160.0,https://buybetter.ng/product/bio-balance-super-serum-multi-molecular-hyaluronic-acid-30ml/,BuyBetter,,Lagos
BIODERMA Atoderm Gel Douche (Gentle Cleansing Gel) 200ml,Generic/Unlisted,18200.0,https://buybetter.ng/product/bioderma-atoderm-gel-douche-gentle-gleansing-gel-200ml/,BuyBetter,,Lagos
BIODERMA Cicabio Baume Lavant Soothing Protective Cleansing Balm 200ml,Generic/Unlisted,21500.0,https://buybetter.ng/product/bioderma-cicabio-baume-lavant-soothing-protective-cleansing-balm-200ml/,BuyBetter,,Lagos
BIODERMA Pigmentbio Foaming Cream 500ml,Generic/Unlisted,32600.0,https://buybetter.ng/product/bioderma-pigmentbio-foaming-cream-500ml/,BuyBetter,,Lagos
BIODERMA Sebium Hydra Soothing Cleansing balm 200ml,Generic/Unlisted,16125.0,https://buybetter.ng/product/bioderma-sebium-hydra-soothing-cleansing-balm-200ml/,BuyBetter,,Lagos
BIODERMA Sebium Kerato ( Anti Blemish Gel Cream) 30ml,Generic/Unlisted,17500.0,https://buybetter.ng/product/bioderma-sebium-kerato-anti-blemish-gel-cream-30ml/,BuyBetter,,Lagos
BLACK GIRL SPF 30 Sunscreen Lotion 89ml,Generic/Unlisted,20500.0,https://buybetter.ng/product/black-girl-sunscreen-spf-30-lotion-89ml/,BuyBetter,,Lagos
BLACK GIRL SPF 50++ Kids Sunscreen Lotion 89ml,Generic/Unlisted,14500.0,https://buybetter.ng/product/black-girl-sunscreen-spf-50-kids-lotion-89ml/,BuyBetter,,Lagos
BONDI SANDS Juicy Watermelon SPF50+ Sunscreen Lip Care 0.35 oz 10g,Generic/Unlisted,8493.0,https://buybetter.ng/product/bondi-sands-juicy-watermelon-spf50-sunscreen-lip-care-0-35-oz-10g/,BuyBetter,,Lagos
BONDI SANDS Tropical Mango SPF50+ Sunscreen Lip Care 0.35 oz 10g,Generic/Unlisted,8493.0,https://buybetter.ng/product/bondi-sands-tropical-mango-spf50-sunscreen-lip-care-0-35-oz-10g/,BuyBetter,,Lagos
BOOTS Collagen Cleansing Balm 100ml,Generic/Unlisted,33863.0,https://buybetter.ng/product/boots-collagen-cleansing-balm-100ml/,BuyBetter,,Lagos
BOOTS Vitamin C Brightening Day Cream,Generic/Unlisted,15000.0,https://buybetter.ng/product/boots-vitamin-c-brightening-day-cream-spf50-30ml/,BuyBetter,,Lagos
BOOTS Vitamin C brightening Cleansing Gel 6.7 oz 200ml,Generic/Unlisted,15000.0,https://buybetter.ng/product/boots-vitamin-c-brightening-cleansing-gel-6-7-oz-200ml/,BuyBetter,,Lagos
BRUT -Deodorant Identity 200ml,Generic/Unlisted,3978.0,https://buybetter.ng/product/brut-deodorant-identity-200ml/,BuyBetter,,Lagos
BRUT -Deodorant Musk 200ml,Generic/Unlisted,3978.0,https://buybetter.ng/product/brut-deodorant-musk-200ml/,BuyBetter,,Lagos
BRUT -Deodorant Oceans 200ml,Generic/Unlisted,3978.0,https://buybetter.ng/product/brut-deodorant-oceans-200ml/,BuyBetter,,Lagos
Boots Derma Care Moisturizing Replenishing Mist 100ml,Generic/Unlisted,23650.0,https://buybetter.ng/product/boots-dermacare-ceramide-replenishing-mist-100ml/,BuyBetter,,Lagos
BuyBetter Branded Gift Boxes (Empty) (BIG),Generic/Unlisted,4000.0,https://buybetter.ng/product/buybetter-branded-gift-boxes-2/,BuyBetter,,Lagos
Buybetter Gift Card,Generic/Unlisted,1000000.0,https://buybetter.ng/product/buybetter-gift-card/,BuyBetter,,Lagos
CANTU Shea Butter Grow Strong Strenghtening Treatment 173g,Generic/Unlisted,7848.0,https://buybetter.ng/product/cantu-shea-butter-grow-strong-strenghtening-treatment-453g/,BuyBetter,,Lagos
CAPE AND COCO Sunflexx Sunscreen Oil Spf 50 100ml,Generic/Unlisted,15991.0,https://buybetter.ng/product/cape-and-coco-sunflexx-sunscreen-oil-spf-50-100ml/,BuyBetter,,Lagos
CECRED Moisturizing Deep Conditioner 300ml,Generic/Unlisted,139750.0,https://buybetter.ng/product/cecred-moisturising-deep-conditioner-300ml/,BuyBetter,,Lagos
CELIMAX -Dual Barrier Skin Wearable Cream 1.69 oz 50ml,Celimax,21000.0,https://buybetter.ng/product/celimax-dual-barrier-skin-wearable-cream-50ml/,BuyBetter,,Lagos
CELIMAX -Pore + Dark Spot Brightening Serum 30ml,Celimax,14943.0,https://buybetter.ng/product/celimax-pore-dark-spot-brightening-serum-30ml/,BuyBetter,,Lagos
CELIMAX -The Real NONI Acne Bubble Cleanser 155ml,Celimax,14728.0,https://buybetter.ng/product/celimax-the-real-noni-acne-bubble-cleanser-155ml/,BuyBetter,,Lagos
CELIMAX -The Real NONI ENERGY Ampoule 30ml,Celimax,19350.0,https://buybetter.ng/product/celimax-the-real-noni-energy-ampoule-30ml/,BuyBetter,,Lagos
CENTRUM Silver Men 50+ 275Tabs,Generic/Unlisted,53750.0,https://buybetter.ng/product/centrum-sliver-men-50-275tab/,BuyBetter,,Lagos
CENTRUM Silver Women 50+ 275Tabs,Generic/Unlisted,53750.0,https://buybetter.ng/product/centrum-sliver-women-50-275tab/,BuyBetter,,Lagos
CERAVE 2 in 1 Anti Dandruff Hydrating Shampoo And Conditioner 12 oz 355ml,CeraVe,20900.0,https://buybetter.ng/product/cerave-2-in-1-anti-dandruff-hydrating-shampoo-and-conditioner-12-oz-355ml/,BuyBetter,,Lagos
CERAVE Acne Foaming Cream Cleanser 4% Benzoyl Peroxide 150ml,CeraVe,24000.0,https://buybetter.ng/product/cerave-acne-foaming-cream-cleanser-4-benzoyl-peroxide-150ml/,BuyBetter,,Lagos
CERAVE Acne Foaming Cream Wash 10% Benzoyl Peroxide 150ml,CeraVe,24000.0,https://buybetter.ng/product/cerave-acne-control-cleanser-5-oz-150ml/,BuyBetter,,Lagos
CERAVE Baby Healing Ointment 85g,CeraVe,25500.0,https://buybetter.ng/product/cerave-baby-healing-ointment-85g/,BuyBetter,,Lagos
CERAVE Baby Moisturizing Cream 8oz 22g,CeraVe,30638.0,https://buybetter.ng/product/cerave-baby-moisturizing-cream-8oz-22g/,BuyBetter,,Lagos
CERAVE Baby Moisturizing Lotion 16 oz 473ml,CeraVe,20500.0,https://buybetter.ng/product/cerave-baby-moisturizing-lotion-16-oz-473ml/,BuyBetter,,Lagos
CERAVE Foaming Cleanser Normal and Oily Skin 236 ml,CeraVe,14298.0,https://buybetter.ng/product/cerave-foaming-cleanser-daily-face-body-amp-hand-wash-for-normal-to-oily-skin-cleanser-with-niacinamide-236-ml/,BuyBetter,,Lagos
CERAVE Foaming Facial Cleanser 355ml (US),CeraVe,24833.0,https://buybetter.ng/product/cerave-foaming-facial-cleanser-355ml/,BuyBetter,,Lagos
CERAVE Hydrating Facial Cleanser 355ml (US),CeraVe,24833.0,https://buybetter.ng/product/cerave-hydrating-facial-cleanser-355ml/,BuyBetter,,Lagos
CERAVE Intensive Moisturizing Lotion 5% Hydro Urea 8oz 236ml,CeraVe,30000.0,https://buybetter.ng/product/cerave-intensive-moisturizing-lotion-5-hydro-urea-8oz-237ml/,BuyBetter,,Lagos
CERAVE Moisturizing Cream With Hyaluronic Acid and Ceramides 340g,CeraVe,15910.0,https://buybetter.ng/product/cerave-moisturizing-cream-body-and-face-moisturizer-for-dry-skin-body-cream-with-hyaluronic-acid-and-ceramides-340g/,BuyBetter,,Lagos
CERAVE Moisturizing Lotion Very Dry Skin 473ML,CeraVe,18812.5,https://buybetter.ng/product/cerave-moisturizing-lotion-daily-face-amp-body-moisturizer-for-dry-to-very-dry-skin-473ml/,BuyBetter,,Lagos
CERAVE SA Smoothing Cleanser 236 ml,CeraVe,14212.0,https://buybetter.ng/product/cerave-sa-smoothing-cleanser-236-ml/,BuyBetter,,Lagos
"CERAVE SA Smoothing Cream | Renewing Salicylic Acid Body Cream for Dry, Rough And Bumpy Skin | 340g",CeraVe,20210.0,https://buybetter.ng/product/cerave-sa-smoothing-cream-renewing-salicylic-acid-body-cream-for-dry-rough-amp-bumpy-skin-340g/,BuyBetter,,Lagos
CETAPHIL -Daily Facial Cleanser (Normal to Oily Skin) 591ml,Generic/Unlisted,26338.0,https://buybetter.ng/product/cetaphil-daily-facial-cleanser-normal-to-oily-skin-591ml/,BuyBetter,,Lagos
CETAPHIL Moisturizing Cream Ultimate 453g (New Look),Generic/Unlisted,18000.0,https://buybetter.ng/product/cetaphil-moisturizing-cream-ultimate-453g-new-look/,BuyBetter,,Lagos
CETAPHIL Moisturizing Cream Ultimate 566g (New Look),Generic/Unlisted,20500.0,https://buybetter.ng/product/cetaphil-moisturing-cream-ultimate-566g-new-look/,BuyBetter,,Lagos
CLEAN IT ZERO Cica-Relief Calming Cleansing Balm 100ml,Generic/Unlisted,17200.0,https://buybetter.ng/product/clean-it-zero-cica-relief-calming-cleansing-balm-100ml/,BuyBetter,,Lagos
CLEAN IT ZERO Ginseng Glow Nourishing Cleansing Balm 100ml,Generic/Unlisted,16985.0,https://buybetter.ng/product/clean-it-zero-ginseng-glow-nourishing-cleansing-balm-100ml/,BuyBetter,,Lagos
CLEAN IT ZERO Ginseng Tea Tree-EX Cleansing Balm 100ml,Generic/Unlisted,16985.0,https://buybetter.ng/product/clean-it-zero-tea-tree-ex-pore-clarifying-cleansing-balm-3-38-oz-100ml/,BuyBetter,,Lagos
CONSCIOUS CHEMIST Daily Dissolve Ultra Light Oil Cleanser 130ml,Generic/Unlisted,11610.0,https://buybetter.ng/product/conscious-chemist-daily-dissolve-ultra-light-oil-cleanser-130ml/,BuyBetter,,Lagos
CONSCIOUS CHEMIST Moisture Melt Multi-Oil Nourishing Body Wash 300ml,Generic/Unlisted,11073.0,https://buybetter.ng/product/conscious-chemist-moisture-melt-multi-oil-nourishing-body-wash-300ml/,BuyBetter,,Lagos
CONSCIOUS CHEMIST Rapid Relief Acne Spot Corrector Gel 15ml,Generic/Unlisted,10965.0,https://buybetter.ng/product/conscious-chemist-rapid-relief-acne-spot-corrector-gel-15ml/,BuyBetter,,Lagos
CONSCIOUS CHEMIST Self Dissolving Acne Clearing Microneedle Patch(8 Patches),Generic/Unlisted,13438.0,https://buybetter.ng/product/conscious-chemist-self-dissolving-acne-clearing-microneedle-patch8-patches/,BuyBetter,,Lagos
CONSCIOUS CHEMIST Snail Magic Barrier Repair ALL-IN-ONE Cream 50gm,Generic/Unlisted,10965.0,https://buybetter.ng/product/conscious-chemist-snail-magic-barrier-repair-all-in-one-cream-50gm/,BuyBetter,,Lagos
CONSCIOUS CHEMIST TRUBIOM (pigmentation corrector cream) 50g,Generic/Unlisted,10015.21,https://buybetter.ng/product/conscious-chemist-trubiom-pigmentation-corrector-cream-50gm-2/,BuyBetter,,Lagos
COS DE BAHA [AL] Alpha Arbutin Licorice Root Extract Serum 30ml,Generic/Unlisted,12470.0,https://buybetter.ng/product/cos-de-baha-al-alpha-arbutin-licorice-root-extract-serum-30ml/,BuyBetter,,Lagos
COS DE BAHA [AN] Arbutin Niacinamide 5% Serum 30ml,Generic/Unlisted,12470.0,https://buybetter.ng/product/cos-de-baha-an-arbutin-niacinamide-5-serum-30ml/,BuyBetter,,Lagos
COS DE BAHA [AZ15] Azelaic Acid 15 MSM Serum 30ml,Generic/Unlisted,12470.0,https://buybetter.ng/product/cos-de-baha-az15-azelaic-acid-15-msm-serum-30ml/,BuyBetter,,Lagos
COS DE BAHA [AZ] Azelaic Acid 10% Serum 30ml,Generic/Unlisted,12470.0,https://buybetter.ng/product/cos-de-baha-az-azelaic-acid-10-serum-30ml/,BuyBetter,,Lagos
COS DE BAHA [C1] Ceramide 1% Cream 45ml,Generic/Unlisted,13900.0,https://buybetter.ng/product/cos-de-baha-c1-ceramide-1-cream-45ml/,BuyBetter,,Lagos
COS DE BAHA [HB] Hydroquinone Brightening Serum 30ml,Generic/Unlisted,12470.0,https://buybetter.ng/product/cos-de-baha-hb-hydroquinone-brightening-serum-30ml/,BuyBetter,,Lagos
COS DE BAHA [T15] Tranexamic Acid 15% Glutathione Serum 30ml,Generic/Unlisted,12470.0,https://buybetter.ng/product/cos-de-baha-t15-tranexamic-acid-15-glutathione-serum-30ml/,BuyBetter,,Lagos
COS DE BAHA [TN] Tranexamic Acid Niacinamide 30ml,Generic/Unlisted,12470.0,https://buybetter.ng/product/cos-de-baha-tn-tranexamic-acid-niacinamide-30ml/,BuyBetter,,Lagos
COS DE BAHA [TT] Tranexamic Acid 10% Serum,Generic/Unlisted,12470.0,https://buybetter.ng/product/cos-de-baha-tt-tranexamic-acid-10-serum/,BuyBetter,,Lagos
COS DE BAHA [VA] Vitamin C 15% Ascorbic Acid Serum 30ml,Generic/Unlisted,12470.0,https://buybetter.ng/product/cos-de-baha-va-vitamin-c-15-ascorbic-acid-serum-30ml/,BuyBetter,,Lagos
COS DE BAHA [VM] Vitamin C MSM Serum 30ml,Generic/Unlisted,12470.0,https://buybetter.ng/product/cos-de-baha-vm-vitamin-c-msm-serum-30ml/,BuyBetter,,Lagos
COSMO -Whitening Roll-On (Active Sport) Deodorant 48Hr Anti-perspirant 1.69 oz 50ml,Generic/Unlisted,5053.0,https://buybetter.ng/product/cosmo-whitening-roll-on-active-sport-deodorant-48hr-anti-perspirant-1-69-oz-50ml/,BuyBetter,,Lagos
COSMO -Whitening Roll-On (Fresh Breeze) Deodorant 48Hr Anti-perspirant 1.69 oz 50ml,Generic/Unlisted,5053.0,https://buybetter.ng/product/cosmo-whitening-roll-on-fresh-breeze-deodorant-48hr-anti-perspirant-1-69-oz-50ml/,BuyBetter,,Lagos
COSMO -Whitening Roll-On (Pink Blossom) Deodorant 48Hr Anti-perspirant 1.69 oz 50ml,Generic/Unlisted,5053.0,https://buybetter.ng/product/cosmo-whitening-roll-on-pink-blossom-deodorant-48hr-anti-perspirant-1-69-oz-50ml/,BuyBetter,,Lagos
COSRX -Hyaluronic Acid Intensive Cream 100G,COSRX,14000.0,https://buybetter.ng/product/cosrx-hyaluronic-acid-intensive-cream-100g/,BuyBetter,,Lagos
COSRX AHA 7 Whitehead Power Liquid 100ml,COSRX,11800.0,https://buybetter.ng/product/cosrx-aha-7-whitehead-power-liquid-100ml/,BuyBetter,,Lagos
COSRX AHA/BHA Clarifying Treatment Toner 100ml,COSRX,8500.0,https://buybetter.ng/product/cosrx-aha-bha-clarifying-treatment-toner-100ml/,BuyBetter,,Lagos
COSRX Acne Pimple Master Patch (24 Patches),COSRX,4945.0,https://buybetter.ng/product/cosrx-acne-pimple-master-patch-24-patches/,BuyBetter,,Lagos
COSRX Advanced Snail 92 All In One Cream 100G,COSRX,13200.0,https://buybetter.ng/product/cosrx-advanced-snail-92-all-in-one-cream-100g/,BuyBetter,,Lagos
COSRX Advanced Snail 96 Mucin Power Essence 100ml,COSRX,12000.0,https://buybetter.ng/product/cosrx-advanced-snail-96-mucin-power-essence/,BuyBetter,,Lagos
COSRX Advanced Snail Mucin Gel Cleanser 150ml,COSRX,13975.0,https://buybetter.ng/product/cosrx-advanced-snail-mucin-gel-cleanser-150ml/,BuyBetter,,Lagos
COSRX Advanced Snail Peptide Eye Cream 25ml,COSRX,16663.0,https://buybetter.ng/product/cosrx-advanced-snail-peptide-eye-cream-25ml/,BuyBetter,,Lagos
COSRX Advanced Snail Radiance Dual Essence 80ml,COSRX,20500.0,https://buybetter.ng/product/cosrx-advanced-snail-radiance-dual-essence-80ml/,BuyBetter,,Lagos
COSRX Aloe Soothing Sun Cream SPF 50++ 50ml,COSRX,11500.0,https://buybetter.ng/product/cosrx-aloe-soothing-sun-cream-spf-50-50ml/,BuyBetter,,Lagos
COSRX BHA Blackhead Power Liquid 100ml,COSRX,12000.0,https://buybetter.ng/product/cosrx-bha-blackhead-power-liquid-100ml/,BuyBetter,,Lagos
COSRX Full Fit Propolis Light Cream 65ml,COSRX,17500.0,https://buybetter.ng/product/cosrx-full-fit-propolis-light-cream-65ml-2/,BuyBetter,,Lagos
COSRX Full Fit Propolis Synergy Toner 150ml,COSRX,11000.0,https://buybetter.ng/product/cosrx-full-fit-propolis-synergy-toner-150ml/,BuyBetter,,Lagos
COSRX HYALURONIC ACID HYDRA POWER ESSENCE 100ML,COSRX,12900.0,https://buybetter.ng/product/cosrx-hyaluronic-hydra-power-essence100ml/,BuyBetter,,Lagos
COSRX Hyaluronic Acid 3 Serum 20ml,COSRX,14800.0,https://buybetter.ng/product/cosrx-hyaluronic-acid-3-serum-20ml/,BuyBetter,,Lagos
COSRX The 6 Peptide skin booster serum 150ml,COSRX,17200.0,https://buybetter.ng/product/cosrx-the-6-peptide-skin-booster-serum-150ml/,BuyBetter,,Lagos
COSRX The Alpha Arbutin 2% Discoloration Care 1.69 oz 50ml,COSRX,18275.0,https://buybetter.ng/product/cosrx-alpha-arbutin-2-discoloration-care-1-69-oz-50ml/,BuyBetter,,Lagos
COSRX The Niacinamide 15 Serum 20ml,COSRX,15600.0,https://buybetter.ng/product/cosrx-the-niacinamide-15-serum-20ml-2/,BuyBetter,,Lagos
COSRX The Retinol 0.1 Cream 20ml,COSRX,16985.0,https://buybetter.ng/product/cosrx-retinol-01-cream-20ml/,BuyBetter,,Lagos
COSRX The Retinol 0.5 Oil 20ml,COSRX,16800.0,https://buybetter.ng/product/cosrx-the-retinol-05-oil-20ml/,BuyBetter,,Lagos
CREIGHTONS Salicylic Acid Exfoliating Tonic 200ml,Generic/Unlisted,6400.0,https://buybetter.ng/product/creightons-salicylic-acid-exfoliating-tonic-200ml/,BuyBetter,,Lagos
CREIGHTONS Vitamin C Superfruits (2% Bright) Eye Serum 15ml,Generic/Unlisted,7364.0,https://buybetter.ng/product/creightons-vitamin-c-superfruits-2-bright-eye-serum-30ml/,BuyBetter,,Lagos
CREIGHTONS Vitamin C Superfruits (2% Hydrate and Glow) Serum 30ml,Generic/Unlisted,8224.0,https://buybetter.ng/product/creightons-vitamin-c-superfruits-2-hydrate-and-glow-serum-30ml/,BuyBetter,,Lagos
CREME OF NATURE -Argan oil (Apple Cider Vinegar) Clarifying Rinse 15.5 oz 460ml,Generic/Unlisted,13975.0,https://buybetter.ng/product/creme-of-nature-argan-oil-apple-cider-vinegar-clarifying-rinse-15-5-oz-460ml/,BuyBetter,,Lagos
CRYSTAL -3D Strong Whitening Cleansing (cool mint) Charcoal Toothpaste 130g,Generic/Unlisted,3440.0,https://buybetter.ng/product/crystal-3d-strong-whitening-cleansing-cool-mint-charcoal-toothpaste-130g/,BuyBetter,,Lagos
Creme of Nature Argan Oil Apple Intensive Conditioning Treatment 354ml,Generic/Unlisted,11825.0,https://buybetter.ng/product/creme-of-nature-argan-oil-intensive-conditioning-treatment-354ml/,BuyBetter,,Lagos
DAISE HAPPY -Grape and Amber Fragrance Body Mist 3.38 oz 100ml,Generic/Unlisted,19028.0,https://buybetter.ng/product/daise-happy-grape-and-amber-fragrance-body-mist-3-38-oz-100ml/,BuyBetter,,Lagos
DANG -Exfoliating And Moisturizing Shower Gel 450ml (EXOTIC FRUITS),Generic/Unlisted,17925.0,https://buybetter.ng/product/dang-exfoliating-and-moistrizing-shower-gel-450ml-exotic-fruits/,BuyBetter,,Lagos
DEAR BOO Brightening Vita C Hyaluronic Cream 50ml,Generic/Unlisted,13975.0,https://buybetter.ng/product/dear-boo-brightening-vita-c-hyaluronic-cream-50ml/,BuyBetter,,Lagos
DEAR BOO Brightening Vita C Hyaluronic Serum 60ml,Generic/Unlisted,14083.0,https://buybetter.ng/product/dearboo-brightening-vita-c-hyaluronic-serum-60ml/,BuyBetter,,Lagos
DEAR BOO Brightening Vita C Hyaluronic Toner 150ml,Generic/Unlisted,14190.0,https://buybetter.ng/product/dearboo-brightening-vita-c-hyaluronic-toner-150ml/,BuyBetter,,Lagos
DEAR BOO Dark Spot Care Vita C Cream 80g,Generic/Unlisted,14620.0,https://buybetter.ng/product/dearboo-dark-spot-care-vita-c-cream-80g/,BuyBetter,,Lagos
DEAR BOO Dark Spot Care Vita C Serum 100ml,Generic/Unlisted,13975.0,https://buybetter.ng/product/dearboo-dark-spot-care-vita-c-serum-100ml/,BuyBetter,,Lagos
DEAR BOO Dark Spot Care Vita C Toner 250ml,Generic/Unlisted,14728.0,https://buybetter.ng/product/dearboo-dark-spot-care-vita-c-toner-250ml/,BuyBetter,,Lagos
DEAR BOO Glass Skin Snail Mucin Cream 80g,Generic/Unlisted,14620.0,https://buybetter.ng/product/dear-boo-glass-skin-snail-mucin-cream-80g/,BuyBetter,,Lagos
DEAR BOO Glass Skin Snail Mucin serum 100ml,Generic/Unlisted,13545.0,https://buybetter.ng/product/dear-boo-glass-skin-snail-mucin-serum-100ml/,BuyBetter,,Lagos
DEAR BOO Rejuvenating Retinol And Hyaluronic Night Toner 150ml,Generic/Unlisted,14083.0,https://buybetter.ng/product/dearboo-rejuvenating-retinol-hyaluronic-night-toner-150ml/,BuyBetter,,Lagos
DEMELAN+ Cream 20g,Generic/Unlisted,8400.0,https://buybetter.ng/product/demelan-cream-20g/,BuyBetter,,Lagos
DERMA 55 -Vitamin C + Turmeric Body Treatment Cream 15.2 oz 450ml,Generic/Unlisted,7500.0,https://buybetter.ng/product/derma-vitamin-c-turmeric-cream/,BuyBetter,,Lagos
DERMAREST Eczema Medicated Lotion 4FL OZ 118ML,Generic/Unlisted,16800.0,https://buybetter.ng/product/dermarest-eczema-medicated-lotion-4fl-oz-118ml/,BuyBetter,,Lagos
DIFFERIN -Cleanse Daily Oil Free Hydrating Cleanser 177ml,Generic/Unlisted,19700.0,https://buybetter.ng/product/differin-daily-oil-free-hydrating-cleanser-177ml/,BuyBetter,,Lagos
DISAAR (Cocoa Deep Moisturizing) Body oil gel 200ml,Generic/Unlisted,4461.0,https://buybetter.ng/product/disaar-cocoa-deep-moisturizing-body-oil-gel-200ml-2/,BuyBetter,,Lagos
DISAAR -(Argan Oil Whitening Moisturizing) Oil 100ml,Generic/Unlisted,2688.0,https://buybetter.ng/product/disaar-argan-oil-whitening-moisturizing-oil-100ml/,BuyBetter,,Lagos
DISAAR -Almond Oil (Whitening and Moisturizing Oil)100ml,Generic/Unlisted,2688.0,https://buybetter.ng/product/disaar-almond-oil-whitening-and-moisturizing-oil-100ml/,BuyBetter,,Lagos
DISAAR -Carrot Miracle (Whitening and Moisturizing Oil) 100ml,Generic/Unlisted,2688.0,https://buybetter.ng/product/disaar-carrot-miracle-100ml/,BuyBetter,,Lagos
DISAAR -Coconut (Whitening and Moisturizing) Oil 100ml,Generic/Unlisted,2688.0,https://buybetter.ng/product/disaar-coconut-oil-whitening-and-moisturizing-oil-100ml/,BuyBetter,,Lagos
DISAAR -Jojoba Oil (Whitening and Moisturizing Oil) 100ml,Generic/Unlisted,2688.0,https://buybetter.ng/product/disaar-jojoba-oil/,BuyBetter,,Lagos
DISAAR -Papaya Miracle (Whitening Moisturizing Oil) 100ml,Generic/Unlisted,2688.0,https://buybetter.ng/product/disaar-papaya-miracle-whitening-moisturizing-oil-100ml/,BuyBetter,,Lagos
DISAAR -Vitamin C Skin Brightening Body Lotion 480ml,Generic/Unlisted,4891.0,https://buybetter.ng/product/disaar-vitamin-c-skin-brightening-body-lotion-480ml/,BuyBetter,,Lagos
DOVE -Sugar Cookie Sprinkle Antiperspirant 74g,Generic/Unlisted,20318.0,https://buybetter.ng/product/dove-sugar-cookie-sprinkle-antiperspirant-74g/,BuyBetter,,Lagos
DOVE Acne Clear Body Wash 547ml,Generic/Unlisted,22600.0,https://buybetter.ng/product/dove-acne-clear-3-body-wash-547ml/,BuyBetter,,Lagos
DOVE CALMING MOISTURE 3% Body Wash 547ml,Generic/Unlisted,22600.0,https://buybetter.ng/product/dove-calming-moisture-3-body-wash-547ml/,BuyBetter,,Lagos
DOVE GLOW RECHARGE 3% Body Wash 547ml,Generic/Unlisted,22600.0,https://buybetter.ng/product/dove-glow-recharge-3-542ml/,BuyBetter,,Lagos
DOVE HYDRATION BOOST 6% Body Wash 547ml,Generic/Unlisted,22600.0,https://buybetter.ng/product/dove-hydration-boost-6-body-wash-547ml/,BuyBetter,,Lagos
DOVE MELANIN EVEN TONE 5% Body Wash 547ml,Generic/Unlisted,22600.0,https://buybetter.ng/product/dove-melanin-even-tone-5-body-wash-547ml/,BuyBetter,,Lagos
DOVE MELANIN RADIANCE 5% Body Wash 547ml,Generic/Unlisted,22600.0,https://buybetter.ng/product/dove-melanin-radiance-5-body-wash-547ml/,BuyBetter,,Lagos
DOVE SKIN REPLENISH 2% Body Wash 547ml,Generic/Unlisted,22600.0,https://buybetter.ng/product/dove-skin-replenish-2-body-wash-547ml/,BuyBetter,,Lagos
DOVE SOOTHING RELIEF 5% Body Wash 547ml,Generic/Unlisted,22600.0,https://buybetter.ng/product/dove-soothing-relief-5-body-wash-547ml/,BuyBetter,,Lagos
DOVE VITALITY RENEWAL 4% Body Wash 547ml,Generic/Unlisted,22600.0,https://buybetter.ng/product/dove-vitality-renewal-4-body-wash-547ml/,BuyBetter,,Lagos
DR ALTHEA 0.1% Gentle Retinol Serum 30ml,Generic/Unlisted,15271.0,https://buybetter.ng/product/dr-althea-0-1-gentle-retionl-serum-30ml/,BuyBetter,,Lagos
DR ALTHEA 345 Relief Cream 50ml,Generic/Unlisted,18000.0,https://buybetter.ng/product/dr-althea-345-relief-cream-50ml/,BuyBetter,,Lagos
DR ALTHEA 345 Relief Cream Mist 100ml,Generic/Unlisted,15050.0,https://buybetter.ng/product/dr-althea-345-relief-cream-mist-100ml/,BuyBetter,,Lagos
DR ALTHEA Melaclear Cream 30ml,Generic/Unlisted,16663.0,https://buybetter.ng/product/dr-althea-melaclear-cream-30ml/,BuyBetter,,Lagos
DR ALTHEA Natural Radiance Essence 30ml,Generic/Unlisted,11825.0,https://buybetter.ng/product/dr-althea-natural-radiance-essence-30ml/,BuyBetter,,Lagos
DR ALTHEA PDRN Reju 5000 Cream 30ml,Generic/Unlisted,18060.0,https://buybetter.ng/product/dr-althea-pdrn-reju-5000-cream-30ml/,BuyBetter,,Lagos
DR CEURACLE -Royl Vital Propolis Anti-Oxidant mask 1.01 oz 30 ml,Generic/Unlisted,5160.0,https://buybetter.ng/product/dr-ceuracle-royal-vital-propolis-anti-oxidant-mask-1-01-oz-30-ml/,BuyBetter,,Lagos
DR JART+ Cryo Rubber Moisture Mask Masque Hydratant,Generic/Unlisted,13223.0,https://buybetter.ng/product/dr-jart-cryo-rubber-moisture-mask-masque-hydratant/,BuyBetter,,Lagos
DR MEINAIER Sugar Scrub (AHA Intensive AHA) 650g,Generic/Unlisted,3900.0,https://buybetter.ng/product/dr-meinaier-sugar-scrub-aha-intesive-aha-650g/,BuyBetter,,Lagos
DR RASHEL -Vitamin C Brightening Face cream 50g,Generic/Unlisted,3763.0,https://buybetter.ng/product/dr-rashel-vitamin-c-brightening-face-cream-50g/,BuyBetter,,Lagos
DR TEALS (Calm Your Mind) Body Wash 34 oz 1000ml,Generic/Unlisted,9900.0,https://buybetter.ng/product/dr-teals-calm-your-mind-body-wash-34-oz-1000ml/,BuyBetter,,Lagos
DR TEALS (Glow and Hydrate) Body Wash 34 oz 1000ml,Generic/Unlisted,9900.0,https://buybetter.ng/product/dr-teals-glow-and-hydrate-body-wash-34-oz-1000ml/,BuyBetter,,Lagos
DR TEALS (Prebiotic Lemon Balm) Body Lotion Moisture Oil 532ml,Generic/Unlisted,7848.0,https://buybetter.ng/product/dr-teals-body-lotion-prebiotic-lemon-balm/,BuyBetter,,Lagos
DR TEALS (Prebiotic Lemon Balm) Body Wash 34 oz 1000ml,Generic/Unlisted,9900.0,https://buybetter.ng/product/dr-teals-prebiotic-lemon-balm-body-wash-34-oz-1000ml/,BuyBetter,,Lagos
DR TEALS (Vitamin C And Citrus) Body Lotion with Essential oil 532ml,Generic/Unlisted,7848.0,https://buybetter.ng/product/dr-teals-body-lotion-with-vitamin-c-532ml/,BuyBetter,,Lagos
DR TEALS Aluminium Free Deodorant Magnesium(Lavender Vanilla),Generic/Unlisted,7200.0,https://buybetter.ng/product/dr-teals-aluminium-free-deodorant-magnesiumlavender-vanilla/,BuyBetter,,Lagos
DR TEALS Aluminum Free Deodorant Rose And Milk And Essential Oils 75G,Generic/Unlisted,7200.0,https://buybetter.ng/product/dr-teals-aluminum-free-deodorant-rose-milk-essential-oils-75g/,BuyBetter,,Lagos
DR TEALS COLLAGEN + RADIANT SKIN (Coconut Milk And Almond Milk) Milk Bath 946ml,Generic/Unlisted,20425.0,https://buybetter.ng/product/dr-teals-coconut-milk-and-almond-milk-bath/,BuyBetter,,Lagos
DR TEALS Foaming Bath (Glow And Radiance)1000ml,Generic/Unlisted,9900.0,https://buybetter.ng/product/dr-teals-foaming-bath-glow-radiance1000ml/,BuyBetter,,Lagos
DR TEALS Foaming Bath (Pomegranate And Black Currant)1000ml,Generic/Unlisted,9900.0,https://buybetter.ng/product/dr-teals-foaming-bath-pomegranate-black-currant1000ml/,BuyBetter,,Lagos
"DR TEALS KIDS (Elderberry Bath And Vitamin C) Bubble Bath, Body Wash And Shampoo 591ml",Generic/Unlisted,7471.0,https://buybetter.ng/product/dr-teals-kids-elderberry-bath-vitamin-c-bubble-bath-body-wash-shampoo-591ml/,BuyBetter,,Lagos
"DR TEALS KIDS (Oat And Milk) Bubble Bath, Body Wash And Shampoo 591ml",Generic/Unlisted,7471.0,https://buybetter.ng/product/dr-teals-kids-oat-milk-bubble-bath-body-wash-shampoo-591ml/,BuyBetter,,Lagos
"DR TEALS KIDS (SLEEP BATH) Bubble Bath, Body Wash And Shampoo 591ml",Generic/Unlisted,7471.0,https://buybetter.ng/product/dr-teals-kids-sleep-bath-bubble-bath-body-wash-shampoo-591ml/,BuyBetter,,Lagos
DR TEALS Moisturizing (SLEEP BLEND) bath and Body Oil 260ml,Generic/Unlisted,7900.0,https://buybetter.ng/product/dr-teals-moisturizing-sleep-blend-bath-and-body-oil-260ml/,BuyBetter,,Lagos
DR TEALS Shea Sugar Scrub (Citrus Essential Oils With Vitamin C) 538g,Generic/Unlisted,11288.0,https://buybetter.ng/product/dr-teals-shea-sugar-scrub-with-vitamin-c-538g/,BuyBetter,,Lagos
DR TEALS Shea Sugar Scrub (Prebiotic Lemon Balm) 538g,Generic/Unlisted,11200.0,https://buybetter.ng/product/dr-teals-shea-sugar-prebiotic-lemon-balm-body-scrub-538g/,BuyBetter,,Lagos
DR TEALS Stress Relief Foaming Bath 1000ml,Generic/Unlisted,9900.0,https://buybetter.ng/product/dr-teals-stress-relief-foaming-bath-1000ml/,BuyBetter,,Lagos
DRY SKIN ROUTINE COMBO,Generic/Unlisted,32495.0,https://buybetter.ng/product/dry-skin-routine-combo/,BuyBetter,,Lagos
E45 Moisturizing Cream 350g,Generic/Unlisted,11825.0,https://buybetter.ng/product/e45-moisturizing-cream/,BuyBetter,,Lagos
E45 Moisturizing Lotion 500ML,Generic/Unlisted,10428.0,https://buybetter.ng/product/e45-moisturizing-lotion-500ml/,BuyBetter,,Lagos
EBUNDERMA BP5 (5% Benzoyl Peroxide + Glycerin) Leave on Gel 50ml,Generic/Unlisted,14996.0,https://buybetter.ng/product/ebunderma-bp5-5-benzoyl-peroxide-glycerin-leave-on-gel-50ml/,BuyBetter,,Lagos
EBUNDERMA BP5 Cleanser 100ml,Generic/Unlisted,19941.0,https://buybetter.ng/product/ebunderma-bp5-cleanser-100ml/,BuyBetter,,Lagos
EBUNDERMA Fader 30ml,Generic/Unlisted,26875.0,https://buybetter.ng/product/ebunderma-fader-plus-30ml/,BuyBetter,,Lagos
EBUNDERMA GS 5.2 Acne Prone,Generic/Unlisted,19995.0,https://buybetter.ng/product/ebunderma-gs-5-2-acne-prone/,BuyBetter,,Lagos
EBUNDERMA UNCLOG Facial Toner 120ml,Generic/Unlisted,44989.0,https://buybetter.ng/product/ebunderma-unclog-facial-toner-120ml/,BuyBetter,,Lagos
EFAMOL Pure Evening Primrose Oil 1000MG x 30Caps,Generic/Unlisted,19000.0,https://buybetter.ng/product/efamol-pure-evening-primrose-oil-1000mg-x-30/,BuyBetter,,Lagos
EFAMOL Pure Evening Primrose Oil 500MG x 90Caps,Generic/Unlisted,26875.0,https://buybetter.ng/product/efamol-pure-evening-primrose-oil-500mg-x-90/,BuyBetter,,Lagos
ELF Holy Hydration SPF 30 Broad Spectrum Sunscreen Face Cream 50g,Generic/Unlisted,31121.0,https://buybetter.ng/product/elf-holy-hydration-spf-30-broad-spectrum-sunscreen-face-cream-50g/,BuyBetter,,Lagos
ELF Youth Boosting Advanced Light Retinol Serum 29.5ml,Generic/Unlisted,43800.0,https://buybetter.ng/product/elf-youth-boosting-advanced-light-retinol-serum-29-5ml/,BuyBetter,,Lagos
ELMO Baby Orajel Tooth And Gum Cleanser – 1.0oz (VERTICAL WITH FINGER BRUSH) (Single),Generic/Unlisted,8250.0,https://buybetter.ng/product/elmo-baby-orajel-tooth-gum-cleanser-1-0oz-vertical-with-finger-brush-single/,BuyBetter,,Lagos
ELMO Baby Orajel Tooth And Gum Cleanser – 1.0oz (WITH TOOTHBRUSH) (Single),Generic/Unlisted,8250.0,https://buybetter.ng/product/elmo-baby-orajel-tooth-gum-cleanser-1-0oz-cocomelon-with-toothbrush-single/,BuyBetter,,Lagos
ELTA MD Skincare UV Daily Broad-Spectrum SPF 40 48g,Generic/Unlisted,62500.0,https://buybetter.ng/product/elta-md-skincare-uv-daily-broad-spectrum-48g/,BuyBetter,,Lagos
EOS 24h Moisture (Vanilla Bliss) Shave Cream 207ml,Generic/Unlisted,23650.0,https://buybetter.ng/product/eos-evolution-of-smooth-24h-moisture-vanilla-bliss-shave-cream-207ml/,BuyBetter,,Lagos
EOS Cashmere Body Wash Fresh And Cozy 16oz/473ml,Generic/Unlisted,19135.0,https://buybetter.ng/product/eos-shea-better-cashmere-fresh-cozy-body-wash-473ml/,BuyBetter,,Lagos
EOS Cashmere Shave Oil Fresh And cozy 177ml,Generic/Unlisted,20425.0,https://buybetter.ng/product/eos-evolution-of-smooth-cashmere-shave-oil-fresh-cozy-177ml/,BuyBetter,,Lagos
EOS Evolution Of smooth Cashmere Body Wash Coconut Water 16oz/473ml,Generic/Unlisted,19000.0,https://buybetter.ng/product/eos-shea-better-cashmere-body-wash-coconut-waters-16-oz/,BuyBetter,,Lagos
EOS Evolution Of smooth Cashmere Body Wash Vanilla Cashmere 16oz/473ml,Generic/Unlisted,19000.0,https://buybetter.ng/product/byoma-creamy-jelly-face-cleanser-unscented/,BuyBetter,,Lagos
EOS PINK CHAMPAGNE Shave Oil 177ml,Generic/Unlisted,19000.0,https://buybetter.ng/product/eos-evolution-of-smooth-pink-champagne-body-oil-177ml/,BuyBetter,,Lagos
EOS Shea Better 24H Moisture (Coconut Waters) Lotion 473ml,Generic/Unlisted,18150.0,https://buybetter.ng/product/eos-shea-better-24h-moisture-coconut-waters-lotion-473ml-2/,BuyBetter,,Lagos
EOS Shea Better 24H Moisture (Fresh + Cozy) Lotion 473ml,Generic/Unlisted,18150.0,https://buybetter.ng/product/eos-shea-better-24h-moisture-fresh-cozy-lotion-473ml-2/,BuyBetter,,Lagos
EOS Shea Better 24H Moisture (Pomegranate Raspberry) Lotion 473ml,Generic/Unlisted,18150.0,https://buybetter.ng/product/eos-shea-better-24h-moisture-pomegranate-raspberry-lotion-473ml-2/,BuyBetter,,Lagos
EOS Shea Better Cashmere (Pink Champagne) Body Wash 473ml,Generic/Unlisted,19000.0,https://buybetter.ng/product/eos-shea-better-cashmere-body-wash-pink-champagne-16-oz/,BuyBetter,,Lagos
EOS Shea Butter 24H Moisture (Jasmine Peach) Lotion 473ml,Generic/Unlisted,18150.0,https://buybetter.ng/product/eos-shea-better-24h-moisture-jasmine-peach-lotion-473ml-2/,BuyBetter,,Lagos
EQQUALBERRY Bakuchiol Plumping Cream 100g,Generic/Unlisted,19888.0,https://buybetter.ng/product/eqqualberry-bakuchiol-plumping-cream-100g/,BuyBetter,,Lagos
EQQUALBERRY Bakuchiol Plumping Serum 30ml,Generic/Unlisted,17738.0,https://buybetter.ng/product/eqqualberry-bakuchiol-plumping-serum/,BuyBetter,,Lagos
EQQUALBERRY Vitamin Illuminating Serum 30ml,Generic/Unlisted,17738.0,https://buybetter.ng/product/eqqualberry-vitamin-illuminating-serum-30ml/,BuyBetter,,Lagos
EQQUALBERRY – Purple Rice Pore Smoothng Cleansing Oil 200ml,Generic/Unlisted,19028.0,https://buybetter.ng/product/eqqualberry-purple-pore-smoothing-cleansing-oil-200ml/,BuyBetter,,Lagos
EQQUALBERRY-Swimming Pool Toner 155ml,Generic/Unlisted,12470.0,https://buybetter.ng/product/eqqualberry-swimming-pool-toner-155ml/,BuyBetter,,Lagos
ESTELIN (5D Hyaluronic Acid) Hydrating Face Serum 30ml,Generic/Unlisted,3410.0,https://buybetter.ng/product/estelin-5d-hyaluronic-acid-serum-30ml-2/,BuyBetter,,Lagos
ESTELIN (Rice + Collagen) Firming Face serum 30ml,Generic/Unlisted,3410.0,https://buybetter.ng/product/estelin-rice-collagen-firming-face-serum-30ml/,BuyBetter,,Lagos
ESTELIN (Rosehip Niacinamide) Spots Fading Face Serum 30ml,Generic/Unlisted,3410.0,https://buybetter.ng/product/estelin-rosehip-niacinamide-spots-fading-face-serum-30ml/,BuyBetter,,Lagos
ESTELIN (Tea Tree Oil + Salicylic Acid) Shrink Pores Face Serum 30ml,Generic/Unlisted,3410.0,https://buybetter.ng/product/estelin-tea-tree-oil-salicylic-acid-shrink-pores-face-serum-30ml/,BuyBetter,,Lagos
ESTELIN (Vitamin C + Turmeric) Brightening Face Serum 30ml,Generic/Unlisted,3410.0,https://buybetter.ng/product/estelin-vitamin-c-turmeric-brightening-face-serum-30ml-2/,BuyBetter,,Lagos
ESTELIN ALL IN ONE MULTI-DEFENSE Tinted Sunscreen SPF 100+++ 100g,Generic/Unlisted,3548.0,https://buybetter.ng/product/estelin-all-in-one-multi-defense-tinted-spf-100-sunscreen-100g/,BuyBetter,,Lagos
ESTELIN ALL IN ONE MULTI-DEFENSE Tinted Sunscreen SPF 70+++ 50g,Generic/Unlisted,3548.0,https://buybetter.ng/product/estelin-all-in-one-multi-defense-tinted-sunscreen-spf-70-50g/,BuyBetter,,Lagos
ESTELIN ALPHA ARBUTIN + NIACINAMIDE (Whitening) Cream 7.05 oz 200g,Generic/Unlisted,4485.0,https://buybetter.ng/product/estelin-alpha-arbutin-niacinamide-whitening-cream-7-05-oz-200g/,BuyBetter,,Lagos
ESTELIN B5 Ceramide Repairing Facial Serum 30ml,Generic/Unlisted,3410.0,https://buybetter.ng/product/estelin-b5-ceramide-repairing-facial-serum-30ml-2/,BuyBetter,,Lagos
ESTELIN RETINOL (Collagen Peptides) Age-Defying Toner 13.52 oz 400ml,Generic/Unlisted,4600.0,https://buybetter.ng/product/estelin-retinol-collagen-peptides-age-defying-toner-13-52-oz-400ml/,BuyBetter,,Lagos
ESTELIN Ultra Light Hydrating Invisible Sunscreen SPF 50+++ 50g,Generic/Unlisted,3548.0,https://buybetter.ng/product/estelin-ultra-light-hydrating-invisible-sunscreen-spf-50-50g/,BuyBetter,,Lagos
ESTELIN Ultra Light Hydrating Invisible Sunscreen SPF 80+++ 100g,Generic/Unlisted,3763.0,https://buybetter.ng/product/estelin-ultra-light-hydrating-invisible-sunscreen-spf-80-100g/,BuyBetter,,Lagos
ESTELIN Vitamin C (Turmeric + Hyaluronic Acid) Brightening Toner 13.52 oz 400ml,Generic/Unlisted,4600.0,https://buybetter.ng/product/estelin-vitamin-c-turmeric-hyaluronic-acid-brightening-toner-13-52-oz-400ml/,BuyBetter,,Lagos
ETUDE -Moistfull Collagen Facial Sheet Mask 0.84 oz 25ml,Etude House,5362.0,https://buybetter.ng/product/etude-moistfull-collagen-facial-sheet-mask-0-84-oz-25ml/,BuyBetter,,Lagos
EUCERIN -Dermo Purifyer Oil Control Adjunctive Soothing Cream 50ml,Generic/Unlisted,23586.0,https://buybetter.ng/product/eucerin-dermo-purifyer-oil-control-adjunctive-soothing-cream-50ml/,BuyBetter,,Lagos
EUCERIN -Dermo Purifyer Oil Control Protective Fluid SPF 30++ 50ml,Generic/Unlisted,28219.0,https://buybetter.ng/product/eucerin-dermopurifyer-oil-control-protective-fluid-50ml/,BuyBetter,,Lagos
EUCERIN -Dermo Purifyer Oil Control Skin Renewal Treatment 40ml,Generic/Unlisted,19914.0,https://buybetter.ng/product/eucerin-dermopure-skin-renewal-treatment-40ml/,BuyBetter,,Lagos
EUCERIN -Dermo Purifyer Oil Control Toner 200ml,Generic/Unlisted,21391.0,https://buybetter.ng/product/eucerin-dermo-purifyer-oil-control-toner-200ml/,BuyBetter,,Lagos
EUCERIN -DermoPurifyer Oil Control Triple Effect Serum 40ml,Generic/Unlisted,28540.0,https://buybetter.ng/product/eucerin-dermopurifyer-oil-control-2/,BuyBetter,,Lagos
EUCERIN -Even Pigment Perfector Day Cream SPF 30++ 50ml,Generic/Unlisted,28703.0,https://buybetter.ng/product/eucerin-even-pigment-perfector-day-cream-spf-30-50ml/,BuyBetter,,Lagos
EUCERIN Dermo Purifyer Oil Control Cleansing Gel 200ml,Generic/Unlisted,14319.0,https://buybetter.ng/product/eucerin-dermo-purifyer-oil-control-cleansing-gel-200ml/,BuyBetter,,Lagos
EUCERIN Even Pigment Perfector Dual Serum 30ml,Generic/Unlisted,44075.0,https://buybetter.ng/product/eucerin-even-pigment-perfector-dual-serum-30ml/,BuyBetter,,Lagos
EUCERIN Even Pigment Perfector Night Cream 50ml,Generic/Unlisted,28487.5,https://buybetter.ng/product/eucerin-even-pigment-perfector-night-cream-50ml/,BuyBetter,,Lagos
EUCERIN Oil Control (DRY TOUCH) Sun Gel Cream Ultra-light 50ml,Generic/Unlisted,18770.0,https://buybetter.ng/product/eucerin-oil-control-dry-touch-sun-gel-cream-50ml/,BuyBetter,,Lagos
EUCERIN Photo-Aging Control Anti-Age Sun Fluid 50ml,Generic/Unlisted,19500.0,https://buybetter.ng/product/eucerin-photoaging-control-anti-age-sun-fluid/,BuyBetter,,Lagos
EUCERIN Pigment Control (HYPERPIGMENTATION) Sun Fluid 50ml,Generic/Unlisted,20500.0,https://buybetter.ng/product/eucerin-pigment-control-sun-fluid-50ml/,BuyBetter,,Lagos
EUCERIN Sensitive Protect Sun Lotion SPF 50+ 150ml,Generic/Unlisted,29702.0,https://buybetter.ng/product/eucerin-sensitive-protect-sun-lotion-spf-50-150ml/,BuyBetter,,Lagos
EUCERIN Urea Repair Plus 5% Urea Body Cream 450ml,Generic/Unlisted,28488.0,https://buybetter.ng/product/eucerin-urea-repair-plus-body-cream-450ml/,BuyBetter,,Lagos
EUTHYMOL The UK ORIGINAL TOOTHPASTE 75ml,Generic/Unlisted,9675.0,https://buybetter.ng/product/euthymol-the-uk-original-toothpaste-75ml/,BuyBetter,,Lagos
FACEFACTS Bergamot and Pepper Body Scrub 400g,Generic/Unlisted,5600.0,https://buybetter.ng/product/facefacts-bergamot-and-pepper-body-scrub-400g/,BuyBetter,,Lagos
FACEFACTS Bright + Clear Face Cream 75ml,Generic/Unlisted,7525.0,https://buybetter.ng/product/facefacts-bright-clear-face-cream-75ml/,BuyBetter,,Lagos
FACEFACTS Brown Sugar Body Scrub 400g,Generic/Unlisted,5600.0,https://buybetter.ng/product/facefacts-brown-sugar-body-scrub-400g/,BuyBetter,,Lagos
FACEFACTS CERAMIDE FOAMING CLEANSER 400ML,Generic/Unlisted,6450.0,https://buybetter.ng/product/facefacts-ceramide-foaming-cleanser-400ml/,BuyBetter,,Lagos
FACEFACTS CERAMIDE Oil Control Hydrating Toner 200ml,Generic/Unlisted,5650.0,https://buybetter.ng/product/facefacts-ceramide-oil-control-hydrating-toner-200ml/,BuyBetter,,Lagos
FACEFACTS Ceramide Blemish Clarifying Foaming Cleanser 400ml,Generic/Unlisted,7847.5,https://buybetter.ng/product/facefacts-ceramide-blemish-clarifying-foaming-cleanser-400ml-2/,BuyBetter,,Lagos
FACEFACTS Ceramide Moisturizing Cream 454ml,Generic/Unlisted,7816.0,https://buybetter.ng/product/facefacts-ceramide-moisturizing-cream-454ml-2/,BuyBetter,,Lagos
FACEFACTS Ceramide Moisturizing Gel Cream 50ml,Generic/Unlisted,3655.0,https://buybetter.ng/product/facefacts-ceramide-moisturizing-gel-cream/,BuyBetter,,Lagos
FACEFACTS Firm And Renew Polypeptide Facial Serum 30ml,Generic/Unlisted,3964.0,https://buybetter.ng/product/facefacts-firm-renew-polypeptide-facial-serum-30ml/,BuyBetter,,Lagos
FACEFACTS Firm And Revitalize Collagen Serum 30ml,Generic/Unlisted,3548.0,https://buybetter.ng/product/facefacts-collagen-firm-revitalise-facial-serum-30ml/,BuyBetter,,Lagos
FACEFACTS Kiwi Paradise Body Scrub 400g,Generic/Unlisted,5600.0,https://buybetter.ng/product/facefacts-kiwi-paradise-body-scrub-400g/,BuyBetter,,Lagos
FACEFACTS Lemon Swirl Body Scrub 400g,Generic/Unlisted,5600.0,https://buybetter.ng/product/facefacts-lemon-swirl-body-scrub-400g/,BuyBetter,,Lagos
FACEFACTS Mango Butter Body Scrub 400g,Generic/Unlisted,5600.0,https://buybetter.ng/product/facefacts-mango-butter-body-scrub-400g/,BuyBetter,,Lagos
FACEFACTS Revive And Refresh Hyaluronic Hydrating Facial Serum 30ml,Generic/Unlisted,3548.0,https://buybetter.ng/product/facefacts-hyaluronic-revive-refresh-hydrating-facial-serum-30ml/,BuyBetter,,Lagos
FACEFACTS Salicylic Acid (Restore + Clarify) Facial Serum 30ml,Generic/Unlisted,3200.0,https://buybetter.ng/product/facefacts-salicylic-acid-restore-clarify-facial-serum-30ml/,BuyBetter,,Lagos
FACEFACTS Soothe Glow (Niacinamide) Face Serum 30ml,Generic/Unlisted,3999.0,https://buybetter.ng/product/facefacts-niacinamide-face-serum-30ml/,BuyBetter,,Lagos
FACEFACTS The routine (Superberry Radiance) Serum 30ML,Generic/Unlisted,3870.0,https://buybetter.ng/product/facefact-the-routine-superberry-radiance-serum-50ml/,BuyBetter,,Lagos
FACEFACTS Vitamin C Body Lotion 400ml,Generic/Unlisted,6665.0,https://buybetter.ng/product/face-facts-vitamin-c-body-lotion-400ml-2/,BuyBetter,,Lagos
FACEFACTS Vitamin C Brightening Facial Serum 30ml,Generic/Unlisted,4000.0,https://buybetter.ng/product/facefacts-vitamin-c-brightening-facial-serum-30ml-2/,BuyBetter,,Lagos
FACEFACTS Wonder Cream (Instant Glow Reviver) 50ml,Generic/Unlisted,7525.0,https://buybetter.ng/product/facefacts-wonder-cream-instant-glow-reviver-50ml/,BuyBetter,,Lagos
FARO -SCENTED CANDLES (MINI HEART),Generic/Unlisted,4838.0,https://buybetter.ng/product/faro-scented-candles-mini-heart/,BuyBetter,,Lagos
FEMFRESH Active WASH 250ml,Generic/Unlisted,5913.0,https://buybetter.ng/product/femfresh-intimate-care-active-wash-250ml/,BuyBetter,,Lagos
FEMFRESH DAILY FEMININE WASH 250ml,Generic/Unlisted,5913.0,https://buybetter.ng/product/femfresh-daily-feminine-wash-150ml/,BuyBetter,,Lagos
FEMFRESH Daily Feminine Wash 150ml,Generic/Unlisted,4300.0,https://buybetter.ng/product/femfresh-daily-feminin-wash/,BuyBetter,,Lagos
FEMFRESH Pure And Fresh Feminine (0% Sensitive Wash) 250ml,Generic/Unlisted,5912.25,https://buybetter.ng/product/femfresh-pure-fresh-feminine-wash-250ml/,BuyBetter,,Lagos
FEMFRESH Pure And Fresh Feminine Wash 150ml,Generic/Unlisted,4300.0,https://buybetter.ng/product/femfresh-pure-fresh-feminine-wash-150ml/,BuyBetter,,Lagos
FENTY Skin – Vanilla Flower Body wash 350ml,Generic/Unlisted,64500.0,https://buybetter.ng/product/fenty-skin-vanilla-flower-body-wash-350ml/,BuyBetter,,Lagos
FINE’RY I’m A MUSK Body Mist 150ml,Generic/Unlisted,48053.0,https://buybetter.ng/product/finery-im-a-musk-body-mist-150ml/,BuyBetter,,Lagos
GARNIER -PURE ACTIVE (Vitamin C) Brightening Liquid Care 120ml,Generic/Unlisted,19350.0,https://buybetter.ng/product/garnier-pure-active-vitamin-c-brightening-liquid-care-120ml/,BuyBetter,,Lagos
GARNIER -Pure Active (Tea Tree + Salicylic Acid) Tissue Masks 23g,Generic/Unlisted,3548.0,https://buybetter.ng/product/garnier-pure-active-tea-tree-salicylic-acid-tissue-masks-23g/,BuyBetter,,Lagos
GARNIER BODY -BRIGHT COMPLETE (VITAMIN C Body Serum Lotion) UV 400ml,Generic/Unlisted,8439.0,https://buybetter.ng/product/garnier-body-bright-complete-vitamin-c-body-serum-lotion-uv-400ml-2/,BuyBetter,,Lagos
GARNIER BODY -SAKURA GLOW (Hyaluron Body Serum Lotion) serum milk UV 400ml,Generic/Unlisted,8439.0,https://buybetter.ng/product/garnier-body-sakura-glow-hyaluron-body-serum-lotion-serum-milk-uv-400ml-2/,BuyBetter,,Lagos
GARNIER BODY BRIGHT COMPLETE EXTRA (Brightening And Moisturizing) serum milk UV 400ml,Generic/Unlisted,8439.0,https://buybetter.ng/product/garnier-body-bright-complete-extra-brightening-moisturizing-serum-milk-uv-400ml/,BuyBetter,,Lagos
GARNIER Even And Bright Night Booster Serum 30ml,Generic/Unlisted,14500.0,https://buybetter.ng/product/garnier-even-and-bright-night-booster-serum-30ml/,BuyBetter,,Lagos
GARNIER Even And Matte Dark Spots Corrector 30ml,Generic/Unlisted,6880.0,https://buybetter.ng/product/garnier-even-and-matte-dark-spots-corrector-30ml/,BuyBetter,,Lagos
GARNIER PURE ACTIVE (Salicylic) Skin Perfecting Liquid Care 120ml,Generic/Unlisted,15910.0,https://buybetter.ng/product/garnier-pure-active-salicylic-skin-perfecting-liquid-care-120ml/,BuyBetter,,Lagos
GARNIER SKinactive Micellar Cleansing Water 100ml,Generic/Unlisted,5913.0,https://buybetter.ng/product/garnier-skinactive-micellar-cleansing-water-100ml/,BuyBetter,,Lagos
GARNIER Skin Active Micellar Cleansing Water 400ml,Generic/Unlisted,8815.0,https://buybetter.ng/product/garnier-skin-active-micellar-cleansing-water-400ml/,BuyBetter,,Lagos
GARNIER Vitamin C (Brightening) Day Cream 50ml,Generic/Unlisted,12728.0,https://buybetter.ng/product/garnier-vitamin-c-bright-day-cream-50ml/,BuyBetter,,Lagos
GILLETTE -After Shave Sensitive Skin 75ml,Generic/Unlisted,9675.0,https://buybetter.ng/product/gillette-after-shave-sensitive-skin-75ml/,BuyBetter,,Lagos
GLAMFOX (Rosehip Oil + Hyaluronic) Hydra Nourishing Face Cream 50g,Generic/Unlisted,12578.0,https://buybetter.ng/product/glamfox-roseship-oil-niacinamide-10-hydra-nourishing-cream-50g/,BuyBetter,,Lagos
GLAMFOX -Black Snail Mucin Collagen Cream 50g,Generic/Unlisted,12600.0,https://buybetter.ng/product/glamfox-black-snail-mucin-collagen-cream-50g/,BuyBetter,,Lagos
GLAMFOX -Black Snail Mucin Collagen Mask 23ml (1 Sheet),Generic/Unlisted,2000.0,https://buybetter.ng/product/glamfox-black-snail-mucin-collagen-mask-23ml-1-sheet/,BuyBetter,,Lagos
GLAMFOX Black Snail Mucin Collagen Foam Cleanser 230g,Generic/Unlisted,10200.0,https://buybetter.ng/product/glamfox-black-snail-mucin-collagen-foam-cleanser-230g/,BuyBetter,,Lagos
GLAMFOX Black Snail Mucin Collagen Toner 200ml,Generic/Unlisted,12400.0,https://buybetter.ng/product/glamfox-black-snail-mucin-collagen-toner-200ml/,BuyBetter,,Lagos
GLAMFOX Double Effect (Retinol + Collagen) Eye Cream 30ml,Generic/Unlisted,14190.0,https://buybetter.ng/product/glamfox-double-effect-eye-cream-retinol-collagen-30ml/,BuyBetter,,Lagos
GLAMFOX Double Effect (Retinol + Collagen) Foam Cleanser 120ml,Generic/Unlisted,10965.0,https://buybetter.ng/product/glamfox-double-effect-retinol-collagen-foam-cleanser-120ml/,BuyBetter,,Lagos
GLAMFOX Double Effect (Retinol + Collagen) Serum 50ml,Generic/Unlisted,15588.0,https://buybetter.ng/product/glamfox-retinol-collagen-serum-50ml/,BuyBetter,,Lagos
GLAMFOX Double Effect (Retinol + Collagen) Sleeping Mask 100g,Generic/Unlisted,12500.0,https://buybetter.ng/product/glamfox-double-effect-retinol-collagen-sleeping-mask-100g/,BuyBetter,,Lagos
GLAMFOX Glowing And Moisturizing Rice Niacinamide Mask 23ml (1 sheet),Generic/Unlisted,1935.0,https://buybetter.ng/product/glamfox-rice-glowing-moisturizing-niacinamide-mask-23ml/,BuyBetter,,Lagos
GLAMFOX Glowing And Moisturizing Rice Niacinamide Serum 50ml,Generic/Unlisted,11610.0,https://buybetter.ng/product/glamfox-glowing-moisturizing-rice-niacinamide-serum-50ml/,BuyBetter,,Lagos
GLAMFOX Glowing And Moisturizing Rice Niacinamide Toner Pad (90 pads) 180ml,Generic/Unlisted,14620.0,https://buybetter.ng/product/glamfox-glowing-moisturizing-rice-niacinamide-toner-pad-90-pads-180ml/,BuyBetter,,Lagos
GLAMFOX Ice Aloe Vera Mask 23g (1 Sheet),Generic/Unlisted,1290.0,https://buybetter.ng/product/glamfox-ice-aloe-vera-mask-23g-1-sheet/,BuyBetter,,Lagos
GLAMFOX Rice (Glowing And Moisturizing) Niacinamide Cleansing Oil 200ml,Generic/Unlisted,15706.0,https://buybetter.ng/product/glamfox-rice-glowing-moisturising-niacinamide-cleansing-oil-200ml/,BuyBetter,,Lagos
GLAMFOX Ultra Glowing Vitamin Solution Mask 25g (1 sheets),Generic/Unlisted,1290.0,https://buybetter.ng/product/glamfox-ultra-glowing-vitamin-solution-mask-25g-1-sheets/,BuyBetter,,Lagos
GLAMFOX Ultra Revital Collagen Solution Mask 25g (10 sheets),Generic/Unlisted,1344.0,https://buybetter.ng/product/glamfox-ultra-revital-collagen-solution-mask-25g-1-sheets/,BuyBetter,,Lagos
GLAMFOX Velvety Shiny Hyaluronic And Vitamins Serum 50ml,Generic/Unlisted,15588.0,https://buybetter.ng/product/glamfox-velvety-shiny-hyaluronic-vitamins-serum-50ml/,BuyBetter,,Lagos
GLOW RECIPE Watermelon Glow Niacinamide Dew Drops Serum,Generic/Unlisted,68800.0,https://buybetter.ng/product/glow-recipe-watermelon-glow-niacinamide-dew-drops-serum/,BuyBetter,,Lagos
GLOW RECIPE Watermelon Glow Niacinamide Dewy Flush 12ml,Generic/Unlisted,52675.0,https://buybetter.ng/product/glow-recipe-watermelon-glow-niacinamide-dewy-flush-12ml/,BuyBetter,,Lagos
GLOW RECIPE Watermelon Glow PHA + BHA Pore Tight Toner 150ml,Generic/Unlisted,71488.0,https://buybetter.ng/product/glow-recipe-watermelon-glow-pha-bha-pore-tight-toner-150ml/,BuyBetter,,Lagos
GOOD MOLECULES Daily Brightening Serum,Generic/Unlisted,11997.0,https://buybetter.ng/product/good-molecules-daily-brightening-serum/,BuyBetter,,Lagos
GOOD MOLECULES Discoloration Correcting Serum 30ml,Generic/Unlisted,15749.0,https://buybetter.ng/product/good-molecules-discoloration-serum-30ml/,BuyBetter,,Lagos
GOOD MOLECULES Hyaluronic Acid Serum 30ml,Generic/Unlisted,9890.0,https://buybetter.ng/product/good-molecules-hyaluronic-acid-serum-30ml/,BuyBetter,,Lagos
GOOD MOLECULES Niacinamide serum 30ml,Generic/Unlisted,9890.0,https://buybetter.ng/product/good-molecules-niacinamide-serum-30ml/,BuyBetter,,Lagos
GOOD MOLECULES Overnight Exfoliating Treatment 30ml,Generic/Unlisted,9890.0,https://buybetter.ng/product/good-molecules-overnight-exfoliating-treatment-30ml/,BuyBetter,,Lagos
GUANJING -Peeling (Lavender And Collagen)Whitening And Moisturizing Foot Mask 40g,Generic/Unlisted,2900.0,https://buybetter.ng/product/guanjing-peeling-lavender-and-collagenwhitening-and-moisturizing-foot-mask-40g/,BuyBetter,,Lagos
Gillette – Clear Shield 72hr Sweat Protection (Power Rush) 107g,Generic/Unlisted,14513.0,https://buybetter.ng/product/gillette-clear-shield-sweat-protection-power-rush-72hr-deodorant-antiperspirant-3-8-oz-107g/,BuyBetter,,Lagos
Gillette – Clinical Strength Advanced Solid (Ultimate Fresh) Antiperspirant 73g,Generic/Unlisted,22038.0,https://buybetter.ng/product/gillette-clinical-protection-ultimate-fresh-soft-solid-deodorant-72hr-antiperspirant-2-6-oz-73g/,BuyBetter,,Lagos
HADALABO GokuJyun Premium Hydrating Lotion 170ML,Generic/Unlisted,13900.0,https://buybetter.ng/product/hadalabo-gokujyun-premium-hydrating-lotion-170ml/,BuyBetter,,Lagos
HADALABO Shirojyun Premium Brightening Lotion 170ml,Generic/Unlisted,15910.0,https://buybetter.ng/product/hada-labo-shirojyun-premium-brightening-lotion-170ml-2/,BuyBetter,,Lagos
HARUHARU WONDER Black Rice 10 Hyaluronic Cream 50ml,Haruharu Wonder,11900.0,https://buybetter.ng/product/haruharu-wonder-black-rice-10-hyaluronic-cream-50ml/,BuyBetter,,Lagos
HARUHARU WONDER Black Rice Hyaluronic Toner (For Sensitive Skin) 150ml,Haruharu Wonder,11500.0,https://buybetter.ng/product/haruharu-black-rice-hyaluronic-toner-fragrance-free-150ml/,BuyBetter,,Lagos
HARUHARU WONDER Black Rice Hyaluronic Toner (Fragrance Free) 300ml,Haruharu Wonder,18500.0,https://buybetter.ng/product/haruharu-wonder-black-rice-hyaluronic-toner-fragrance-free-300ml/,BuyBetter,,Lagos
HARUHARU WONDER Black Rice Hyaluronic Toner 150ml,Haruharu Wonder,10900.0,https://buybetter.ng/product/haruharu-wonder-black-rice-hyaluronic-toner-150ml/,BuyBetter,,Lagos
HARUHARU WONDER Black Rice Moisture Airyfit Daily Sunscreen (Unscented) 50ml,Haruharu Wonder,12500.0,https://buybetter.ng/product/haruharu-wonder-black-rice-moisture-airyfit-daily-sunscreen-unscented-50ml/,BuyBetter,,Lagos
HARUHARU WONDER Black Rice Probiotics Barrier Essence(a.k.a Makgeolli) 120ml,Haruharu Wonder,16000.0,https://buybetter.ng/product/haruharu-wonder-black-rice-probiotics-barrier-essencea-k-a-makgeolli-120ml/,BuyBetter,,Lagos
HEIMISH All Clean Gentle Exfoliating AHA/BHA Gel Cleanser 4.39 oz 130ml,Heimish,14083.0,https://buybetter.ng/product/heimish-all-clean-gentle-exfoliating-aha-bha-gel-cleanser-4-39-oz-130ml/,BuyBetter,,Lagos
HEIMISH All Clean White Clay Foam 5.29 oz 150g,Heimish,12012.0,https://buybetter.ng/product/heimish-all-clean-white-clay-foam-5-29-oz-150g/,BuyBetter,,Lagos
HEIMISH All Clean pH 5.5 Green Foam 5.29 oz 150g,Heimish,12012.0,https://buybetter.ng/product/heimish-all-clean-ph-5-5-green-foam-5-29-oz-150g/,BuyBetter,,Lagos
HEIMISH MATCHA BIOME Amino Acne Cleansing Foam 5.29 oz 150g,Heimish,12012.0,https://buybetter.ng/product/heimish-matcha-biome-amino-acne-cleansing-foam-5-29-oz-150g/,BuyBetter,,Lagos
HEIMISH RX AHA + BHA Facial Exfoliator Enzyme 4.39 oz 130g,Heimish,17953.0,https://buybetter.ng/product/heimish-rx-aha-bha-facial-exfoliator-enzyme-4-39-oz-130g/,BuyBetter,,Lagos
HERO -Mighty Patch (The Original) 36 Hydrocolloid Patches,Generic/Unlisted,24725.0,https://buybetter.ng/product/hero-mighty-patch-the-original-36-hydrocolloid-patches/,BuyBetter,,Lagos
HOLIKA HOLIKA -Pure Essence Sheet Mask 0.77 oz 23ml,Generic/Unlisted,5899.0,https://buybetter.ng/product/holika-holika-pure-essence-sheet-mask-0-77-oz-23ml/,BuyBetter,,Lagos
HOLIKA HOLIKA Pure Essence Charcoal Mask Sheet 23ml,Generic/Unlisted,5949.0,https://buybetter.ng/product/holika-holika-pure-essence-charcoal-mask-sheet-23ml/,BuyBetter,,Lagos
HYAAH -Licorice First Essence 6.76 200ml,Generic/Unlisted,19350.0,https://buybetter.ng/product/hyaah-licorice-first-essence-6-76-200ml/,BuyBetter,,Lagos
ILLIYOON Ceramide Ato Concentrate Cream 230ml,Illiyoon,20640.0,https://buybetter.ng/product/illiyoon-ceramide-ato-concentrate-cream-230ml/,BuyBetter,,Lagos
INNISFREE -Cherry Blossom (Brighten + Glow) Glow Jelly Cream 50ml,Innisfree,22100.0,https://buybetter.ng/product/innisfree-cherry-blossom-glow-jelly-cream-brighten-glow-50ml/,BuyBetter,,Lagos
INNISFREE -Green Tea (Hydrate + Soften) Hyaluronic Skin 170ml,Innisfree,19600.0,https://buybetter.ng/product/innisfree-green-tea-hyaluronic-skin-hydrate-soften-170ml/,BuyBetter,,Lagos
INNISFREE -Olive Vitamin E (Moisturize + Nourish) Real Skin 170ml,Innisfree,18800.0,https://buybetter.ng/product/innisfree-olive-vitamin-e-real-skin-moisturize-nourish-170ml/,BuyBetter,,Lagos
INNISFREE -Super Volcanic (Purify + Oil Control) Pore Clay Mask 100ml,Innisfree,18800.0,https://buybetter.ng/product/innisfree-super-volcanic-pore-clay-mask-purify-oil-control/,BuyBetter,,Lagos
INNISFREE -Vitamin C Green Tea Enzyme (Brighten + Refine) Brightening Serum 30ml,Innisfree,35000.0,https://buybetter.ng/product/innisfree-vitamin-c-green-tea-enzyme-brightening-serum-brighten-refine-30ml/,BuyBetter,,Lagos
INTIMATE ROSE BORIC BALANCE 100% Pure 30 Vaginal Suppositories,Generic/Unlisted,26875.0,https://buybetter.ng/product/intimate-rose-boric-balance-30-vaginal-suppositories/,BuyBetter,,Lagos
INTIMATE ROSE Myo And D-Chiro (Inositol Powder) Dietary Supplement 61.5g,Generic/Unlisted,31175.0,https://buybetter.ng/product/intimate-rose-myo-and-d-chiro-inositol-powder-dietary-supplement-61-5g/,BuyBetter,,Lagos
INTIMATE ROSE Vitex (Chasteberry) 60Vegetarian Capsules,Generic/Unlisted,26875.0,https://buybetter.ng/product/intimate-rose-vitex-chasteberry-60-vegeterian-capsules/,BuyBetter,,Lagos
ISISPHARMA -Neotone Radiance SPF 50+ 30ml,Generic/Unlisted,43215.0,https://buybetter.ng/product/isispharma-neotone-radiance-spf-50-30ml/,BuyBetter,,Lagos
ISISPHARMA -Teen Derm Alpha -Pure 30ml,Generic/Unlisted,19565.0,https://buybetter.ng/product/isispharma-teen-derm-alpha-pure-30ml/,BuyBetter,,Lagos
ISISPHARMA -Uveblock SPF 50+ Glow Serum 28ml,Generic/Unlisted,43215.0,https://buybetter.ng/product/isispharma-uveblock-spf-50-glow-serum-28ml/,BuyBetter,,Lagos
ISNTREE C-NIACIN TONING AMPOULE_50ml,Isntree,17953.0,https://buybetter.ng/product/isntree-c-niacin-toning-ampoule_50ml/,BuyBetter,,Lagos
ISNTREE GREEN TEA FRESH CLEANSER_120ml,Isntree,11500.0,https://buybetter.ng/product/isntree-green-tea-fresh-cleanser_120ml/,BuyBetter,,Lagos
ISNTREE HYALURONIC ACID MOIST CREAM 100ml,Isntree,13500.0,https://buybetter.ng/product/isntree-hyaluronic-acid-moist-cream-100ml/,BuyBetter,,Lagos
ISNTREE Hyper Niacinamide 20 Serum 20ml,Isntree,15000.0,https://buybetter.ng/product/isntree-hyper-niacinamide-20-serum-20ml/,BuyBetter,,Lagos
ISNTREE Hyper Vitamin C 23 Serum 20ml,Isntree,16000.0,https://buybetter.ng/product/isntree-hyper-vitamin-c-23-serum-20ml/,BuyBetter,,Lagos
ISNTREE ULTRA LOW MOLECULAR HYALURONIC ACID SERUM 50ml,Isntree,16000.0,https://buybetter.ng/product/isntree-ultra-low-molecular-hyaluronic-acid-serum_50ml/,BuyBetter,,Lagos
"Intimate Rose Myo and D – Chiro Inositol, 120 Vegeterian Capsules",Generic/Unlisted,31175.0,https://buybetter.ng/product/intimate-rose-myo-and-d-chiro-inositol-120-vegeterian-capsules/,BuyBetter,,Lagos
I’M FROM RICE CREAM 15ml,Generic/Unlisted,7848.0,https://buybetter.ng/product/im-from-rice-cream-15ml/,BuyBetter,,Lagos
I’M FROM Rice Toner,Generic/Unlisted,14900.0,https://buybetter.ng/product/im-from-rice-toner/,BuyBetter,,Lagos
JUMISO Anti-Oxidant Glow Facial Essence (Intense Radiance) 40ml,Jumiso,22897.5,https://buybetter.ng/product/jumiso-anti-oxidant-glow-facial-essence-intense-radiance-40ml/,BuyBetter,,Lagos
JUMISO Blackhead Melting Softline Special Kit 150ml,Jumiso,16232.5,https://buybetter.ng/product/jumiso-blackhead-melting-softline-special-kit-150ml/,BuyBetter,,Lagos
JUMISO Niacinamide 20% Serum 40ml,Jumiso,13500.0,https://buybetter.ng/product/jumiso-niacinamide-20-serum-40ml/,BuyBetter,,Lagos
KELL Nail Set,Generic/Unlisted,2500.0,https://buybetter.ng/product/kell-nail-set/,BuyBetter,,Lagos
KERACARE Dry And Itchy Conditioner 950ml,Generic/Unlisted,38485.0,https://buybetter.ng/product/keracare-no2-dry-and-itchy-scalp-anti-dandruff-moisturizing-conditioner-950ml/,BuyBetter,,Lagos
KERACARE Dry And Itchy Shampoo 950ml,Generic/Unlisted,35474.0,https://buybetter.ng/product/keracare-no1-dry-and-itchy-scalp-anti-dandruff-moisturizing-shampoo-950ml/,BuyBetter,,Lagos
KIKO FAMILY Beauty Blogger Soft Cotton Pads (200pcs),Generic/Unlisted,5400.0,https://buybetter.ng/product/kiko-family-beauty-blogger-soft-cotton-pads-200pcs/,BuyBetter,,Lagos
KIRKLAND -Vitamin E 180mg (400 IU) Di Alpha E Dietary Supplements (500 softgels),Generic/Unlisted,37625.0,https://buybetter.ng/product/kirkland-vitamin-e-180mg-400-iu-di-alpha-e-dietary-supplements-500-softgels/,BuyBetter,,Lagos
KOJI WHITE Bright Booster Underarm Serum 30ml,Generic/Unlisted,15964.0,https://buybetter.ng/product/koji-white-bright-booster-underarm-serum-30ml/,BuyBetter,,Lagos
KOJI WHITE Kojic Acid Dark Spot Correcting Soap 100g 2bars,Generic/Unlisted,15265.0,https://buybetter.ng/product/koji-white-kojic-acid-dark-spot-correcting-soap-100g-2bars/,BuyBetter,,Lagos
KOJIE SAN  Skin Lightening Facial Wash 100g,Generic/Unlisted,7000.0,https://buybetter.ng/product/kojie-san-skin-lightening-facial-wash-100g/,BuyBetter,,Lagos
KOJIE SAN  Skin Lightening Super Serum Niacinamide + Kojic Acid 30ml,Generic/Unlisted,18000.0,https://buybetter.ng/product/kojie-san-skin-lightening-super-serum-niacinamide-kojic-acid-30ml/,BuyBetter,,Lagos
KOJIE SAN -Skin lightening SPF 25 (hydro moist) body lotion 250g,Generic/Unlisted,13500.0,https://buybetter.ng/product/kojie-san-skin-lightening-spf-25-hydro-moist-body-lotion-250g/,BuyBetter,,Lagos
KOJIE SAN Skin Lightening Classic Soap 100g x3,Generic/Unlisted,6500.0,https://buybetter.ng/product/kojie-san-skin-lightening-classic-soap-100g-x3/,BuyBetter,,Lagos
KOJIE SAN Zero Pigment Light Single 135g,Generic/Unlisted,4000.0,https://buybetter.ng/product/kojie-san-zero-pigment-light-single-135g/,BuyBetter,,Lagos
KUMANO YUSHI HATOMUGI Refined White (Moisturizing And Facial Washing) Facial Wash 170g,Generic/Unlisted,6988.0,https://buybetter.ng/product/kumano-yushi-hatomugi-refined-white-moisturizing-facial-washing-facial-wash-170g/,BuyBetter,,Lagos
KUMANO YUSHI HATOMUGI Refined White (UV Care And Tone-up) UV Milky Gel SPF31 PA+++ 250ml,Generic/Unlisted,11825.0,https://buybetter.ng/product/kumano-yushi-hatomugi-refined-white-tone-up-uv-milky-gel-spf31-pa-250ml/,BuyBetter,,Lagos
KUMANO YUSHI REIHAKU Hatomugi UV Milky Gel SPF 50++ 80g,Generic/Unlisted,9138.0,https://buybetter.ng/product/kumano-yushi-reihaku-hatomugi-uv-milky-gel-spf-50-80g/,BuyBetter,,Lagos
KUMANO YUSHI REIHAKU Hatomugi White (UV Care And Moisturizing) UV Milky Gel SPF 31 PA+++ 250ml,Generic/Unlisted,11718.0,https://buybetter.ng/product/kumano-yushi-reihaku-hatomugi-white-uv-care-moisturizing-uv-milky-gel-spf-31-pa-250ml/,BuyBetter,,Lagos
KUMANO YUSHI REIHAKU Hatomugi White (UV Care And Moisturizing) UV Milky Gel SPF 50 PA+++ 250ml,Generic/Unlisted,11503.0,https://buybetter.ng/product/reihaku-hatomugi-uv-milky-gel-spf-50-250ml/,BuyBetter,,Lagos
KUU SPA TURMERIC SALT SCRUB BATH 450ML,Generic/Unlisted,3870.0,https://buybetter.ng/product/kuu-spa-turmeric-salt-scrub-bath-450ml/,BuyBetter,,Lagos
Klairs Freshly Juiced Vitamin Essence Toner 30ml,Dear Klairs,13438.0,https://buybetter.ng/product/klairs-freshly-juiced-vitamin-essence-toner-30ml/,BuyBetter,,Lagos
Klairs Freshly Juiced Vitamin Mask Cleanser 20ml,Dear Klairs,7848.0,https://buybetter.ng/product/klairs-freshly-juiced-vitamin-mask-cleanser-20ml/,BuyBetter,,Lagos
Klairs Midnight Blue Clearing Water Cream 20g,Dear Klairs,10965.0,https://buybetter.ng/product/klairs-midnight-blue-clearing-water-gel-cream-20g/,BuyBetter,,Lagos
Kojivit Ultra Gel 30g,Generic/Unlisted,10750.0,https://buybetter.ng/product/kojivit-ultra-gel-30g/,BuyBetter,,Lagos
LA ROCHE-POSAY Anthelios Invisible SPF50+ Spray 200ml,Generic/Unlisted,29348.0,https://buybetter.ng/product/la-roche-posay-anthelios-invisible-spray-spf50-200ml/,BuyBetter,,Lagos
LA ROCHE-POSAY EFFACLAR MAT 40ML,Generic/Unlisted,18597.5,https://buybetter.ng/product/la-roche-posay-effaclar-mat-40ml/,BuyBetter,,Lagos
LA ROCHE-POSAY TOLERIANE CLEANSER (Dermo-Nettoyant) 400ml,Generic/Unlisted,35475.0,https://buybetter.ng/product/la-roche-posay-toleriane-cleanser-dermo-nettoyant-400ml/,BuyBetter,,Lagos
LEMME CURB Cravings Support Soft Chews Dietary Supplement 30 Wrapped Chews,Generic/Unlisted,50525.0,https://buybetter.ng/product/lemme-curb-cravings-support-soft-chews-dietary-supplement-30-wrapped-chews/,BuyBetter,,Lagos
LEMME DEBLOAT Daily Digestive Enzymes,Generic/Unlisted,55040.0,https://buybetter.ng/product/lemme-debloat-daily-digestive-enzymes/,BuyBetter,,Lagos
LEMME GROW Hair Growth Soft Chews 30 wrapped Chew,Generic/Unlisted,69768.0,https://buybetter.ng/product/lemme-grow-hair-growth-soft-chews-30-wrapped-chew/,BuyBetter,,Lagos
LEMME MATCHA Energy B12 Dietary Supplement 60Gummies,Generic/Unlisted,55040.0,https://buybetter.ng/product/lemme-matcha-energy-b12-dietary-supplement-60gummies/,BuyBetter,,Lagos
LEMME MULTI Women’s Daily Dietary Supplement 60Gummies,Generic/Unlisted,55040.0,https://buybetter.ng/product/lemme-multi-womens-daily-dietary-supplement-60gummies/,BuyBetter,,Lagos
LEMME PURR Vaginal Prebiotic Gummies Dietary Supplements (60gummies),Generic/Unlisted,55040.0,https://buybetter.ng/product/lemme-purr-vaginal-probiotic-gummies/,BuyBetter,,Lagos
LEMME Sleep Tight Gummies 60 gummies,Generic/Unlisted,55040.0,https://buybetter.ng/product/lemme-sleep-sleep-tight-gummies-dietary-supplement-60gummies/,BuyBetter,,Lagos
LEMME TONE Daily Metabolism Gummies (Vitamin B12 And Ginger) 60 Dietary Supplement Gummies,Generic/Unlisted,55040.0,https://buybetter.ng/product/lemme-tone-daily-metabolism-gummies-vitamin-b12-and-ginger-60-dietary-supplement-gummies/,BuyBetter,,Lagos
LIPKISS -Lip Sleeping Mask 20g,Generic/Unlisted,9460.0,https://buybetter.ng/product/lipkiss-lip-sleeping-mask-20g/,BuyBetter,,Lagos
LISTERINE Cool Mint Antiseptic Antiaging/Antiplaque Mouth Wash 95ml,Generic/Unlisted,10213.0,https://buybetter.ng/product/listerine-cool-mint-antiseptic-antiaging-antiplaque-mouth-wash-95ml/,BuyBetter,,Lagos
LISTERINE Total Care Anticavity Flouride Mouth Wash 95ml,Generic/Unlisted,7955.0,https://buybetter.ng/product/listerine-total-care-anticavity-flouride-mouth-wash-95ml/,BuyBetter,,Lagos
LUVUM -Bamboo Hyaluronic Moisture Sun Cream SPF 50+ PA+++ 30ml,Generic/Unlisted,13115.0,https://buybetter.ng/product/bamboo-hyaluronic-moisture-suncream-30ml/,BuyBetter,,Lagos
LUX -BOTANICALS Bright Skin (Sunflower And Aloe Vera) Body Wash 450ml,Generic/Unlisted,8815.0,https://buybetter.ng/product/lux-botanicals-bright-skin-sunflower-aloe-vera-body-wash-450ml/,BuyBetter,,Lagos
LUX -BOTANICALS Skin Detox (Freesia And Tea Tree Oil) Body Wash 450ml,Generic/Unlisted,8815.0,https://buybetter.ng/product/lux-botanicals-skin-detox-freesia-tea-tree-oil-body-wash-450ml/,BuyBetter,,Lagos
MACLEANS Fresh Mint Toothpaste 100ml,Generic/Unlisted,3978.0,https://buybetter.ng/product/macleans-fresh-mint-toothpaste-100m/,BuyBetter,,Lagos
MACLEANS White And Shine Toothpaste 100ml,Generic/Unlisted,3978.0,https://buybetter.ng/product/macleans-white-and-shine-toothpaste-100m/,BuyBetter,,Lagos
MARIO BADESCU Drying Lotion 29ml,Generic/Unlisted,37625.0,https://buybetter.ng/product/mario-badescu-drying-lotion-29ml/,BuyBetter,,Lagos
MARY AND MAY Hyaluronic Serum 80ml,Generic/Unlisted,15588.0,https://buybetter.ng/product/mary-and-may-hyaluronic-serum-80ml/,BuyBetter,,Lagos
MARY AND MAY Niacinamide + Chaenomeles Sinensis Serum 10ml,Generic/Unlisted,10750.0,https://buybetter.ng/product/mary-and-may-niacinamide-chaenomeles-sinensis-serum-10ml/,BuyBetter,,Lagos
MARY And MAY Marine Collagen (Youth And Glow) Serum 1.01 oz 30ml,Generic/Unlisted,11000.0,https://buybetter.ng/product/mary-may-marine-collagen-youth-glow-serum-1-01-oz-30ml/,BuyBetter,,Lagos
MARY And MAY Niacinamide + Chaenomeles Sinesis Serum 1.01 oz 30ml,Generic/Unlisted,11500.0,https://buybetter.ng/product/mary-may-niacinamide-chaenomeles-sinensis-serum-1-01-oz-30ml/,BuyBetter,,Lagos
MARY And MAY Peptide Bakuchiol SPF50++ PA+++Sun Stick 0.63 oz 18g,Generic/Unlisted,15500.0,https://buybetter.ng/product/mary-may-peptide-bakuchiol-spf50-pasun-stick-0-63-oz-18g/,BuyBetter,,Lagos
MARY And MAY Rose Collagen Mist Serum 3.38 oz 100ml,Generic/Unlisted,16500.0,https://buybetter.ng/product/mary-may-rose-collagen-mist-serum-3-38-oz-100ml/,BuyBetter,,Lagos
MARY and MAY -CICA Tea Tree AHA PHA Blemish Toner 6.76 oz 200ml,Generic/Unlisted,21767.0,https://buybetter.ng/product/mary-may-cica-tea-tree-aha-pha-blemish-toner-6-76-oz-200ml/,BuyBetter,,Lagos
MEDICUBE -Red serum 30ml,Generic/Unlisted,16770.0,https://buybetter.ng/product/medicube-red-serum-30ml/,BuyBetter,,Lagos
MEDICUBE -Soymint Scaling Shampoo 490ml,Generic/Unlisted,17830.0,https://buybetter.ng/product/medicube-soymint-scaling-shampoo-490ml/,BuyBetter,,Lagos
MEDICUBE AGE-R Glutathione Glow Capsule Cream 50ml,Generic/Unlisted,17415.0,https://buybetter.ng/product/medicube-age-r-glutathione-glow-capsule-cream/,BuyBetter,,Lagos
MEDICUBE Collagen Glow Booster Serum 15ml,Generic/Unlisted,22575.0,https://buybetter.ng/product/medicube-collagen-glow-booster-serum-15ml/,BuyBetter,,Lagos
MEDICUBE Collagen Night Wrapping Mask 75ml,Generic/Unlisted,17501.0,https://buybetter.ng/product/medicube-collagen-night-wrapping-mask-75ml/,BuyBetter,,Lagos
MEDICUBE DEEP VITA C 14.5% AMPOULE 3-in-1,Generic/Unlisted,25478.0,https://buybetter.ng/product/medicube-deep-vita-c-ampoule-2/,BuyBetter,,Lagos
MEDICUBE EGF Firming Serum 30ml,Generic/Unlisted,14900.0,https://buybetter.ng/product/medicube-egf-firming-serum-30ml/,BuyBetter,,Lagos
MEDICUBE Exosome CICA Toner 210ml,Generic/Unlisted,20359.0,https://buybetter.ng/product/medicube-exosome-cica-toner-210ml/,BuyBetter,,Lagos
MEDICUBE Glutathione Glow Serum 30ml,Generic/Unlisted,14900.0,https://buybetter.ng/product/medicube-age-r-glutathione-glow-serum-30ml/,BuyBetter,,Lagos
MEDICUBE Hypochlorous Acid Daily Facial Spray 125ml,Generic/Unlisted,17000.0,https://buybetter.ng/product/medicube-hypochlorous-acid-daily-facial-spray-125ml/,BuyBetter,,Lagos
MEDICUBE KOJIC ACID TURMERIC BRIGHTENING GEL MASK (1 sheet),Generic/Unlisted,7000.0,https://buybetter.ng/product/medicube-kojic-acid-turmeric-brightening-gel-mask-4ea/,BuyBetter,,Lagos
MEDICUBE Kojic Acid Turmeric Niacinamide Serum 30ml,Generic/Unlisted,15000.0,https://buybetter.ng/product/medicube-kojic-acid-turmeric-niacinamide-serum-30ml/,BuyBetter,,Lagos
MEDICUBE Kojic Acid Turmeric Night Wrapping Mask 75ml,Generic/Unlisted,17630.0,https://buybetter.ng/product/medicube-kojic-acid-turmeric-night-wrapping-mask-75ml/,BuyBetter,,Lagos
MEDICUBE Kojic Acid Turmeric Resurfacing Toner 250ml,Generic/Unlisted,13900.0,https://buybetter.ng/product/medicube-kojic-acid-turmeric-resufacing-toner-250ml/,BuyBetter,,Lagos
MEDICUBE One Day Exosome Shot 2000 30ml,Generic/Unlisted,21016.0,https://buybetter.ng/product/medicube-one-day-exosome-shot-2000-30ml/,BuyBetter,,Lagos
MEDICUBE One Day Exosome Shot Pore Serum 7500 30ml,Generic/Unlisted,24725.0,https://buybetter.ng/product/medicube-one-day-exosome-shot-pore-serum-7500-30ml/,BuyBetter,,Lagos
MEDICUBE PDRN Pink Collagen Volume Multi Balm 10g,Generic/Unlisted,16900.0,https://buybetter.ng/product/medicube-pdrn-pacink-collagen-volume-multi-balm-10g/,BuyBetter,,Lagos
MEDICUBE PDRN Pink Glutathione Serum Mist 100ml,Generic/Unlisted,19888.0,https://buybetter.ng/product/medicube-pdrn-pink-glutathione-serum-mist-100ml/,BuyBetter,,Lagos
MEDICUBE PDRN Pink Niacinamide Whip Cleanser 120g,Generic/Unlisted,14000.0,https://buybetter.ng/product/medicube-pdrn-pink-niacinamide-whip-cleanser-120g/,BuyBetter,,Lagos
MEDICUBE PDRN Sleeping Mask 10g,Generic/Unlisted,12500.0,https://buybetter.ng/product/medicube-pdrn-sleeping-mask-10g/,BuyBetter,,Lagos
MEDICUBE Red Acne (AHA|BHA|PHA| Niacinamide) Body Wash 400g,Generic/Unlisted,22790.0,https://buybetter.ng/product/medicube-red-acne-body-wash-ahabhapha-niacinamide-400g/,BuyBetter,,Lagos
MEDICUBE Red Acne Succinic Acid Peel 40g,Generic/Unlisted,21715.0,https://buybetter.ng/product/medicube-red-acne-succinic-acid-peel-40g/,BuyBetter,,Lagos
MEDICUBE Red Clear Cica Body Scrub,Generic/Unlisted,16985.0,https://buybetter.ng/product/medicube-red-clear-cica-body-scrub/,BuyBetter,,Lagos
MEDICUBE Red Cream Plus 100ml,Generic/Unlisted,19350.0,https://buybetter.ng/product/medicube-red-cream-plus-100ml/,BuyBetter,,Lagos
MEDICUBE Red Erasing cream 100ml,Generic/Unlisted,22302.0,https://buybetter.ng/product/medicube-red-erasing-cream-100ml/,BuyBetter,,Lagos
MEDICUBE Red Erasing cream 50ml,Generic/Unlisted,19046.0,https://buybetter.ng/product/medicube-red-erasing-cream-50ml/,BuyBetter,,Lagos
MEDICUBE Red Foam Cleanser 230ml,Generic/Unlisted,19046.0,https://buybetter.ng/product/medicube-red-foam-cleanser-230ml/,BuyBetter,,Lagos
MEDICUBE Red Foaming Cleanser 120ml,Generic/Unlisted,16731.0,https://buybetter.ng/product/medicube-red-foaming-cleanser-120ml/,BuyBetter,,Lagos
MEDICUBE Red Serum Plus 55ml,Generic/Unlisted,19135.0,https://buybetter.ng/product/medicube-red-serum-plus-55ml/,BuyBetter,,Lagos
MEDICUBE Red Succinic Acid Niacinamide Serum 30ml,Generic/Unlisted,20202.0,https://buybetter.ng/product/medicube-red-succinic-acid-niacinamide-serum/,BuyBetter,,Lagos
MEDICUBE Red Toner 100ml,Generic/Unlisted,17888.0,https://buybetter.ng/product/medicube-red-toner-100ml/,BuyBetter,,Lagos
MEDICUBE Retinol NMN Boosting Serum 30ml,Generic/Unlisted,15000.0,https://buybetter.ng/product/medicube-retinol-nmn-boosting-serum-30ml/,BuyBetter,,Lagos
MEDICUBE TXA + 5% Niacinamide Capsule Cream 55g,Generic/Unlisted,19135.0,https://buybetter.ng/product/medicube-txa-5-niacinamide-capsule-cream-55g/,BuyBetter,,Lagos
MEDICUBE Zero Foam Cleanser 120ml,Generic/Unlisted,18813.0,https://buybetter.ng/product/medicube-zero-foam-cleanser-120ml/,BuyBetter,,Lagos
MEDICUBE Zero Pore Black Head Mud Mask 100g,Generic/Unlisted,13975.0,https://buybetter.ng/product/medicube-zero-pore-black-head-mud-mask-100g/,BuyBetter,,Lagos
MEDICUBE Zero Pore One Day Peptide Serum 30ml,Generic/Unlisted,14900.0,https://buybetter.ng/product/medicube-zero-pore-one-day-peptide-serum-30ml/,BuyBetter,,Lagos
MEDICUBE Zero Pore One Day Serum 30ml,Generic/Unlisted,13975.0,https://buybetter.ng/product/medicube-zero-pore-one-day-serum-30ml/,BuyBetter,,Lagos
MEDICUBE Zero Pore Toner 250ml,Generic/Unlisted,13438.0,https://buybetter.ng/product/medicube-zero-pore-toner-250g/,BuyBetter,,Lagos
MEDICUBE- Collagen Lifting Mask 27g (1 Sheet),Generic/Unlisted,6020.0,https://buybetter.ng/product/medicube-collagen-lifting-mask-27g-1-sheet/,BuyBetter,,Lagos
MEDIX -5.5 Hyaluronic + Cica Extract (Body Treatment Cream) 444ml,Generic/Unlisted,18490.0,https://buybetter.ng/product/medix-55-hyaluronic-cica-extract-body-treatment-cream-444ml/,BuyBetter,,Lagos
MEDIX 5.5 Argan Oil + Vitamin E (Body Treatment Cream) 444ml,Generic/Unlisted,18490.0,https://buybetter.ng/product/medix-55-argan-oil-vitamin-e-body-treatment-cream-444-ml/,BuyBetter,,Lagos
MEDIX 5.5 Collagen + Peptides (Age Control Moisturizer) 444ml,Generic/Unlisted,17400.0,https://buybetter.ng/product/medix-55-collagen-peptides-age-control-moisturizer-444ml/,BuyBetter,,Lagos
MEDIX 5.5 Collagen Peptides (PLUMP + LIFT) Body Cream 444ml,Generic/Unlisted,18490.0,https://buybetter.ng/product/medix-5-5-collagen-peptides-plump-lift-body-cream-444ml/,BuyBetter,,Lagos
MEDIX 5.5 Niacinamide (Body Treatment Cream) 444ml,Generic/Unlisted,17400.0,https://buybetter.ng/product/medix-5-5-niacinamide-body-treatment-cream-444ml/,BuyBetter,,Lagos
MEDIX 5.5 Retinol + Ferulic Acid (Anti-Sagging Treatment) 444ml,Generic/Unlisted,17400.0,https://buybetter.ng/product/medix-55-retinol-ferulic-acid-anti-sagging-treatment-444ml/,BuyBetter,,Lagos
MEDIX 5.5 Vitamin C + Turmeric Cream 444ml,Generic/Unlisted,17400.0,https://buybetter.ng/product/medix-55-vitamin-c-turmeric-cream-444ml/,BuyBetter,,Lagos
MENARINI A-Ret Tretinoin 0.025% Gel 20g,Generic/Unlisted,4408.0,https://buybetter.ng/product/menarini-a-ret-tretinoin-0-025-gel-20g/,BuyBetter,,Lagos
MENARINI A-Ret Tretinoin 0.05% Gel 20g,Generic/Unlisted,5531.0,https://buybetter.ng/product/menarini-a-ret-tretinoin-0-05-gel-20g/,BuyBetter,,Lagos
MERGE -Mandelic Urea Body Lotion,Generic/Unlisted,23000.0,https://buybetter.ng/product/merge-skincare-mandelic-acid-lactic-acid-urea-brightening-body-lotion-250ml/,BuyBetter,,Lagos
MERGE – Retinol Smoothing Body Lotion 250ml,Generic/Unlisted,23000.0,https://buybetter.ng/product/merge-retinol-smoothing-body-lotion-250ml/,BuyBetter,,Lagos
METHOD BODY -(Cucumber + seaweed + green tea) Daily Zen Body Wash 18 oz 532ml,Generic/Unlisted,18813.0,https://buybetter.ng/product/method-body-cucumber-seaweed-green-tea-daily-zen-body-wash-18-oz-532ml/,BuyBetter,,Lagos
MISSHA Airy Fit (Cucumber) Sheet Mask 19g,Missha,3850.0,https://buybetter.ng/product/missha-airy-fit-cucumber-sheet-mask-19g/,BuyBetter,,Lagos
MISSHA Airy Fit (Lemon) Sheet Mask 19g,Missha,3850.0,https://buybetter.ng/product/missha-airy-fit-lemon-sheet-mask-19g/,BuyBetter,,Lagos
MISSHA Airy Fit (Potato) Sheet Mask 19g,Missha,3850.0,https://buybetter.ng/product/missha-airy-fit-potato-sheet-mask-19g/,BuyBetter,,Lagos
MISSHA All Around Safe Block Aqua Sun SPF50+ PA+++ 50ml,Missha,9800.0,https://buybetter.ng/product/missha-all-around-safe-block-aqua-sun-spf50-pa-new-50ml/,BuyBetter,,Lagos
MISSHA ESSENCE All Around Safe Block Essence Sun SPF45 PA+++ 50ml,Missha,11900.0,https://buybetter.ng/product/missha-essence-all-around-safe-block-sun-spf45-pa-50ml/,BuyBetter,,Lagos
MISSHA Mascure Whitening Solution Sheet Mask,Missha,4193.0,https://buybetter.ng/product/missha-mascure-whitening-solution-sheet-mask/,BuyBetter,,Lagos
MISSHA Red Ginseng Airy Fit Sheet Mask,Missha,3763.0,https://buybetter.ng/product/missha-red-ginseng-airy-fit-sheet-mask/,BuyBetter,,Lagos
MISSHA Super Aqua 10 Hyaluronic Acid Foaming Cleanser 6.76 oz 200ml,Missha,10000.0,https://buybetter.ng/product/missha-super-aqua-10-hyaluronic-acid-ultra-hyalron-foaming-cleanser-6-76-oz-200ml/,BuyBetter,,Lagos
MISSHA Super Aqua 10 Hyaluronic Acid Ultra Hyalron Peeling Gel 3.38 oz 100ml,Missha,10500.0,https://buybetter.ng/product/missha-super-aqua-10-hyaluronic-acid-ultra-hyalron-peeling-gel-3-38-oz-100ml/,BuyBetter,,Lagos
MISSHA Super Aqua Ultra Hyaluron Balm Cream Original 70ml,Missha,20425.0,https://buybetter.ng/product/missha-super-aqua-ultra-hyaluron-balm-cream-original-70ml/,BuyBetter,,Lagos
MISSHA Super Aqua Ultra Hyaluron Gel Cream 70ml,Missha,20425.0,https://buybetter.ng/product/missha-super-aqua-ultra-hyaluron-gel-cream-70ml/,BuyBetter,,Lagos
MISSHA VITA C Ascorbic Acid Clear Complexion Foaming Cleanser 4.05 oz 120ml,Missha,10900.0,https://buybetter.ng/product/missha-vita-c-ascorbic-acid-clear-complexion-foaming-cleanser-4-05-oz-120ml/,BuyBetter,,Lagos
MIXSOON -Bean Essence 1.01 oz 30ml,Mixsoon,15587.5,https://buybetter.ng/product/mixsoon-bean-essence-30ml/,BuyBetter,,Lagos
MIXSOON -Bean Essence 50ml,Mixsoon,15587.5,https://buybetter.ng/product/mixsoon-bean-essence-50ml/,BuyBetter,,Lagos
MIXSOON -Soondy Centella Asiatica Essence 100ml,Mixsoon,27950.0,https://buybetter.ng/product/mixsoon-soondy-centella-asiatica-essence-100ml/,BuyBetter,,Lagos
MIZON -SNAIL REPAIRING FOAM CLEANSER 60ML,Generic/Unlisted,9568.0,https://buybetter.ng/product/mizon-snail-repairing-foam-cleanser/,BuyBetter,,Lagos
MIZON PHYTO PLUMP COLLAGEN TONER 150ML,Generic/Unlisted,19135.0,https://buybetter.ng/product/mizon-phyto-plump-collagen-toner-150ml/,BuyBetter,,Lagos
MIZON SNAIL RECOVERY GEL CREAM 45ML,Generic/Unlisted,12040.0,https://buybetter.ng/product/mizon-snail-recovery-gel-cream-45ml/,BuyBetter,,Lagos
MIZON SNAIL REPAIR INTENSIVE TONER 100ML,Generic/Unlisted,17200.0,https://buybetter.ng/product/mizon-snail-repair-intensive-toner-100ml/,BuyBetter,,Lagos
MIZON- Rice Real Cleansing Foam,Generic/Unlisted,11300.0,https://buybetter.ng/product/mizon-rice-real-cleansing-foam/,BuyBetter,,Lagos
MONISTAT 7 -Vaginal Antifungal Combination Pack (45g tube + 15g tube + 7 applicators),Generic/Unlisted,21608.0,https://buybetter.ng/product/monistat-7-miconazole-nitrate-vaginal-cream-2-vaginal-antifungal-1-59-oz-45g/,BuyBetter,,Lagos
MUSTELA Diaper Cream(Bio Organic Olive Oil) 75ml,Generic/Unlisted,35475.0,https://buybetter.ng/product/mustela-diaper-creambio-organic-olive-oil-75ml/,BuyBetter,,Lagos
MUSTELA Gentle Cleansing Gel (Hair And Body) 50ml,Generic/Unlisted,37625.0,https://buybetter.ng/product/mustela-gentle-cleansing-gel-hair-and-body-50ml/,BuyBetter,,Lagos
MUSTELA No Rinse Cleansing Water(With Avocado) 50ml,Generic/Unlisted,37625.0,https://buybetter.ng/product/mustela-no-rinse-cleansing-waterwith-avocado-50ml/,BuyBetter,,Lagos
MUSTELA Stelatopia Cleansing Gel (Anti-Tightness) 200ml,Generic/Unlisted,47300.0,https://buybetter.ng/product/mustela-stelatopia-cleansing-gel-anti-tightness-200ml/,BuyBetter,,Lagos
MUSTELA Vitamin Barrier Cream (Skin Discomfort),Generic/Unlisted,29240.0,https://buybetter.ng/product/mustela-vitamin-barrier-cream-skin-discomfort/,BuyBetter,,Lagos
MacGregor All‑in‑One Brightening Cream 150ml,Generic/Unlisted,17105.0,https://buybetter.ng/product/macgregor-all-in-one-brightening-cream-150ml/,BuyBetter,,Lagos
MacGregor All‑in‑One Brightening Cream 60ml,Generic/Unlisted,10691.0,https://buybetter.ng/product/macgregor-all-in-one-brightening-cream-60ml/,BuyBetter,,Lagos
MacGregor Dark Spot Daily Brightening Serum 50ml,Generic/Unlisted,12829.0,https://buybetter.ng/product/macgregor-dark-spot-daily-brightening-serum-50ml/,BuyBetter,,Lagos
MacGregor Kojic-C Skin Lightening Soap 150g,Generic/Unlisted,5345.0,https://buybetter.ng/product/macgregor-kojic-c-skin-lightening-soap-150g/,BuyBetter,,Lagos
MacGregor Luminous Snail 95 Moisture Cream 100g,Generic/Unlisted,13898.0,https://buybetter.ng/product/macgregor-luminous-snail-95-moisture-cream-100g/,BuyBetter,,Lagos
MacGregor Reboncel Acne Gel 30ml,Generic/Unlisted,7484.0,https://buybetter.ng/product/macgregor-reboncel-acne-gel-15ml/,BuyBetter,,Lagos
MacGregor Snail 98 Mucin Premium Essence 100ml,Generic/Unlisted,13898.0,https://buybetter.ng/product/macgregor-snail-98-mucin-premium-essence-100ml/,BuyBetter,,Lagos
"MacGregor Veluxe Blemish Repair Ampoule (Niacinamide 10%, Alpha Arbutin 4%, TXA 4%) 50ml",Generic/Unlisted,13898.0,https://buybetter.ng/product/macgregor-veluxe-blemish-repair-ampoule-niacinamide-10-alpha-arbutin-4-txa-4-50ml/,BuyBetter,,Lagos
MacGregor Watery Moisture Sun Cream 120ml,Generic/Unlisted,18170.0,https://buybetter.ng/product/macgregor-watery-moisture-sun-cream-120ml/,BuyBetter,,Lagos
MacGregor Watery Moisture Sunscreen Spf50 50ml,Generic/Unlisted,10535.0,https://buybetter.ng/product/macgregor-watery-moisture-sunscreen-spf50-50ml/,BuyBetter,,Lagos
MacGregor – Natural Moisture Sheet Mask Aloe 23ml,Generic/Unlisted,1500.0,https://buybetter.ng/product/macgregor-natural-moisture-sheet-mask-aloe-23ml/,BuyBetter,,Lagos
MacGregor – Natural Moisture Sheet Mask Charcoal 23ml,Generic/Unlisted,1500.0,https://buybetter.ng/product/macgregor-natural-moisture-sheet-mask-charcoal-23ml/,BuyBetter,,Lagos
MacGregor – Natural Moisture Sheet Mask Collagen 23ml,Generic/Unlisted,1500.0,https://buybetter.ng/product/macgregor-natural-moisture-sheet-mask-collagen-23ml/,BuyBetter,,Lagos
MacGregor – Natural Moisture Sheet Mask Cucumber 23ml,Generic/Unlisted,1500.0,https://buybetter.ng/product/macgregor-natural-moisture-sheet-mask-cucumber-23ml/,BuyBetter,,Lagos
MacGregor – Natural Moisture Sheet Mask Honey 23ml,Generic/Unlisted,1500.0,https://buybetter.ng/product/macgregor-natural-moisture-sheet-mask-honey-23ml/,BuyBetter,,Lagos
MacGregor – Natural Moisture Sheet Mask Pomegranate 23ml,Generic/Unlisted,1500.0,https://buybetter.ng/product/macgregor-natural-moisture-sheet-mask-pomegranate-23ml/,BuyBetter,,Lagos
MacGregor – Natural Moisture Sheet Mask Snail 23ml,Generic/Unlisted,1500.0,https://buybetter.ng/product/macgregor-natural-moisture-sheet-mask-snail-23ml/,BuyBetter,,Lagos
MacGregor – Vitamin C Oxygen Bubble Blast Brightening Facial Mask 23ml,Generic/Unlisted,2000.0,https://buybetter.ng/product/macgregor-vitamin-c-oxygen-bubble-blast-brightening-facial-mask-23ml/,BuyBetter,,Lagos
Macgregor Multi Sun Cream 70ml,Generic/Unlisted,8063.0,https://buybetter.ng/product/macgregor-multi-sun-cream-70ml/,BuyBetter,,Lagos
Macgregor – Natural Moisture Sheet Mask Vitamin C 23ml,Generic/Unlisted,1500.0,https://buybetter.ng/product/macgregor-natural-moisture-sheet-mask-vitamin-c-23ml/,BuyBetter,,Lagos
Mary And May Spicule Retinol PDRN Cream 15g,Generic/Unlisted,10800.0,https://buybetter.ng/product/mary-and-may-spicule-retinol-pdrn-cream-15g/,BuyBetter,,Lagos
Monistat Care Chafing Relief Powder Gel 42g,Generic/Unlisted,10293.76,https://buybetter.ng/product/monistat-care-chafing-relief-powder-gel-1-5-oz-42g/,BuyBetter,,Lagos
NACIFIC -Niacinamide Brightening Mask Pack,Generic/Unlisted,3763.0,https://buybetter.ng/product/nacific-niacinamide-brightening-mask-1-sheet/,BuyBetter,,Lagos
NACIFIC -PINK AHABHA Serum 50ml,Generic/Unlisted,18200.0,https://buybetter.ng/product/nacific-pink-ahabha-serum-50ml/,BuyBetter,,Lagos
NACIFIC -PINK AHABHA Toner 5.07 oz 150ml,Generic/Unlisted,16200.0,https://buybetter.ng/product/nacific-pink-ahabha-toner-5-07-oz-150ml/,BuyBetter,,Lagos
NACIFIC -UYU (Jetu Milk Extract Moisturising) Cream Toner 150ml,Generic/Unlisted,16200.0,https://buybetter.ng/product/nacific-uyu-jetu-milk-extract-moisturising-cream-toner-150ml/,BuyBetter,,Lagos
NAIR Shower Cream 340g,Generic/Unlisted,21900.0,https://buybetter.ng/product/nair-shower-cream-340g/,BuyBetter,,Lagos
NAIR – Body Cream Hair Remover (Rich Cocoa Butter and Vitamin E) 224g,Generic/Unlisted,14943.0,https://buybetter.ng/product/nair-body-cream-hair-remover-rich-cocoa-butter-and-vitamin-e-224g/,BuyBetter,,Lagos
NATURAL VITALITY CALM 325MG 567g,Generic/Unlisted,53750.0,https://buybetter.ng/product/natural-vitality-calm-325mg-567g/,BuyBetter,,Lagos
NATUREMADE Super C with Vitamin D3 And Zinc Dietary Supplements (200 tablets),Generic/Unlisted,45473.0,https://buybetter.ng/product/nature-made-super-c-with-vitamin-d3-zinc-dietary-supplements-200-tablets/,BuyBetter,,Lagos
NATURES GENTLE TOUCH -Monoi Oil Natural Hair Conditioning Therapy (500ml),Generic/Unlisted,5885.0,https://buybetter.ng/product/natures-gentle-touch-monoi-oil-natural-hair-conditioning-therapy-500ml/,BuyBetter,,Lagos
NATURES GENTLE TOUCH -Monoi Oil Natural Hair Restore Serum (500ml),Generic/Unlisted,5885.0,https://buybetter.ng/product/natures-gentle-touch-monoi-oil-natural-hair-restore-serum-500ml/,BuyBetter,,Lagos
NATURES GENTLE TOUCH -Monoi Oil Natural Lock and Twist 425g,Generic/Unlisted,7085.0,https://buybetter.ng/product/natures-gentle-touch-monoi-oil-natural-lock-and-twist-425g/,BuyBetter,,Lagos
NATURES GENTLE TOUCH -Nonstop Herbal Oil 180g,Generic/Unlisted,3216.0,https://buybetter.ng/product/natures-gentle-touch-nonstop-herbal-oil-180g/,BuyBetter,,Lagos
NATURES GENTLE TOUCH -Tangerine Oil Bath And Shower Concentrate (500ml),Generic/Unlisted,8470.0,https://buybetter.ng/product/natures-gentle-touch-tangerine-oil-bath-shower-concentrate-500ml/,BuyBetter,,Lagos
NATURES GENTLE TOUCH -Tea Tree Anti-Dandruff Instant Conditioner (250ml),Generic/Unlisted,4070.0,https://buybetter.ng/product/natures-gentle-touch-tea-tree-anti-dandruff-instant-conditioner-250ml/,BuyBetter,,Lagos
NATURES GENTLE TOUCH -Tea Tree Anti-Dandruff Leave-in Treatment (250ml),Generic/Unlisted,4070.0,https://buybetter.ng/product/natures-gentle-touch-tea-tree-anti-dandruff-leave-in-treatment-250ml/,BuyBetter,,Lagos
NATURES GENTLE TOUCH -Thai Basil Oil Bath And Shower Concentrate (500ml),Generic/Unlisted,8470.0,https://buybetter.ng/product/natures-gentle-touch-thai-basil-oil-bath-shower-concentrate-500ml/,BuyBetter,,Lagos
"NATURE’S BOUNTY Advanced Hair, Skin And Nails Gummies 6,000 mcg Biotin 80 Gummies",Generic/Unlisted,23650.0,https://buybetter.ng/product/natures-bounty-advanced-6000mcg-80-gummies/,BuyBetter,,Lagos
"NATURE’S BOUNTY Hair, Skin And Nails Collagen And Biotin 100mg Collagen 80 Gummies",Generic/Unlisted,21500.0,https://buybetter.ng/product/natures-bounty-hair-skin-and-nails-gummies-collagen-amp-biotin-80gummies-100mg/,BuyBetter,,Lagos
NATURE’S BOUNTY Vitamin B12 2500mcg 300 Quick Dissolve Tablets,Generic/Unlisted,47838.0,https://buybetter.ng/product/natures-bounty-vitamin-b12-2500mcg-300-quick-dissolve-tablets/,BuyBetter,,Lagos
NATURIUM Skin Renewing Retinol Body Lotion ( Fragrance free),Generic/Unlisted,48000.0,https://buybetter.ng/product/naturium-skin-renewing-retinol-body-lotion-fragrance-free/,BuyBetter,,Lagos
NATURIUM The Booster Hyaluronic Acid Body Wash 500ml,Generic/Unlisted,36500.0,https://buybetter.ng/product/naturium-the-booster-hyaluronic-acid-body-wash-500ml/,BuyBetter,,Lagos
NATURIUM The Brightener Vitamin C Body Wash 16.9 oz 500ml,Generic/Unlisted,36500.0,https://buybetter.ng/product/naturium-the-brightener-vitamin-c-body-wash-16-9-oz-500ml/,BuyBetter,,Lagos
NATURIUM The Glow Getter Body Oil 3.4 oz 100ml,Generic/Unlisted,50500.0,https://buybetter.ng/product/naturium-the-glow-getter-body-oil-3-4-oz-100ml/,BuyBetter,,Lagos
NATURIUM The Glow Getter Multi-Oil Body Butter 232ml,Generic/Unlisted,45150.0,https://buybetter.ng/product/naturium-the-glow-getter-multi-oil-body-butter-232ml/,BuyBetter,,Lagos
NATURIUM The Glow Getter Multi-Oil Body Wash 16.9 oz 500ml,Generic/Unlisted,36500.0,https://buybetter.ng/product/naturium-the-glow-getter-multi-oil-body-wash-16-9-oz-500ml/,BuyBetter,,Lagos
NATURIUM The Perfector Salicylic Acid Body Wash 16.9 oz 500ml,Generic/Unlisted,36500.0,https://buybetter.ng/product/naturium-the-perfector-salicylic-acid-body-wash-16-9-oz-500ml/,BuyBetter,,Lagos
NATURIUM Urea 5% Body Serum ( Fragrance Free) 414ML,Generic/Unlisted,43000.0,https://buybetter.ng/product/naturium-urea-5-body-serum-fragrance-free-414ml/,BuyBetter,,Lagos
NEUTROGENA -Body Clear (Pink Grapefruit) Body Wash 8.5 oz 250ml,Generic/Unlisted,19135.0,https://buybetter.ng/product/neutrogena-body-clear-body-wash-pink-grapefruit-250ml/,BuyBetter,,Lagos
NEUTROGENA -Body Clear Body Scrub 8.5 oz 250ml,Generic/Unlisted,18812.5,https://buybetter.ng/product/neutrogena-body-clear-oil-free-body-acne-wash-4/,BuyBetter,,Lagos
NEUTROGENA -Body Clear Body Wash 8.5 oz 250ml,Generic/Unlisted,18812.5,https://buybetter.ng/product/neutrogena-body-clear-oil-free-body-acne-wash/,BuyBetter,,Lagos
NEUTROGENA -Oil Free Acne Wash (Pink Grapefruit) Facial Cleanser 9.1 oz 269ml,Generic/Unlisted,24725.0,https://buybetter.ng/product/neutrogena-acne-wash-pink-grapefruit-269ml/,BuyBetter,,Lagos
NINELESS A-Control Heartleaf And BHA Cleanser 120ml,Generic/Unlisted,10750.0,https://buybetter.ng/product/nineless-a-control-heartleaf-bha-cleanser-120ml/,BuyBetter,,Lagos
NINELESS B BOOST 10% NIACINAMIDE SERUM 30ML,Generic/Unlisted,12900.0,https://buybetter.ng/product/nineless-niacinamide-serum-30ml-2/,BuyBetter,,Lagos
NINELESS B-BOOST (1% Kojic Acid) Serum 30ml,Generic/Unlisted,12900.0,https://buybetter.ng/product/nineless-b-boost-1-kojic-acid-serum-30ml/,BuyBetter,,Lagos
NINELESS Ever-Youth Dual Effect Eye Cream 20ml,Generic/Unlisted,15050.0,https://buybetter.ng/product/nineless-youth-dual-effect-eye-cream-20ml/,BuyBetter,,Lagos
NINELESS MELA-PRO Rice And TXA Toner 200ml,Generic/Unlisted,14500.0,https://buybetter.ng/product/nineless-mela-pro-rice-txa-toner-200ml/,BuyBetter,,Lagos
NINELESS MOLECULE-CLEAR (5% Glycolic Acid) Serum 30ml,Generic/Unlisted,13222.5,https://buybetter.ng/product/nineless-molecule-clear-5-glycolic-acid-serum-30ml/,BuyBetter,,Lagos
NINELESS MOLECULE-CLEAR (5% Lactic Acid) Serum 1.01 oz 30ml,Generic/Unlisted,14728.0,https://buybetter.ng/product/nineless-molecule-clear-5-lactic-acid-serum-1-01-oz-30ml/,BuyBetter,,Lagos
NINELESS MOLECULE-CLEAR (Salicylic Acid) Serum 1.01 oz 30ml,Generic/Unlisted,14566.0,https://buybetter.ng/product/nineless-molecule-clear-salicylic-acid-serum-1-01-oz-30ml/,BuyBetter,,Lagos
NIU KIDS Gentle Care Wash And Shampoo 500ml,Generic/Unlisted,6850.0,https://buybetter.ng/product/niu-kids-gentle-care-wash-and-shampoo-500ml/,BuyBetter,,Lagos
NIU KIDS Pure And Gentle Care Lotion 320ml,Generic/Unlisted,6850.0,https://buybetter.ng/product/niu-kids-pure-and-gentle-care-lotion-320ml/,BuyBetter,,Lagos
NIU SKIN Bright And Clear Face Cream 50ml,Generic/Unlisted,5400.0,https://buybetter.ng/product/niu-skin-bright-and-clear-face-cream-50ml/,BuyBetter,,Lagos
NIU SKIN Bright And Clear Sheet Mask,Generic/Unlisted,1150.0,https://buybetter.ng/product/niu-skin-bright-and-clear-sheet-mask/,BuyBetter,,Lagos
"NIU SKIN Extra Plant Extracts More Luminous (With Alpha Arbutin, Niacinamide and Vitamin C) OUD WOOD Body Lotion 480ml",Generic/Unlisted,6450.0,https://buybetter.ng/product/niu-skin-extra-plant-extracts-more-luminous-480ml/,BuyBetter,,Lagos
NIU SKIN Gentle Face Wash/Cleanser (Amino acid) 100ml,Generic/Unlisted,4461.0,https://buybetter.ng/product/niu-skin-gentle-face-wash-cleanser-amino-acid-100ml/,BuyBetter,,Lagos
"NIU SKIN Glowing (Niacinamide, Vitamin C And AHA) Body Wash 800ml",Generic/Unlisted,7418.0,https://buybetter.ng/product/niu-skin-glowing-niacinamide-vitamin-c-aha-body-wash-800ml/,BuyBetter,,Lagos
NIU SKIN Lip Gloss,Generic/Unlisted,2000.0,https://buybetter.ng/product/niu-skin-lip-gloss/,BuyBetter,,Lagos
"NIU SKIN More Vitamin Extra Radiance (With Alpha Arbutin, Niacinamide And Vitamin C) Body Lotion NO.5 480ML",Generic/Unlisted,6450.0,https://buybetter.ng/product/niu-skin-with-alpha-arbutin-niacinamide-and-vitamin-c-body-lotion-480ml-no-5/,BuyBetter,,Lagos
NIU SKIN Total Effects Platinum White Face Essence Lotion SPF 20++ 50m,Generic/Unlisted,4500.0,https://buybetter.ng/product/niu-skin-platinum-white-face-essence-lotion/,BuyBetter,,Lagos
NIU SKIN Total Effects Platinum white Intensive Serum 30ml,Generic/Unlisted,4623.0,https://buybetter.ng/product/niu-skin-platinum-white-intensive-serum-30ml/,BuyBetter,,Lagos
NIVEA Body Lotion Nourishing Cocoa 400ml,Generic/Unlisted,5000.0,https://buybetter.ng/product/nivea-body-lotion-nourishing-cocoa-400ml/,BuyBetter,,Lagos
NIVEA Deo Roll On (Black And White Invisible) For Men 50ml,Generic/Unlisted,2400.0,https://buybetter.ng/product/nivea-deo-roll-on-black-white-invisible-for-men-50ml/,BuyBetter,,Lagos
NIVEA Deo Roll On (Dry Comfort) For Men 50ml,Generic/Unlisted,2400.0,https://buybetter.ng/product/nivea-deo-roll-on-dry-comfort-for-men-50ml/,BuyBetter,,Lagos
NIVEA Fresh Energy Roll-On (Blue) 50ml,Generic/Unlisted,2400.0,https://buybetter.ng/product/nivea-fresh-energy-roll-on-blue-50ml/,BuyBetter,,Lagos
NIVEA Lip Care Hydro Care 5.5ml,Generic/Unlisted,3900.0,https://buybetter.ng/product/nivea-lip-care-hydro-care-5-5ml/,BuyBetter,,Lagos
NIVEA Lip Care Original Care 5.5ml,Generic/Unlisted,3900.0,https://buybetter.ng/product/nivea-lip-care-original-care-5-5ml/,BuyBetter,,Lagos
NIVEA Lip Care Watermelon 5.5ml,Generic/Unlisted,3900.0,https://buybetter.ng/product/nivea-lip-care-watermelon-5-5ml/,BuyBetter,,Lagos
NIVEA Lip Fruity Shine Blackberry 5.5ml,Generic/Unlisted,3900.0,https://buybetter.ng/product/nivea-lip-fruity-shine-blackberry-5-5ml/,BuyBetter,,Lagos
NIVEA MEN Black and White Invisible Original 48h 200ml,Generic/Unlisted,4900.0,https://buybetter.ng/product/nivea-men-black-white-invisible-original-48h-200ml/,BuyBetter,,Lagos
NIVEA MEN Deep Body Lotion 48hr 400ml,Generic/Unlisted,5300.0,https://buybetter.ng/product/nivea-men-deep-body-lotion-48hr-400ml/,BuyBetter,,Lagos
NIVEA MEN Deep Darkwood 72hr 50ml,Generic/Unlisted,2400.0,https://buybetter.ng/product/nivea-men-deep-darkwood-72hr-50ml/,BuyBetter,,Lagos
NIVEA MEN Deep Espresso 72hr 50ml,Generic/Unlisted,2400.0,https://buybetter.ng/product/nivea-men-deep-espresso-72hr-50ml/,BuyBetter,,Lagos
NIVEA MEN Dry Impact roll-on 72h 50ml,Generic/Unlisted,2400.0,https://buybetter.ng/product/nivea-men-dry-impact-roll-on-72h-50ml/,BuyBetter,,Lagos
NIVEA Men Body Lotion Express Hydration 400ml,Generic/Unlisted,5805.0,https://buybetter.ng/product/nivea-men-body-lotion-express-hydration-400ml/,BuyBetter,,Lagos
NIVEA Men Body Lotion Revitalizing Milk 400ml,Generic/Unlisted,5000.0,https://buybetter.ng/product/nivea-men-body-lotion-revitalizing-milk-400ml/,BuyBetter,,Lagos
NIVEA Men Cool Kick Spray 200ml,Generic/Unlisted,4900.0,https://buybetter.ng/product/nivea-men-cool-kick-spray-200ml/,BuyBetter,,Lagos
NIVEA Men Deo Roll On (Cool kick)50ml,Generic/Unlisted,2400.0,https://buybetter.ng/product/nivea-deo-roll-on-cool-kick-for-men-50ml/,BuyBetter,,Lagos
NIVEA Men Fresh Active Spray 200ml,Generic/Unlisted,4900.0,https://buybetter.ng/product/nivea-men-fresh-active-spray-200ml/,BuyBetter,,Lagos
NIVEA Men Fresh Natural Spray 200ml,Generic/Unlisted,4900.0,https://buybetter.ng/product/nivea-men-fresh-natural-spray-200ml/,BuyBetter,,Lagos
NIVEA Men Roll On Fresh Natural 50ml,Generic/Unlisted,2400.0,https://buybetter.ng/product/nivea-men-roll-on-fresh-natural-50ml/,BuyBetter,,Lagos
NIVEA Men roll on Fresh Active 50ml,Generic/Unlisted,2400.0,https://buybetter.ng/product/nivea-men-roll-on-fresh-active-50ml/,BuyBetter,,Lagos
NIVEA Pearl And Beauty 72hr 50ml,Generic/Unlisted,2400.0,https://buybetter.ng/product/nivea-pearl-beauty-72hr-50ml/,BuyBetter,,Lagos
NIVEA Radiant + Beauty Even Skin Glow (95% Pure Vitamin C)Tone Body Lotion 400ml,Generic/Unlisted,5000.0,https://buybetter.ng/product/nivea-radiant-beauty-even-skin-glow-95-pure-vitamin-ctone-body-lotion-400ml/,BuyBetter,,Lagos
NIVEA Radiant And Beauty Advance Care Promo Pack (With Roll On),Generic/Unlisted,6500.0,https://buybetter.ng/product/nivea-radiant-and-beauty-advance-care-promo-pack-with-roll-on/,BuyBetter,,Lagos
NIVEA Rich Nourishing 5-in-1 Body Lotion 400ml,Generic/Unlisted,5000.0,https://buybetter.ng/product/nivea-rich-nourishing-5-in-1-body-lotion-400ml/,BuyBetter,,Lagos
NIZORAL Anti Dandruff Shampoo 200ml,Generic/Unlisted,32250.0,https://buybetter.ng/product/nizoral-anti-dandruff-shampoo-2/,BuyBetter,,Lagos
NatureMade D3 1000IU  x650Softgel,Generic/Unlisted,39775.0,https://buybetter.ng/product/naturemade-d3-1000iu-x650softgel/,BuyBetter,,Lagos
"NatureMade – Iron 65mg, 365 Tablets",Generic/Unlisted,39775.0,https://buybetter.ng/product/nature-made-iron-65mg-365-tablets/,BuyBetter,,Lagos
Nivea Lip Care Strawberry Shine 5.5ml,Generic/Unlisted,3900.0,https://buybetter.ng/product/nivea-lip-care-strawberry-5-5ml/,BuyBetter,,Lagos
OLAY -HYALURONIC + B3 (Nourishing) Body Lotion 502ml,Generic/Unlisted,15910.0,https://buybetter.ng/product/olay-hyaluronic-b3-nourishing-body-lotion-502ml/,BuyBetter,,Lagos
OLAY -Soothing Dryness Relief Body Lotion 532ml,Generic/Unlisted,20963.0,https://buybetter.ng/product/olay-soothing-dryness-relief-body-lotion/,BuyBetter,,Lagos
OLAY -Ultra Rich Moisture Body Lotion 532ml,Generic/Unlisted,20963.0,https://buybetter.ng/product/olay-ultra-rich-moisture-body-lotion-532ml/,BuyBetter,,Lagos
OLAY Anti Wrinkle (Firm And Lift) Night Cream 50ml,Generic/Unlisted,10965.0,https://buybetter.ng/product/olay-anti-wrinkle-firm-lift-night-cream-50ml/,BuyBetter,,Lagos
OLAY Cleaning Bump AHA Body Wash 591ml,Generic/Unlisted,15910.0,https://buybetter.ng/product/olay-cleaning-bump-aha-body-wash-591ml/,BuyBetter,,Lagos
OLAY Collagen Firming And Hydrating Body Lotion 502ml,Generic/Unlisted,15480.0,https://buybetter.ng/product/olay-collagen-firming-hydrating-body-lotion-502ml/,BuyBetter,,Lagos
OLAY Dark Spot Correcting (Vit C + AHA) Body Lotion 502ml,Generic/Unlisted,15480.0,https://buybetter.ng/product/olay-dark-spot-correcting-vit-c-aha-body-lotion-502ml/,BuyBetter,,Lagos
OLAY Day And Night Restoring Body Lotion 532ml,Generic/Unlisted,20963.0,https://buybetter.ng/product/olay-day-night-restoring-body-lotion-532ml/,BuyBetter,,Lagos
OLAY Intensely Hydrating Hyaluronic Serum Complex(Strawberry Fizz Scent) Body Wash 591ml,Generic/Unlisted,18275.0,https://buybetter.ng/product/olay-intensely-hydrating-hyaluronic-serum-complexstrawberry-fizz-scent-body-wash-591ml/,BuyBetter,,Lagos
OLAY RETINOL24 + B3 (Smoothing) Body Lotion 502ml,Generic/Unlisted,16125.0,https://buybetter.ng/product/olay-retinol-24-b3-smoothing-body-lotion/,BuyBetter,,Lagos
OLAY Retinol + B3 Hydrating Body Wash 20fl oz 591ml,Generic/Unlisted,15265.0,https://buybetter.ng/product/olay-retinol-b3-hydrating-body-wash-20fl-oz-591ml/,BuyBetter,,Lagos
OLAY Super Serum (Normal Skin) Body Wash 18.5fl OZ 547ml,Generic/Unlisted,20963.0,https://buybetter.ng/product/olay-super-serum-normal-skin-body-wash-18-5fl-oz-547ml/,BuyBetter,,Lagos
OLE HENRIKSEN Pout Preserve Peptide Lip Treatment – Cocoa Crème (0.4 oz / 12 ml),Generic/Unlisted,46225.0,https://buybetter.ng/product/ole-henriksen-pout-preserve-peptide-lip-treatment-cocoa-creme-0-4-oz-12-ml/,BuyBetter,,Lagos
OLE HENRIKSEN Pout Preserve Peptide Lip Treatment – Crème Brûlée (12 ml),Generic/Unlisted,46225.0,https://buybetter.ng/product/ole-henriksen-pout-preserve-peptide-lip-treatment-creme-brulee-12-ml/,BuyBetter,,Lagos
OLE HENRIKSEN Pout Preserve Peptide Lip Treatment – Strawberry Sorbet (12 ml),Generic/Unlisted,46225.0,https://buybetter.ng/product/ole-henriksen-pout-preserve-peptide-lip-treatment-strawberry-sorbet-12-ml/,BuyBetter,,Lagos
OLLY Goodbye Stress 42 Gummies,Generic/Unlisted,25800.0,https://buybetter.ng/product/olly-goodbye-stress-gummy/,BuyBetter,,Lagos
OLLY Happy Hoo-Ha Dietary Supplement 25capsules,Generic/Unlisted,30100.0,https://buybetter.ng/product/olly-happy-hoo-ha-dietary-supplement-25capsules/,BuyBetter,,Lagos
OOTD Brightening Vitamin C Body Lotion 750ml,Generic/Unlisted,14000.0,https://buybetter.ng/product/ootd-brightening-vitamin-c-body-lotion-750ml/,BuyBetter,,Lagos
OOTD Brightening Vitamin C Body Wash 750ml,Generic/Unlisted,14000.0,https://buybetter.ng/product/ootd-brightening-vitamin-c-body-wash-750ml/,BuyBetter,,Lagos
ORAJEL COCOMELON Baby Toothpaste And Toothbrush 1.0oz (WITH TOOTHBRUSH) (Single),Generic/Unlisted,8250.0,https://buybetter.ng/product/orajel-cocomelon-baby-toothpaste-toothbrush-1-0oz-with-toothbrush-single/,BuyBetter,,Lagos
ORAJEL CocoMelon Training Toothpaste (Natural Watermelon Flavor)42.5g,Generic/Unlisted,6750.0,https://buybetter.ng/product/orajel-cocomelon-training-toothpaste-natural-watermelon-flavor42-5g/,BuyBetter,,Lagos
ORAJEL Kids (Natural Berry Fruity) Training Toothpaste 42.5g,Generic/Unlisted,6750.0,https://buybetter.ng/product/orajel-kids-training-tooth-paste-nickelodeon/,BuyBetter,,Lagos
OSESIVE Hydrating (Cranberry) Body Wash 500ml,Generic/Unlisted,19500.0,https://buybetter.ng/product/osesive-hydrating-cranberry-body-wash/,BuyBetter,,Lagos
OSESIVE Hydrating (Ocean Kiss) Body Wash 500ml,Generic/Unlisted,19500.0,https://buybetter.ng/product/osesive-hydrating-ocean-kiss-body-wash-500ml/,BuyBetter,,Lagos
OSESIVE Hydrating (Vanilla) Body Wash 500ml,Generic/Unlisted,19500.0,https://buybetter.ng/product/osesive-hydrating-vanilla-body-wash/,BuyBetter,,Lagos
OSESIVE Renewing (Coconut Passion) Body Scrub 300g,Generic/Unlisted,14170.0,https://buybetter.ng/product/osesive-renewing-coconut-passion-body-scrub/,BuyBetter,,Lagos
OSESIVE Renewing (Cranberry) Body Scrub 300g,Generic/Unlisted,14170.0,https://buybetter.ng/product/osesive-renewing-cranberry-body-scrub/,BuyBetter,,Lagos
OSESIVE Renewing (Ocean Kiss) Body Scrub 300g,Generic/Unlisted,14170.0,https://buybetter.ng/product/osesive-renewing-ocean-kiss-body-scrub-300g/,BuyBetter,,Lagos
OSESIVE Renewing (Vanilla) Body Scrub 300g,Generic/Unlisted,14170.0,https://buybetter.ng/product/osesive-renewing-vanilla-body-scrub-300g/,BuyBetter,,Lagos
OSIRIS AVISE -Recovery Oil 100ml,Generic/Unlisted,3763.0,https://buybetter.ng/product/osiris-avise-recovery-oil-150ml/,BuyBetter,,Lagos
Orajel Kids (Natural Fruity Fun) Training Toothpaste Floride Free 42.5g,Generic/Unlisted,6750.0,https://buybetter.ng/product/orajel-kids-natural-fruity-fun-training-toothpaste-floride-free-1-5-oz-42-5g/,BuyBetter,,Lagos
PALMERS Brazilian Cocoa Cream Whipped 250g,Generic/Unlisted,24900.0,https://buybetter.ng/product/palmers-brazilian-cocoa-cream/,BuyBetter,,Lagos
"PALMERS Brazilian Cocoa Firming Bum, Bust and Body Oil 192ml",Generic/Unlisted,25500.0,https://buybetter.ng/product/palmers-brazilian-cocoa-firming-bum-bust-and-body-oil-192ml/,BuyBetter,,Lagos
PALMERS COCOA BUTTER NURSING BUTTER 30G,Generic/Unlisted,9675.0,https://buybetter.ng/product/palmers-cocoa-butter-nursing-butter-30g/,BuyBetter,,Lagos
PALMERS Cocoa Butter Body Scrub 200g,Generic/Unlisted,14500.0,https://buybetter.ng/product/palmers-cocoa-butter-body-scrub-200g/,BuyBetter,,Lagos
PALMERS Cocoa Butter Formula Body Oil 250ml,Generic/Unlisted,13975.0,https://buybetter.ng/product/palmers-cocoa-butter-formula-body-oil-250ml/,BuyBetter,,Lagos
PALMERS Dark Spot Corrector (For All Skin) 30ml,Generic/Unlisted,18400.0,https://buybetter.ng/product/palmers-dark-spot-corrector-for-all-skin-30ml/,BuyBetter,,Lagos
PALMERS Even Tone Fade Cream 75g,Generic/Unlisted,15500.0,https://buybetter.ng/product/palmers-even-tone-fade-cream-75g/,BuyBetter,,Lagos
PALMERS Healing Ointment Intensive Therapy 106g,Generic/Unlisted,14405.0,https://buybetter.ng/product/palmers-healing-ointment-intensive-therapy-106g/,BuyBetter,,Lagos
PALMERS SKIN SUCCESS EXTRA STRENGTH 10% NIACINAMIDE + AMINO SERUM 30ML,Generic/Unlisted,14900.0,https://buybetter.ng/product/palmers-skin-success-extra-strength-10-niacinamide-amino-serum-30ml/,BuyBetter,,Lagos
PALMERS SKIN SUCCESS EXTRA STRENGTH ANTI-DARK SPOT CREAM 75G,Generic/Unlisted,16878.0,https://buybetter.ng/product/palmers-skin-success-extra-strength-anti-dark-spot-cream-75g/,BuyBetter,,Lagos
PALMERS Shimmer Radiance Body Gloss 155ml,Generic/Unlisted,16018.0,https://buybetter.ng/product/palmers-shimmer-radiance-body-gloss-155ml/,BuyBetter,,Lagos
PALMERS Shimmer Radiance Stick 30g,Generic/Unlisted,13100.0,https://buybetter.ng/product/palmers-shimmer-radiance-stick-30g/,BuyBetter,,Lagos
PALMERS Tahitian Vanilla Body Oil 192ml,Generic/Unlisted,20500.0,https://buybetter.ng/product/palmers-tahitian-vanilla-body-oil-192ml/,BuyBetter,,Lagos
PALMERS Tahitian Vanilla Cream 250g,Generic/Unlisted,19888.0,https://buybetter.ng/product/palmers-tahitian-vanilla-cream-250g/,BuyBetter,,Lagos
PANOXYL Acne Creamy Wash Benzoyl Peroxide Control 4% 170g,Generic/Unlisted,13250.0,https://buybetter.ng/product/panoxyl-acne-creamy-wash-benzoyl-peroxide-control-4/,BuyBetter,,Lagos
PANOXYL Acne Foaming Wash Benzoyl Peroxide 10% 156g,Generic/Unlisted,13250.0,https://buybetter.ng/product/panoxyl-acne-foaming-wash-benzoyl-peroxide-10/,BuyBetter,,Lagos
PANOXYL Acne Treatment 10% Bar Soap 113g,Generic/Unlisted,14300.0,https://buybetter.ng/product/panoxyl-acne-treatment-10-bar-soap-113g/,BuyBetter,,Lagos
PANOXYL Clarifying Exfoliant 2% Salicylic Acid 118ml,Generic/Unlisted,15500.0,https://buybetter.ng/product/panoxyl-clarifying-exfoliant-2-salicylic-acid-118ml/,BuyBetter,,Lagos
PAULA’S CHOICE 2% BHA Liquid Exfoliant (Salicylic Acid) 30ml,Generic/Unlisted,25700.0,https://buybetter.ng/product/paulas-choice-travel-size-2-bha-liquid-exfoliant-mini/,BuyBetter,,Lagos
PIXI SKintreats Glow Tonic 250ml,Generic/Unlisted,28488.0,https://buybetter.ng/product/pixi-skintreats-glow-tonic-250ml/,BuyBetter,,Lagos
PRE-SEED -Fertility Lubricant (New Paraben Formula) 1.4 oz 40g,Generic/Unlisted,32250.0,https://buybetter.ng/product/pre-seed-fertility-new-paraben-formula-lubricant-9-applicators-40g/,BuyBetter,,Lagos
PREQUEL Cleanser + SA,Generic/Unlisted,39775.0,https://buybetter.ng/product/prequel-gleanser-sa-salicylic-acid-cleanser/,BuyBetter,,Lagos
PREQUEL Gleanser + Glycolic Acid Cleanser 400ml,Generic/Unlisted,37088.0,https://buybetter.ng/product/prequel-gleanser-glycolic-acid-cleanser-400ml/,BuyBetter,,Lagos
PREQUEL Gleanser Skin Non Drying Moisturizing Unscented,Generic/Unlisted,34400.0,https://buybetter.ng/product/prequel-gleanser-non-drying-glycerin-cleanserfacebody/,BuyBetter,,Lagos
PREQUEL Half And Half Peptides + Fluid Moisturizer,Generic/Unlisted,47800.0,https://buybetter.ng/product/prequel-half-half-peptides-ceramides-fluid-moisturiser-5-7-oz-168ml/,BuyBetter,,Lagos
PREQUEL Multi Purpose Skin Perfectant 56.6g,Generic/Unlisted,40850.0,https://buybetter.ng/product/prequel-multi-purpose-skin-perfectant-56-6g/,BuyBetter,,Lagos
PREQUEL The Essentials Travel Skincare Duo,Generic/Unlisted,101588.0,https://buybetter.ng/product/prequel-the-essentials-travel-skincare-duo/,BuyBetter,,Lagos
PRETTY Cosmetic Cotton Pads,Generic/Unlisted,2600.0,https://buybetter.ng/product/pretty-cosmetic-pads-approx-80/,BuyBetter,,Lagos
PRETTYSKIN 5 in 1 Arbutin Cream 50ml,Generic/Unlisted,11900.0,https://buybetter.ng/product/prettyskin-5-in-1-arbutin-cream-50ml/,BuyBetter,,Lagos
PRETTYSKIN B3 Discoloration Repair Serum 50ml,Generic/Unlisted,13000.0,https://buybetter.ng/product/prettyskin-b3-discoloration-repair-serum-50ml/,BuyBetter,,Lagos
PRETTYSKIN B3 Multi Active Toner 205ml,Generic/Unlisted,14300.0,https://buybetter.ng/product/prettyskin-b3-multi-active-toner-205ml/,BuyBetter,,Lagos
PRETTYSKIN Daily 5-in-1 Retinol Cream 50ml,Generic/Unlisted,11000.0,https://buybetter.ng/product/prettyskin-daily-5-in-1-retinol-cream-50ml/,BuyBetter,,Lagos
PRETTYSKIN Ginseng Extract And Retinol Multi Cream 100ml,Generic/Unlisted,10300.0,https://buybetter.ng/product/prettyskin-ginseng-extract-retinol-multi-cream-100ml/,BuyBetter,,Lagos
PRETTYSKIN Ginseng Retinol Multi Serum 150ml,Generic/Unlisted,10300.0,https://buybetter.ng/product/prettyskin-ginseng-retinol-multi-serum-150ml/,BuyBetter,,Lagos
PRETTYSKIN Rice Glow Body Lotion 25.36 oz 750ml,Generic/Unlisted,12793.0,https://buybetter.ng/product/prettyskin-rice-glow-body-lotion-750ml/,BuyBetter,,Lagos
PRETTYSKIN Rice Glow Body Wash 33.81 oz 1000ml,Generic/Unlisted,12793.0,https://buybetter.ng/product/pretty-skin-rice-glow-body-wash-1000ml/,BuyBetter,,Lagos
PRETTYSKIN Rice Multi Cream 100ml,Generic/Unlisted,10428.0,https://buybetter.ng/product/prettyskin-rice-multi-cream-100ml/,BuyBetter,,Lagos
PRETTYSKIN Snail Multi Serum 150ml,Generic/Unlisted,10000.0,https://buybetter.ng/product/prettyskin-snail-multi-serum-150ml/,BuyBetter,,Lagos
PURITO Azelaic Acid 10 Kojic Tea Tree Serum 30ml,Purito,18000.0,https://buybetter.ng/product/purito-azelaic-acid-10-kojic-tea-tree-serum-30ml/,BuyBetter,,Lagos
PURITO Daily Soft Touch Suncreen SPF 50++ (Water Resistant) 60ml,Purito,16700.0,https://buybetter.ng/product/purito-daily-soft-touch-suncreen-spf-50-water-resistant-60ml/,BuyBetter,,Lagos
PURITO From Green Deep Foaming Cleanser 150ml,Purito,12800.0,https://buybetter.ng/product/purito-from-green-deep-foaming-cleanser-150ml/,BuyBetter,,Lagos
PURITO Galacto Niacin 97 Power Essence 60ml,Purito,17000.0,https://buybetter.ng/product/purito-galacto-niacin-97-power-essence-60ml/,BuyBetter,,Lagos
PURITO Luminous Moisture Shea Butter Body Lotion (Cotton Dreamlight) 300ml,Purito,19200.0,https://buybetter.ng/product/purito-luminous-moisture-shea-butter-body-lotion-cotton-dreamlight-300ml/,BuyBetter,,Lagos
PURITO Luminous Moisture Shea Butter Body Lotion (Midnight Romance) 300ml,Purito,19200.0,https://buybetter.ng/product/purito-luminous-moisture-shea-butter-body-lotion-midnight-romance-300ml/,BuyBetter,,Lagos
PURITO Luminous Moisture Shea Butter Body Lotion (Ocean Breeze) 300ml,Purito,19300.0,https://buybetter.ng/product/purito-luminous-moisture-shea-butter-body-lotion-ocean-breeze-300ml/,BuyBetter,,Lagos
PURITO Mighty Bamboo Panthenol Cream 100ml,Purito,16500.0,https://buybetter.ng/product/purito-mighty-bamboo-panthenol-cream-100ml/,BuyBetter,,Lagos
PURITO Oat In Calming Gel Cream (Oat Seed Water) 100ml,Purito,14900.0,https://buybetter.ng/product/purito-oat-in-calming-gel-cream-oat-seed-water-100ml/,BuyBetter,,Lagos
PURITO Pure Vitaminc C Serum 60ml,Purito,15000.0,https://buybetter.ng/product/purito-pure-vitaminc-c-serum-60ml/,BuyBetter,,Lagos
PURITO TXA Niacinamide 10% Retinal Serum 30ml,Purito,17800.0,https://buybetter.ng/product/purito-txa-niacinamide-10-retinal-serum-30ml/,BuyBetter,,Lagos
PURITO Timeless Bloom Bakuchiol Serum 30ml,Purito,18500.0,https://buybetter.ng/product/purito-timeless-bloom-bakuchiol-serum-30ml/,BuyBetter,,Lagos
PURITO Timeless Bloom Retinol Spot Cream 30ml,Purito,18500.0,https://buybetter.ng/product/purito-timeless-bloom-retinol-spot-cream-30ml/,BuyBetter,,Lagos
PURITO Wonder Releaf Centella Daily Sun Lotion SPF 50++ 60ml,Purito,17000.0,https://buybetter.ng/product/purito-wonder-releaf-centella-daily-sun-lotion-spf-50-60ml/,BuyBetter,,Lagos
PURITO Wonder Releaf Centella Serum Unscented,Purito,15500.0,https://buybetter.ng/product/purito-wonder-releaf-centella-serum-unscented/,BuyBetter,,Lagos
Phlur -Cherry Stem Parfum 50ml,Generic/Unlisted,172500.0,https://buybetter.ng/product/phlur-cherry-stem-parfum-50ml/,BuyBetter,,Lagos
Q TIPS Cotton Swabs Home And Beauty Tool (170swabs),Generic/Unlisted,8063.0,https://buybetter.ng/product/q-tips-cotton-swabs-home-and-beauty-tool-170swabs/,BuyBetter,,Lagos
REGIRL Soft Girl 12Inches Black,Generic/Unlisted,50000.0,https://buybetter.ng/product/regirl-soft-girl-12inches-black/,BuyBetter,,Lagos
REGIRL Soft Girl 12Inches Natural Color,Generic/Unlisted,50000.0,https://buybetter.ng/product/regirl-soft-girl-12inches-natural-color/,BuyBetter,,Lagos
REGIRL Spicy Icon 12Inches Black Highlight Merlot,Generic/Unlisted,100000.0,https://buybetter.ng/product/regirl-spicy-icon-12inches-black-highlight-merlot/,BuyBetter,,Lagos
REGIRL Spicy Icon 12Inches Natural Color (Honey Blonde Highlights),Generic/Unlisted,100000.0,https://buybetter.ng/product/regirl-spicy-icon-12inches-natural-color-honey-blonde-highlights/,BuyBetter,,Lagos
REGIRL Urban Wonder 12Inches Black,Generic/Unlisted,35000.0,https://buybetter.ng/product/regirl-urban-wonder-12inches-black/,BuyBetter,,Lagos
REGIRL Urban Wonder 12Inches Natural Color,Generic/Unlisted,35000.0,https://buybetter.ng/product/regirl-urban-wonder-12inches-natural-color/,BuyBetter,,Lagos
RELUMINS Advance Nutrition Vitamin C Complex (Rose Hips And Bioflavonoids) 180VCaps,Generic/Unlisted,58050.0,https://buybetter.ng/product/relumins-advance-nutrition-vitamin-c-complex-rose-hips-bioflavonoids-180vcaps/,BuyBetter,,Lagos
RELUMINS Advance White Advanced Skin Nutrients 1650mg (15x) 90VCaps,Generic/Unlisted,112766.43,https://buybetter.ng/product/relumins-advance-white-advanced-skin-nutrients-1650mg-15x-90vcaps/,BuyBetter,,Lagos
RELUMINS Advance White Melasma Treatment Serum 30ml,Generic/Unlisted,51600.0,https://buybetter.ng/product/relumins-advance-white-melasma-treatment-serum-30ml/,BuyBetter,,Lagos
RELUMINS Collagen Nutritional Drink,Generic/Unlisted,88150.0,https://buybetter.ng/product/relumins-collagen-nutritional-drink/,BuyBetter,,Lagos
REPLENIX 10% Acne Wash + Aloe Vera (Benzoyl peroxide) Acne Wash 200ml,Generic/Unlisted,30100.0,https://buybetter.ng/product/replenix-bp-10-acne-wash-aloe-vera-200ml/,BuyBetter,,Lagos
REPLENIX 5% Benzoyl Peroxide Acne wash 200ml,Generic/Unlisted,30100.0,https://buybetter.ng/product/replenix-bp-5-acne-wash-200ml/,BuyBetter,,Lagos
REVOLUTION -Vitamin C Exfoliating and Brightening Mask,Generic/Unlisted,4515.0,https://buybetter.ng/product/revolution-vitamin-c-exfoliating-and-brightening-mask/,BuyBetter,,Lagos
REVOX Help Anti Dark Spot Serum 30ml,Generic/Unlisted,11000.0,https://buybetter.ng/product/revox-help-anti-dark-spot-serum-30ml/,BuyBetter,,Lagos
REVOX JUST Glycolic Acid 7% (Exfoliating) Toner 250ml,Generic/Unlisted,11000.0,https://buybetter.ng/product/revox-just-glycolic-acid-7-exfoliating-toner-250ml/,BuyBetter,,Lagos
REVOX-Just Niacinamide 10% Daily Moisturizer 30ml,Generic/Unlisted,11000.0,https://buybetter.ng/product/revox-just-niacinamide-10-daily-moisturizer-30ml/,BuyBetter,,Lagos
REXONA -Advance Protection Football Fanatics Spray 200ml,Generic/Unlisted,4300.0,https://buybetter.ng/product/rexona-advance-protection-football-fanatics-spray-200ml/,BuyBetter,,Lagos
REXONA Men Xtra Cool 72h 50ml,Generic/Unlisted,2473.0,https://buybetter.ng/product/rexona-men-xtra-cool-72h-50ml/,BuyBetter,,Lagos
RHODE -Peptide Lip Tint Espresso 10ml,Generic/Unlisted,39775.0,https://buybetter.ng/product/rhode-peptide-lip-tint-espresso-10ml-2/,BuyBetter,,Lagos
RHODE -Peptide Lip Tint Rhode Vanilla 10ml,Generic/Unlisted,39775.0,https://buybetter.ng/product/rhode-peptide-lip-tint-rhode-vanilla-10ml/,BuyBetter,,Lagos
RHODE -Peptide Lip Tint Toast 10ml,Generic/Unlisted,39775.0,https://buybetter.ng/product/rhode-peptide-lip-tint-toast-10ml-2/,BuyBetter,,Lagos
ROUND LAB -1025 DOKDO Cream 2.71 oz 80ml,Round Lab,17200.0,https://buybetter.ng/product/round-lab-1025-dokdo-cream-2-71-oz-80ml/,BuyBetter,,Lagos
ROUND LAB -1025 DOKDO Mud pack 100ml,Round Lab,12793.0,https://buybetter.ng/product/round-lab-1025-dokdo-mud-pack-100ml/,BuyBetter,,Lagos
ROUND LAB -1025 DOKDO Toner 6.76 oz 200ml,Round Lab,12900.0,https://buybetter.ng/product/round-lab-1025-dokdo-toner-6-76-oz-200ml/,BuyBetter,,Lagos
ROUND LAB -Birch Juice Moisturising Pad (80pads),Round Lab,16125.0,https://buybetter.ng/product/round-lab-birch-juice-moisturising-pad-80pads/,BuyBetter,,Lagos
ROUND LAB -Mugwort Calming Cream 2.71 oz 80ml,Round Lab,18060.0,https://buybetter.ng/product/round-lab-mugwort-calming-cream-2-71-oz-80ml/,BuyBetter,,Lagos
ROUND LAB -Soybean Nourishing Cream 2.71 oz 80ml,Round Lab,18060.0,https://buybetter.ng/product/round-lab-soybean-nourishing-cream-2-71-oz-80ml/,BuyBetter,,Lagos
ROUND LAB -Vita Niacinamide Dark Spot Serum Mask (10ea),Round Lab,13760.0,https://buybetter.ng/product/round-lab-vita-niacinamide-dark-spot-serum-mask-10ea/,BuyBetter,,Lagos
SADOER Damask Rose Exfoliating Foot Mask,Generic/Unlisted,2526.0,https://buybetter.ng/product/sadoer-damask-rose-exfoliating-foot-mask/,BuyBetter,,Lagos
SADOER Natural Lavender Exfoliating Foot Mask 35g,Generic/Unlisted,2526.0,https://buybetter.ng/product/sadoer-natural-lavender-exfoliating-foot-mask-35g/,BuyBetter,,Lagos
SALT AND STONE Bergamot And Hinoki Body Wash 450ml,Generic/Unlisted,66650.0,https://buybetter.ng/product/salt-and-stone-bergamot-and-hinoki-body-wash-450ml/,BuyBetter,,Lagos
SALT AND STONE Bergamot And Hinoki Deodorant 75g,Generic/Unlisted,41925.0,https://buybetter.ng/product/salt-and-stone-bergamot-and-hinoki-deodorant-75g/,BuyBetter,,Lagos
SALT AND STONE Black Rose And Oud Deodorant 75g,Generic/Unlisted,41925.0,https://buybetter.ng/product/salt-and-stone-black-rose-and-oud-deodorant-75g/,BuyBetter,,Lagos
SALT AND STONE Lily And Yuzu Deodorant 75g,Generic/Unlisted,41925.0,https://buybetter.ng/product/salt-and-stone-lily-and-yuzu-deodorant-75g/,BuyBetter,,Lagos
SALT AND STONE Neroli And Basil Body Lotion 100ml,Generic/Unlisted,39775.0,https://buybetter.ng/product/salt-and-stone-neroli-and-basil-body-lotion-100ml/,BuyBetter,,Lagos
SALT AND STONE Neroli And Basil Deodorant 75g,Generic/Unlisted,41925.0,https://buybetter.ng/product/salt-and-stone-neroli-and-basil-deodorant-75g/,BuyBetter,,Lagos
SALT AND STONE Santal And Vetiver Body Wash 450ml,Generic/Unlisted,68800.0,https://buybetter.ng/product/salt-and-stone-santal-and-vetiver-body-wash-450ml/,BuyBetter,,Lagos
SALTAIR Santal Bloom Shimmering Body Oil 118ml,Generic/Unlisted,48375.0,https://buybetter.ng/product/saltair-santal-bloom-shimmering-body-oil-118ml/,BuyBetter,,Lagos
SEAPURI Scalpy Hair Serum 20ml,Generic/Unlisted,17200.0,https://buybetter.ng/product/seapuri-scalpy-hair-serum-20ml/,BuyBetter,,Lagos
SEOKYDA -Honey Blend Intensive Care Pure Calming Ampoule,Generic/Unlisted,20200.0,https://buybetter.ng/product/seokyda-honey-blend-intensive-care-pure-calming-ampoule/,BuyBetter,,Lagos
SEOUL 1988 -Retinal Liposome 1% + Fermented Rice Cream 50ml,Generic/Unlisted,14500.0,https://buybetter.ng/product/seoul-1988-cream-retinal-liposome-1-fermented-rice/,BuyBetter,,Lagos
SEOUL 1988 -Snail Mucin 93% + Rice Cream 100ml,Generic/Unlisted,14900.0,https://buybetter.ng/product/seoul-1988-snail-mucin-93-rice-cream/,BuyBetter,,Lagos
SEOUL 1988 BOOSTING SERUM: COLLAGEN COMPLEX 7 + RED GINSENG 30ml,Generic/Unlisted,14700.0,https://buybetter.ng/product/seoul-1988-boosting-serum-collagen-complex-7-red-ginseng-30ml/,BuyBetter,,Lagos
SEOUL 1988 Capsule Cream Niacinamide 5%  Yuja 50ml,Generic/Unlisted,14850.0,https://buybetter.ng/product/seoul-1988-capsule-cream-niacinamide-5-yuja-50ml/,BuyBetter,,Lagos
SEOUL 1988 Sleeping Mask : Collagen Complex 7 + Red Bean 60ml,Generic/Unlisted,14700.0,https://buybetter.ng/product/seoul-1988-sleeping-mask-collagen-complex-7-red-bean-60ml/,BuyBetter,,Lagos
SEOUL1988 -Glow Serum Niacinamide 15% Yuja 30ml,Generic/Unlisted,12792.5,https://buybetter.ng/product/seoul1988-glow-serum-niacinamide-15-yuja-30ml/,BuyBetter,,Lagos
SHEA MOISTURE -CURL ENHANCING (Coconut and Hibiscus) SMOOTHIE 12 OZ 340g,Generic/Unlisted,13653.0,https://buybetter.ng/product/coco-hibiscus-curl-enhancing-smoothie-340g-2/,BuyBetter,,Lagos
SHEA MOISTURE -JAMAICAN Black Castor Oil (Strengthen and Restore) Leave-in CONDITIONER 11.5 oz 384ml,Generic/Unlisted,13115.0,https://buybetter.ng/product/shea-moisture-jamaican-black-castor-oil-strengthen-restore-leave-in-conditioner-11-5-oz-340ml/,BuyBetter,,Lagos
SHEA MOISTURE -Manuka Honey and Yogurt (Hydrate + Repair Protein Power) Treatment 8fl oz 237ml,Generic/Unlisted,14943.0,https://buybetter.ng/product/shea-moisture-manuka-honey-yogurt-hydrate-repair-protein-power-treatment-8fl-oz-237ml/,BuyBetter,,Lagos
SHEA MOISTURE -Raw Shea Butter (sea kelp and Argan Oil) Deep Moisturizing CONDITIONER 13 oz 384ml,Generic/Unlisted,13223.0,https://buybetter.ng/product/raw-shea-butter-moisture-conditioner/,BuyBetter,,Lagos
SHISEIDO Professional -Anessa Perfect UV Sunscreen Skincare Gel 90g,Generic/Unlisted,10.0,https://buybetter.ng/product/shiseido-professional-anessa-perfect-uv-sunscreen-skincare-gel-90g/,BuyBetter,,Lagos
SHISEIDO Professional -Anessa Perfect UV Sunscreen Skincare Milk 60ml,Generic/Unlisted,9.0,https://buybetter.ng/product/shiseido-professional-anessa-perfect-uv-sunscreen-skincare-milk-60ml/,BuyBetter,,Lagos
SHISEIDO Professional -SUBLIMIC Fuente Forte SHAMPOO (Oily Scalp) 1000ml,Generic/Unlisted,11.0,https://buybetter.ng/product/shiseido-professional-sublimic-fuente-forte-shampoo-oily-scalp-1000ml/,BuyBetter,,Lagos
SIMPLE Glow Facial Wash (Protect ‘N Glow) 150ml,Generic/Unlisted,7471.0,https://buybetter.ng/product/simple-glow-facial-wash-protect-n-glow-150ml/,BuyBetter,,Lagos
SIMPLE Hydrating Light Moisturizer 125ml,Generic/Unlisted,4790.0,https://buybetter.ng/product/simple-hydrating-light-moisturizer-125ml/,BuyBetter,,Lagos
SIMPLE Kind To Skin Replenishing Rich Moisturizer 125ml,Generic/Unlisted,4900.0,https://buybetter.ng/product/simple-kind-to-skin-replenishing-rich-moisturizer-125ml/,BuyBetter,,Lagos
SIMPLE Kind to Skin Micellar Cleansing Water 400ml,Generic/Unlisted,5800.0,https://buybetter.ng/product/simple-kind-to-skin-micellar-cleansing-water-400ml/,BuyBetter,,Lagos
SIMPLE Kind to Skin Refreshing Facial Gel Wash 150ML,Generic/Unlisted,4837.0,https://buybetter.ng/product/simple-kind-to-skin-refreshing-facial-gel-wash-150ml/,BuyBetter,,Lagos
SIMPLE Moisturizing Facial Wash 150ml,Generic/Unlisted,4800.0,https://buybetter.ng/product/simple-moisturizing-facial-wash-150ml/,BuyBetter,,Lagos
SKEENPOINT Ceramide Serum Skin Barrier Repair 30ml,Generic/Unlisted,9729.0,https://buybetter.ng/product/skeenpoint-ceramide-serum-skin-barrier-repair-30ml/,BuyBetter,,Lagos
SKEENPOINT Glow And Radiance Brightening Body Wash 33.8 oz 1000ml,Generic/Unlisted,9675.0,https://buybetter.ng/product/skeenpoint-glow-and-radiance-brightening-body-wash-33-8-oz-1000ml/,BuyBetter,,Lagos
SKEENPOINT Skin Polishing Whitening Lightening Body Wash 1000ml,Generic/Unlisted,9675.0,https://buybetter.ng/product/skeenpoint-skin-polishing-whitening-lightening-body-wash-1000ml/,BuyBetter,,Lagos
SKEENPOINT Vitamin C (Brightening) Serum 1.01 oz 30ml,Generic/Unlisted,8009.0,https://buybetter.ng/product/skeenpoint-vitamin-c-brightening-serum-1-01-oz-30ml/,BuyBetter,,Lagos
SKIN AQUA Hyaluronic Serum UV SPF 50++ 70g,Generic/Unlisted,14620.0,https://buybetter.ng/product/skin-aqua-hyaluronic-serum-uv-spf-50-70g/,BuyBetter,,Lagos
SKIN BY ZARON 1% Retinol Serum 30ml,Generic/Unlisted,11096.0,https://buybetter.ng/product/skin-by-zaron-1-retinol-serum-30ml/,BuyBetter,,Lagos
SKIN BY ZARON 10% Niacinamide serum 30ml,Generic/Unlisted,10750.0,https://buybetter.ng/product/skin-by-zaron-10-niacinamide-serum-30ml/,BuyBetter,,Lagos
SKIN BY ZARON 2% Alpha Arbutin serum 30ml,Generic/Unlisted,11000.0,https://buybetter.ng/product/skin-by-zaron-2-alpha-arbutin-serum-30ml/,BuyBetter,,Lagos
SKIN BY ZARON 2% Hyaluronic Acid Serum 30ml,Generic/Unlisted,11341.25,https://buybetter.ng/product/skin-by-zaron-2-hyaluronic-acid-serum-30ml/,BuyBetter,,Lagos
SKIN BY ZARON Brightening and Exfoliating Glow Face Wash 200ml,Generic/Unlisted,10091.0,https://buybetter.ng/product/skin-by-zaron-brightening-and-exfoliating-glow-face-wash-200ml/,BuyBetter,,Lagos
"SKIN BY ZARON GLYCOLIC ACID 7% (Exfoliating, Brightening, Smoothing) Toner 150ml",Generic/Unlisted,12362.5,https://buybetter.ng/product/skin-by-zaron-glycolic-acid-7-exfoliating-brightening-smoothing-toner-150ml/,BuyBetter,,Lagos
SKIN BY ZARON Glow Plus (Night) 30g,Generic/Unlisted,11288.0,https://buybetter.ng/product/skin-by-zaron-glow-plus-night-30g/,BuyBetter,,Lagos
SKIN BY ZARON Men (Face And Body) Lotion 500ml,Generic/Unlisted,13500.0,https://buybetter.ng/product/skin-by-zaron-men-face-and-body-lotion-500ml/,BuyBetter,,Lagos
SKIN BY ZARON Men (Face And Body) Wash 500ml,Generic/Unlisted,11933.0,https://buybetter.ng/product/skin-by-zaron-men-face-and-body-wash-500ml/,BuyBetter,,Lagos
SKIN BY ZARON Moisture Boost (Hydrating Essence) 100ml,Generic/Unlisted,9589.0,https://buybetter.ng/product/skin-by-zaron-moisture-boost-hydrating-essence-100ml/,BuyBetter,,Lagos
SKIN BY ZARON Moisturizing Gentle Face Wash 100ml,Generic/Unlisted,4900.0,https://buybetter.ng/product/skin-by-zaron-moisturizing-gentle-face-wash-100ml/,BuyBetter,,Lagos
SKIN BY ZARON Papaya Brightening Body Wash 650ml,Generic/Unlisted,11000.0,https://buybetter.ng/product/skin-by-zaron-papaya-brightening-body-wash-650ml/,BuyBetter,,Lagos
"SKIN BY ZARON SALICYLIC ACID 2% (Clarifying, Brightening, Exfoliating) Toner 150ml",Generic/Unlisted,11564.0,https://buybetter.ng/product/skin-by-zaron-salicylic-acid-2-clarifying-brightening-exfoliating-toner-150ml/,BuyBetter,,Lagos
SKIN BY ZARON Skin Glow Therapy Ultra Moisturizing Body Lotion 500ml,Generic/Unlisted,15400.0,https://buybetter.ng/product/skin-by-zaron-skin-glow-therapy-ultra-moisturizing-body-lotion-500ml/,BuyBetter,,Lagos
SKIN BY ZARON Sun Protection (DAY CREAM) SPF 50+ PA+++ 50g,Generic/Unlisted,14196.0,https://buybetter.ng/product/skin-by-zaron-sun-protection-day-cream-spf-50-pa-50g/,BuyBetter,,Lagos
SKIN BY ZARON Ultimate Glow Brightening Toner 300ml,Generic/Unlisted,11449.0,https://buybetter.ng/product/skin-by-zaron-ultimate-glow-brightening-toner-300ml/,BuyBetter,,Lagos
SKIN BY ZARON VITAMIN C (Brightening And Moisturizing) Body Lotion 500ml,Generic/Unlisted,14800.0,https://buybetter.ng/product/skin-by-zaron-vitamin-c-brightening-moisturizing-body-lotion-500ml/,BuyBetter,,Lagos
SKIN BY ZARON VITAMIN C Body Wash 650ml,Generic/Unlisted,11718.0,https://buybetter.ng/product/skin-by-zaron-vitamin-c-body-wash-650ml/,BuyBetter,,Lagos
SKIN BY ZARON Vitamin C Serum 30ml,Generic/Unlisted,11400.0,https://buybetter.ng/product/skin-by-zaron-vitamin-c-serum-30ml/,BuyBetter,,Lagos
SKIN BY ZARON – Glow And Hydrating Body Oil 200ml,Generic/Unlisted,13438.0,https://buybetter.ng/product/skin-by-zaron-glow-and-hydrating-body-oil-200ml/,BuyBetter,,Lagos
SKIN1004 -Madagasca Centella Ampoule Foam 125ml,Skin1004,14400.0,https://buybetter.ng/product/skin1004-madagascar-centella-ampoule-foam-125ml/,BuyBetter,,Lagos
SKIN1004 -Madagasca Centella Hyalu-Cica brightening toner 210ml,Skin1004,18000.0,https://buybetter.ng/product/skin1004-madagascar-centella-hyalu-cica-brightening-toner-210ml/,BuyBetter,,Lagos
SKIN1004 -Madagasca Centella Tea Trica BHA Foam 125ml,Skin1004,15500.0,https://buybetter.ng/product/skin1004-madagascar-centella-tea-trica-bha-foam-125ml/,BuyBetter,,Lagos
SKIN1004 -Madagasca Centella Tone Brightening boosting Toner 210ml,Skin1004,17953.0,https://buybetter.ng/product/skin1004-madagascar-centella-tone-brightening-boosting-toner-210ml/,BuyBetter,,Lagos
SKIN1004 -Madagascar Centella Poremirizing Deep Cleansing Foam 125ml,Skin1004,15200.0,https://buybetter.ng/product/skin1004-madagascar-centella-poremirizing-deep-cleansing-foam-125ml/,BuyBetter,,Lagos
SKIN1004 -Madagascar Centella Poremizing Quick Clay Stick Mask 27g,Skin1004,18813.0,https://buybetter.ng/product/skin1004-madagascar-centella-poremizing-quick-clay-stick-mask-27g/,BuyBetter,,Lagos
SKIN1004 Madagasca Centella Toning Toner 210ml,Skin1004,13061.0,https://buybetter.ng/product/skin1004-madagascar-centella-toning-toner-210ml/,BuyBetter,,Lagos
SKIN1004 Madagascar Centella Even Tone Kit 20ml,Skin1004,22050.0,https://buybetter.ng/product/skin1004-madagascar-centella-even-tone-kit-20ml/,BuyBetter,,Lagos
SKIN1004 Madagascar Centella Light cleansing oil 200ml,Skin1004,14620.0,https://buybetter.ng/product/skin1004-madagasca-centella-light-cleansing-oil-200ml/,BuyBetter,,Lagos
SKIN1004 Madagascar Centella Tea Trica B5 Cream 75ml,Skin1004,14835.0,https://buybetter.ng/product/skin1004-madagascar-centella-tea-trica-b5-cream-75ml/,BuyBetter,,Lagos
SKIN1004 Madagascar Centella Tea-Trica B5 Spot Cream 20ml,Skin1004,14405.0,https://buybetter.ng/product/skin1004-madagascar-centella-tea-trica-b5-spot-cream-20ml/,BuyBetter,,Lagos
SKIN1004 Madagascar Centella Tea-Trica Purifying Toner 210ml,Skin1004,16448.0,https://buybetter.ng/product/skin1004-madagascar-centella-tea-trica-purifying-toner-210ml/,BuyBetter,,Lagos
SKIN1004 Madagascar Retinol 0.2% Serum 30ml,Skin1004,14728.0,https://buybetter.ng/product/skin1004-madagascar-retinol-0-2-serum-30ml/,BuyBetter,,Lagos
SKINFOOD 1957 -Rice Brightening Pad (60 pads) 8.81 oz 250g,Skinfood,32579.0,https://buybetter.ng/product/skinfood-1957-rice-brightening-pad-60-pads-8-81-oz-250g/,BuyBetter,,Lagos
SKINFOOD 1957 -Rice Mask Wash Off 4.23 oz 120g,Skinfood,10750.0,https://buybetter.ng/product/skinfood-1957-rice-mask-wash-off-4-23-oz-120g/,BuyBetter,,Lagos
SKINFOOD 1957 -Strawberry Sugar Food Mask 4.23 oz 120g,Skinfood,9998.0,https://buybetter.ng/product/skinfood-1957-strawberry-sugar-food-mask-4-23-oz-120g/,BuyBetter,,Lagos
SKINFOOD 1957 Black Sugar Mask Wash Off 4.23 oz 120g,Skinfood,19115.0,https://buybetter.ng/product/skinfood-1957-black-sugar-mask-wash-off-4-23-oz-120g/,BuyBetter,,Lagos
SKINFOOD 1957 Daily Brightening Rice Cleansing Foam 150ml,Skinfood,8600.0,https://buybetter.ng/product/skinfood-1957-daily-brightening-rice-cleansing-foam-150ml/,BuyBetter,,Lagos
SKINFOOD 1957 Egg White Pore Mask,Skinfood,10750.0,https://buybetter.ng/product/skinfood-1957-egg-white-pore-mask/,BuyBetter,,Lagos
SKINFOOD 1957 Strawberry Black Sugar Mask Wash Off 100g,Skinfood,10750.0,https://buybetter.ng/product/skinfood-1957-strawberry-black-sugar-mask-wash-off-100g/,BuyBetter,,Lagos
SOL DE JANEIRO Fragrance Cheirosa 39 Parfumee Mist 90ml,Generic/Unlisted,43000.0,https://buybetter.ng/product/sol-de-janeiro-fragrance-cheirosa-39-parfumee-mist-90ml/,BuyBetter,,Lagos
SOL DE JANEIRO Fragrance Cheirosa 59 Parfumee Mist 90ml,Generic/Unlisted,43000.0,https://buybetter.ng/product/sol-de-janeiro-fragrance-cheirosa-59-parfumee-mist-90ml/,BuyBetter,,Lagos
SOL DE JANEIRO Fragrance Cheirosa 76 Parfumee Mist 90ml,Generic/Unlisted,43000.0,https://buybetter.ng/product/sol-de-janeiro-fragrance-cheirosa-76-parfumee-mist-90ml/,BuyBetter,,Lagos
SOL DE JANEIRO Fragrance Sundays In Rio Parfumee Mist 90ml,Generic/Unlisted,48375.0,https://buybetter.ng/product/sol-de-janeiro-fragrance-sundays-in-rio-parfumee-mist-90ml/,BuyBetter,,Lagos
SOL DE JANEIRO Glow Ready With Me (Gift Box),Generic/Unlisted,127925.0,https://buybetter.ng/product/sol-de-janeiro-glow-ready-with-me-gift-box/,BuyBetter,,Lagos
ST IVES -Energizing (citrus and cherry blossom) Body Wash 650ml,Generic/Unlisted,8009.0,https://buybetter.ng/product/st-ives-energizing-body-wash-citrus-cherry-blossom-650ml/,BuyBetter,,Lagos
ST IVES -Hydrating (coconut water and Orchid) body wash 650ml,Generic/Unlisted,8009.0,https://buybetter.ng/product/st-ives-hydrating-body-wash-coconut-water-and-orchid-650ml/,BuyBetter,,Lagos
STARA -Glister Luxe Body Oil,Generic/Unlisted,17334.0,https://buybetter.ng/product/stara-glister-luxe-body-oil/,BuyBetter,,Lagos
STARA -Luxe Body Oil,Generic/Unlisted,17334.0,https://buybetter.ng/product/stara-luxe-body-oil/,BuyBetter,,Lagos
STARA -Revive Luxe Body Oil,Generic/Unlisted,17334.0,https://buybetter.ng/product/stara-revive-luxe-body-oil/,BuyBetter,,Lagos
STARA -Sultry Luxe Body Oil,Generic/Unlisted,17334.0,https://buybetter.ng/product/stara-sultry-luxe-body-oil/,BuyBetter,,Lagos
STARA -Tutty Fruity Luxe Body Oil,Generic/Unlisted,17334.0,https://buybetter.ng/product/stara-tutty-fruity-luxe-body-oil/,BuyBetter,,Lagos
SUNGBOON EDITOR Deep Collagen Niacin-Vita C Brightening Mask (1ea),Generic/Unlisted,5949.0,https://buybetter.ng/product/sungboon-editor-deep-collagen-niacin-vita-c-brightening-mask-1ea/,BuyBetter,,Lagos
SUNKISSED Body Shimmer Highlighter 100ml,Generic/Unlisted,9000.0,https://buybetter.ng/product/sunkissed-body-shimmer-highlighter-100ml/,BuyBetter,,Lagos
SUNKISSED SKIN -Retinol Serum 30ml,Generic/Unlisted,5913.0,https://buybetter.ng/product/sunkissed-skin-retinol-serum-30ml/,BuyBetter,,Lagos
SUPERGOOP – Unseen SPF 40 Sunscreen Stick 20g,Generic/Unlisted,52500.0,https://buybetter.ng/product/supergoop-unseen-spf-40-sunscreen-stick-20g/,BuyBetter,,Lagos
SWEET BEAUTY Spa Headband And Wristband Set,Generic/Unlisted,4945.0,https://buybetter.ng/product/sweet-beauty-spa-headband-wristband-set/,BuyBetter,,Lagos
TAMPAX Radiant (LeakGuard Braid) Protection Tampons Trio Pack 52 Tampons,Generic/Unlisted,32250.0,https://buybetter.ng/product/tampax-radiant-leakguard-braid-protection-tampons-trio-pack-52-tampons/,BuyBetter,,Lagos
THAYERS Hydrating Milky Toner (NORMAL TO DRY SKIN) 355ml,Generic/Unlisted,29025.0,https://buybetter.ng/product/thayers-hydrating-milky-toner-normal-to-dry-skin-355ml/,BuyBetter,,Lagos
THAYERS Oil Balancing Jelly Toner 355ml,Generic/Unlisted,29025.0,https://buybetter.ng/product/thayers-oil-balancing-jelly-toner-355ml/,BuyBetter,,Lagos
THE ANTI-AGING STARTER KIT,Generic/Unlisted,3.0,https://buybetter.ng/product/the-anti-aging-starter-kit/,BuyBetter,,Lagos
THE EVERYTHING ROUTINE,Generic/Unlisted,39219.0,https://buybetter.ng/product/the-everything-routine/,BuyBetter,,Lagos
THE HONEYPOT Normal Wash 163ml,Generic/Unlisted,27950.0,https://buybetter.ng/product/the-honeypot-normal-wash-163ml/,BuyBetter,,Lagos
THE ORDINARY -Saccharomyces ferment 30% milk toner 100ml,The Ordinary,24725.0,https://buybetter.ng/product/the-ordinary-saccharomyces-ferment-30-milk-toner-30ml/,BuyBetter,,Lagos
THE ORDINARY AHA 30% + BHA 2% Peeling Solution 30ml,The Ordinary,20963.0,https://buybetter.ng/product/the-ordinary-aha-30-bha-2-peeling-solution-30ml/,BuyBetter,,Lagos
THE ORDINARY Caffeine Solution 5% + EGCG 30ml,The Ordinary,17700.0,https://buybetter.ng/product/the-ordinary-caffeine-solution-5-egcg/,BuyBetter,,Lagos
THE ORDINARY GLYCOLIC ACID 7% EXFOLIATING TONER 100ML,The Ordinary,16900.0,https://buybetter.ng/product/the-ordinary-glycolic-acid-7-exfoliating-toner-100ml-2/,BuyBetter,,Lagos
THE ORDINARY Retinol 1% in Squalane Serum 30ml,The Ordinary,18275.0,https://buybetter.ng/product/the-ordinary-retinol-1-in-squarelane-30ml/,BuyBetter,,Lagos
THE ORDINARY Soothing And Barrier Support Serum 30ml,The Ordinary,29650.0,https://buybetter.ng/product/the-ordinary-soothing-and-barrier-support-serum-30ml/,BuyBetter,,Lagos
THE PREGNANCY-SAFE GLOW KIT,Generic/Unlisted,4.0,https://buybetter.ng/product/the-pregnancy-safe-glow-kit/,BuyBetter,,Lagos
THERABREATH -Dentist Formulated Deep Clean (Fresh Mint) Oral Rinse 473ml,Generic/Unlisted,19243.0,https://buybetter.ng/product/therabreath-dentist-formulated-deep-clean-fresh-mint-oral-rinse-473ml/,BuyBetter,,Lagos
THERABREATH -Dentist Formulated Fresh Breath (Invigorating Icy Mint Rinse) Oral Rinse 473ml,Generic/Unlisted,19243.0,https://buybetter.ng/product/therabreath-dentist-formulated-fresh-breath-invigorating-icy-mint-rinse-oral-rinse-473ml/,BuyBetter,,Lagos
THERABREATH -For Kids Dentist Formulated Anti Cavity (Strawberry Splash) Oral Rinse 296ml,Generic/Unlisted,14500.0,https://buybetter.ng/product/therabreath-for-kids-dentist-formulated-anti-cavity-strawberry-splash-oral-rinse-296ml/,BuyBetter,,Lagos
THERABREATH -For Kids Dentist Formulated Anti Cavity (Wacky Watermelon) Oral Rinse 296ml,Generic/Unlisted,14500.0,https://buybetter.ng/product/therabreath-for-kids-dentist-formulated-anti-cavity-wacky-watermelon-oral-rinse-296ml/,BuyBetter,,Lagos
THERABREATH Dentist Formulated Anticavity 24H Oral Rinse(Clean Mint) 88.7ml,Generic/Unlisted,9900.0,https://buybetter.ng/product/therabreath-dentist-formulated-anticavity-24h-oral-rinseclean-mint-88-7ml/,BuyBetter,,Lagos
THERABREATH Dentist Formulated Anticavity 24H Oral Rinse(Dazzling Mint) 88.7ml,Generic/Unlisted,9900.0,https://buybetter.ng/product/therabreath-dentist-formulated-anticavity-24h-oral-rinsedazzling-mint-88-7ml/,BuyBetter,,Lagos
THERABREATH Dentist Formulated Anticavity 24H Oral Rinse(Fresh Mint) 88.7ml,Generic/Unlisted,8278.0,https://buybetter.ng/product/therabreath-dentist-formulated-anticavity-24h-oral-rinsefresh-mint-88-7ml/,BuyBetter,,Lagos
THERABREATH Dentist Formulated Anticavity 24H Oral Rinse(Invigorating Icy Mint) 88.7ml,Generic/Unlisted,9900.0,https://buybetter.ng/product/therabreath-dentist-formulated-anticavity-24h-oral-rinseinvigorating-icy-mint-88-7ml/,BuyBetter,,Lagos
THERABREATH Dentist Formulated Anticavity 24H Oral Rinse(Sparkle Mint) 88.7ml,Generic/Unlisted,9900.0,https://buybetter.ng/product/therabreath-dentist-formulated-anticavity-24h-oral-rinsesparkle-mint-88-7ml/,BuyBetter,,Lagos
THERABREATH Dentist Formulated Fresh Breath (Rain Forest Mint) Oral Rinse 473ml,Generic/Unlisted,19243.0,https://buybetter.ng/product/therabreath-dentist-formulated-fresh-breath-rain-forest-mint-oral-rinse-473ml/,BuyBetter,,Lagos
THERABREATH Dentist Formulated Overnight Oral Rinse (Chamomile Mint) 473ml,Generic/Unlisted,19243.0,https://buybetter.ng/product/therabreath-dentist-formulated-overnight-oral-rinse-chamomile-mint-473ml/,BuyBetter,,Lagos
"THERABREATH Dry Mouth Oral Rinse, Tingling Mint Flavor, 473ml",Generic/Unlisted,19243.0,https://buybetter.ng/product/therabreath-dry-mouth-oral-rinse-tingling-mint-flavor-473ml/,BuyBetter,,Lagos
THERABREATH – Dentist Formulated Anti Cavity (Sparkle Mint) Oral Rinse 473ml,Generic/Unlisted,19243.0,https://buybetter.ng/product/therabreath-dentist-formulated-anti-cavity-sparkle-mint-oral-rinse-473ml/,BuyBetter,,Lagos
THERALOGIX -Ovasitol Inositol Powder Supplement 14.12 oz 400g,Generic/Unlisted,172000.0,https://buybetter.ng/product/theralogix-ovasitol-inositol-powder-supplement-14-12-oz-400g/,BuyBetter,,Lagos
TIAM Alpha 5 Mela Care Cream 50ml,TIAM,9998.0,https://buybetter.ng/product/tiam-alpha-5-mela-care-cream-50ml/,BuyBetter,,Lagos
TIAM Pore Minimizing 21 (Niacinamide) Cream 60ml,TIAM,12255.0,https://buybetter.ng/product/tiam-pore-minimizing-21-niacinamide-cream-60ml/,BuyBetter,,Lagos
TIAM Pore Minimizing 21 (Niacinamide) Serum 40ml,TIAM,11610.0,https://buybetter.ng/product/tiam-pore-minimizing-21-niacinamide-serum-40ml/,BuyBetter,,Lagos
TIAM Vita B3 Mist Toner 200ml,TIAM,12094.0,https://buybetter.ng/product/tiam-vita-b3-mist-toner-200ml/,BuyBetter,,Lagos
TIAM Vita B3 Source 40ml,TIAM,10100.0,https://buybetter.ng/product/tiam-vita-b3-source-40ml-2/,BuyBetter,,Lagos
TIRTIR Collagen Lifting Eye Cream 15ml,Generic/Unlisted,21392.5,https://buybetter.ng/product/tirtir-collagen-lifting-eye-cream-15ml/,BuyBetter,,Lagos
TIRTIR Hydro UV Shield Sunscreen 50ml,Generic/Unlisted,17737.5,https://buybetter.ng/product/tirtir-hydro-uv-shield-sunscreen-50ml/,BuyBetter,,Lagos
TIRTIR Niacinamide 20% Serum 30ml,Generic/Unlisted,22575.0,https://buybetter.ng/product/tirtir-niacinamide-20-serum-30ml/,BuyBetter,,Lagos
TOCOBO -Cotton Soft Sun Stick SPF50+ PA++++ High Protection 0.67 oz 19g,Tocobo,13500.0,https://buybetter.ng/product/tocobo-cotton-soft-sun-stick-spf50-pa/,BuyBetter,,Lagos
TOCOBO Bio Watery Sun Cream SPF+++ 50ml,Tocobo,12500.0,https://buybetter.ng/product/tocobo-bio-watery-sun-cream-spf-50ml/,BuyBetter,,Lagos
TOCOBO CICA COOLING SUN STICK SPF50+ PA+++,Tocobo,12500.0,https://buybetter.ng/product/tocobo-cica-cooling-sun-stick-spf50-pa/,BuyBetter,,Lagos
TOPICREM AC Control Purifying Micellar Water 400ml,Generic/Unlisted,20425.0,https://buybetter.ng/product/topicrem-ac-control-purifying-micellar-water-400ml/,BuyBetter,,Lagos
TOPICREM BABY Cleansing Water Wipes (60 Compostable Wipes),Generic/Unlisted,5913.0,https://buybetter.ng/product/topicrem-baby-cleansing-water-wipes-60m-compostable-wipes/,BuyBetter,,Lagos
TOPICREM DA PROTECT EMOLLIENT BALM 500ML,Generic/Unlisted,27413.0,https://buybetter.ng/product/topicrem-da-protect-emollient-balm-500ml/,BuyBetter,,Lagos
TOPICREM Hydra Light Radiance Cream 40ml,Generic/Unlisted,15480.0,https://buybetter.ng/product/topicrem-hydra-light-radiance-cream-40ml/,BuyBetter,,Lagos
TOPICREM Hydra Protective Day Cream 40ml,Generic/Unlisted,20425.0,https://buybetter.ng/product/topicrem-hydra-protective-day-cream-40ml/,BuyBetter,,Lagos
TOPICREM Hydra Rich Radiance Cream 40ml,Generic/Unlisted,15480.0,https://buybetter.ng/product/topicrem-hydra-rich-radiance-cream-40ml/,BuyBetter,,Lagos
TOPICREM Mela Gentle Anti-Dark Spot Peeling Night Cream 40ml,Generic/Unlisted,25800.0,https://buybetter.ng/product/topicrem-mela-gentle-anti-dark-spot-peeling-night-cream-40ml/,BuyBetter,,Lagos
TOPICREM Sun Protect Spray Spf50+ 150ml,Generic/Unlisted,37303.0,https://buybetter.ng/product/topicrem-sun-protect-spray-spf50-150ml/,BuyBetter,,Lagos
TOPICREM Ultra Hydrant Gentle Scrub 200ml,Generic/Unlisted,20000.0,https://buybetter.ng/product/topicrem-ultra-hydrant-gentle-scrub-200ml/,BuyBetter,,Lagos
TOPICREM Ultra Hydratant Shower Gel 1000ml,Generic/Unlisted,30500.0,https://buybetter.ng/product/topicrem-ultra-hydratant-shower-gel-1000ml/,BuyBetter,,Lagos
TOUCH Bright and Clear Cream 56.7g,Generic/Unlisted,23300.0,https://buybetter.ng/product/touch-bright-and-clear-cream-56-7g/,BuyBetter,,Lagos
TREE HUT (Coco Colada) Foaming Gel Wash 532ml,Generic/Unlisted,17200.0,https://buybetter.ng/product/tree-hut-coco-colada-foaming-gel-wash-532ml/,BuyBetter,,Lagos
TREE HUT (Pineapple) Shea Sugar Scrub 510g,Generic/Unlisted,17200.0,https://buybetter.ng/product/tree-hut-pineapple-shea-sugar-scrub-510g/,BuyBetter,,Lagos
TREE HUT (Strawberry) Shea Sugar Scrub 510g,Generic/Unlisted,17000.0,https://buybetter.ng/product/tree-hut-strawberry-shea-sugar-scrub-510g/,BuyBetter,,Lagos
TREE HUT (Vitamin C) Shea Sugar Scrub 510g,Generic/Unlisted,17000.0,https://buybetter.ng/product/tree-hut-vitamin-c-shea-sugar-scrub-510g/,BuyBetter,,Lagos
TREE HUT -(Watermelon) Shea Sugar Scrub 510g,Generic/Unlisted,18275.0,https://buybetter.ng/product/tree-hut-watermelon-shea-sugar-scrub-510g-2/,BuyBetter,,Lagos
TREE HUT Moroccan Rose Foaming Gel Wash 532ml,Generic/Unlisted,17200.0,https://buybetter.ng/product/tree-hut-moroccan-rose-foaming-gel-wash-532ml/,BuyBetter,,Lagos
TREE HUT Pink Hibiscus Foaming Gel Wash 532ml,Generic/Unlisted,17200.0,https://buybetter.ng/product/tree-hut-pink-hibiscus-foaming-gel-wash-532ml/,BuyBetter,,Lagos
TREE HUT Strawberry Foaming Gel Wash 532ml,Generic/Unlisted,17200.0,https://buybetter.ng/product/tree-hut-strawberry-foaming-gel-wash-532ml/,BuyBetter,,Lagos
TRESemme -Keratin SMOOTH (weightless) CONDITIONER 828ml,Generic/Unlisted,9138.0,https://buybetter.ng/product/tresemme-keratin-smooth-weightless-conditioner-828ml/,BuyBetter,,Lagos
TRESemme -Rich Moisture (HYALURONIC PLEX) CONDITONER 39fl OZ 1.15L,Generic/Unlisted,9675.0,https://buybetter.ng/product/tresemme-rich-moisture-hyaluronic-plex-conditoner-39fl-oz-1-15l/,BuyBetter,,Lagos
The1nkeylist – Salicylic Acid Cleanser 150ml,Generic/Unlisted,29600.0,https://buybetter.ng/product/theinkeylist-salicylic-acid-cleanser-5-0-oz-150ml/,BuyBetter,,Lagos
Tree Hut Vitamin C Nourishing And Moisturizing Foaming Gel Wash 532ml,Generic/Unlisted,17200.0,https://buybetter.ng/product/tree-hut-vitamin-c-nourishing-moisturizing-foaming-gel-wash-532ml-2/,BuyBetter,,Lagos
UNCOVER -I AM PROTECTED Aloe Invisible SPF50+ PA+++ UVA + UVB Sunscreen (MINI) 1.35 oz 40ml,Generic/Unlisted,15910.0,https://buybetter.ng/product/uncover-i-am-protected-aloe-invisible-spf50-pa-uva-uvb-sunscreen-mini-1-35-oz-40ml/,BuyBetter,,Lagos
UNCOVER -I AM PROTECTED Aloe Invisible SPF50+ PA+++ UVA + UVB Sunscreen 2.7 oz 80ml,Generic/Unlisted,21769.0,https://buybetter.ng/product/uncover-i-am-protected-aloe-invisible-spf50-pa-uva-uvb-sunscreen-2-7-oz-80ml/,BuyBetter,,Lagos
UNCOVER I AM BALANCED Rooibos Glow Toner Lotion 4.22 oz 125ml,Generic/Unlisted,15050.0,https://buybetter.ng/product/uncover-i-am-balanced-rooibos-glow-toner-lotion-4-22-oz-125ml/,BuyBetter,,Lagos
UNCOVER I AM RADIANT Baobab Glow-C Serum 1.01 oz 30ml,Generic/Unlisted,24725.0,https://buybetter.ng/product/uncover-i-am-radiant-baobab-glow-c-serum-1-01-oz-30ml/,BuyBetter,,Lagos
UNCOVER I AM REFRESHED Gentle Hydrating Cleanser 120ml,Generic/Unlisted,12363.0,https://buybetter.ng/product/uncover-i-am-refreshed-gentle-hydrating-cleanser-120ml/,BuyBetter,,Lagos
UNCOVER I AM SMOOTH Argan Hydrating Moisturiser 3.38 oz 100ml,Generic/Unlisted,16300.0,https://buybetter.ng/product/uncover-i-am-smooth-argan-hydrating-moisturiser-3-38-oz-100ml/,BuyBetter,,Lagos
URBAN SKIN RX -Vitamin C + E Glowing Moisturizer 50ml,Generic/Unlisted,36765.0,https://buybetter.ng/product/urban-skin-rx-vitamin-c-e-glowing-moisturizer-50ml/,BuyBetter,,Lagos
URBAN SKIN RX Fade Fix Bump And Dark Spot 10% AHA Exfoliating Solution 97.6ml,Generic/Unlisted,26875.0,https://buybetter.ng/product/urban-skin-rx-fade-fix-bump-and-dark-spot-10-aha-exfoliating-solution-97-6ml/,BuyBetter,,Lagos
URBAN SKIN RX Super C Body Bright Oil 120ml,Generic/Unlisted,36800.0,https://buybetter.ng/product/urban-skin-rx-super-c-body-bright-oil-120ml/,BuyBetter,,Lagos
URBAN SKIN RX YouthHero AM/PM Serums 30ml,Generic/Unlisted,34400.0,https://buybetter.ng/product/urban-skin-rx-youthhero-am-pm-serums-30ml/,BuyBetter,,Lagos
URBAN SKIN Rx -Hypercorrect Intense Fading Cream 50ml,Generic/Unlisted,69553.0,https://buybetter.ng/product/urban-skin-rx-hypercorrect-intense-fading-cream-50ml/,BuyBetter,,Lagos
URO – Vaginal Probiotic Capsules,Generic/Unlisted,51600.0,https://buybetter.ng/product/uro-o-positiv-vaginal-probiotic-capsules-dietary-supplements-60caps/,BuyBetter,,Lagos
VANISH PFB Ultra 93g,Generic/Unlisted,33000.0,https://buybetter.ng/product/pfb-vanish-ultra/,BuyBetter,,Lagos
VASELINE -Intensive Care (Aloe Soothe) 48Hr Moisture Body Lotion 400ml,Generic/Unlisted,6021.0,https://buybetter.ng/product/vaseline-intensive-care-aloe-soothe-48hr-moisture-body-lotion-400ml/,BuyBetter,,Lagos
VASELINE -Intensive Care (Cocoa Glow) 48Hr Moisture Body Lotion 400ml,Generic/Unlisted,6021.0,https://buybetter.ng/product/vaseline-intensive-care-cocoa-glow-48hr-moisture-body-lotion-400ml/,BuyBetter,,Lagos
VASELINE -Intensive Care (Dry Skin Repair) 72hr Body Lotion 400ml,Generic/Unlisted,6021.0,https://buybetter.ng/product/vaseline-intensive-care-dry-skin-repair-72hr-body-lotion-400ml/,BuyBetter,,Lagos
VASELINE -Intensive Care (Essential Healing) 48Hr Moisture Body Lotion 400ml,Generic/Unlisted,6021.0,https://buybetter.ng/product/vaseline-intensive-care-essential-healing-48hr-moisture-body-lotion-400ml/,BuyBetter,,Lagos
VASELINE GLUTAGLOW Bright And Renew (3% Niacinamide + Vit C And E) Ampoule Serum 48hr Deodorant 45ml,Generic/Unlisted,7310.0,https://buybetter.ng/product/vaseline-glutaglow-bright-and-renew-3-niacinamide-vit-c-e-ampoule-serum-48hr-deodorant-45ml/,BuyBetter,,Lagos
VASELINE GLUTAGLOW Bright And Smooth (3% Niacinamide + Omega 6) Ampoule Serum 48hr Deodorant 45ml,Generic/Unlisted,7310.0,https://buybetter.ng/product/vaseline-glutaglow-bright-and-smooth-3-niacinamide-omega-6-ampoule-serum-48hr-deodorant-45ml/,BuyBetter,,Lagos
VASELINE GLUTAGLOW Bright and Dry (3% Niacinamide + Vit E) Ampoule Serum 48hr Deodorant 45ml,Generic/Unlisted,7310.0,https://buybetter.ng/product/vaseline-glutaglow-bright-and-dry-3-niacinamide-vit-e-ampoule-serum-48hr-deodorant-45ml/,BuyBetter,,Lagos
VASELINE GLUTAGLOW Ultra Bright (3% Niacinamide + Licorice) Ampoule Serum 48hr Deodorant 45ml,Generic/Unlisted,7310.0,https://buybetter.ng/product/vaseline-glutaglow-ultra-bright-3-niacinamide-licorice-ampoule-serum-48hr-deodorant-45ml/,BuyBetter,,Lagos
VASELINE Intensive Care Advanced Repair Body Lotion 400ml,Generic/Unlisted,6021.0,https://buybetter.ng/product/vaseline-intensive-care-advanced-repair-body-lotion-400ml/,BuyBetter,,Lagos
VASELINE Intensive Care Cocoa Radiant Body Oil 200ml,Generic/Unlisted,9800.0,https://buybetter.ng/product/vaseline-intensive-care-cocoa-radiant-body-oil-200ml-2/,BuyBetter,,Lagos
VASELINE Intensive Care Cocoa Radiant Body Oil 200ml (Poland),Generic/Unlisted,8600.0,https://buybetter.ng/product/vaseline-intensive-care-cocoa-radiant-body-oil-200ml-poland/,BuyBetter,,Lagos
VASELINE Intensive Care Vitamin B3 Body Oil 200ml,Generic/Unlisted,8385.0,https://buybetter.ng/product/vaseline-intensive-care-vitamin-b3-body-oil-200ml/,BuyBetter,,Lagos
VASELINE MEN Extra Hydration Lotion 400ml,Generic/Unlisted,6021.0,https://buybetter.ng/product/vaseline-men-extra-hydration-lotion-400ml/,BuyBetter,,Lagos
VASELINE Original Healing Jelly 13.0 oz 368g,Generic/Unlisted,11825.0,https://buybetter.ng/product/vaseline-original-healing-jelly-13-0-oz-368g/,BuyBetter,,Lagos
VASELINE Radiant Hydrating Body Oil 109ml,Generic/Unlisted,31390.0,https://buybetter.ng/product/vaseline-radiant-hydrating-body-oil-109ml/,BuyBetter,,Lagos
VERSED -Weekend Glow Daily Brightening Solution 120ml,Generic/Unlisted,37000.0,https://buybetter.ng/product/versed-weekend-glow-daily-brightening-aha-liquid-exfoliant/,BuyBetter,,Lagos
VICKS -VapoShower Soothing Vapors (5 tablets),Generic/Unlisted,16125.0,https://buybetter.ng/product/vicks-vaposhower-soothing-vapors-5-tablets/,BuyBetter,,Lagos
VILLAGE 11 FACTORY -Perfume Musk Shampoo 17.63 oz 500g,Generic/Unlisted,11300.0,https://buybetter.ng/product/village-11-factory-perfume-musk-shampoo-500g/,BuyBetter,,Lagos
VILLAGE 11 FACTORY ACTIVE CLEAN (TEA TREE) SHEET MASK 23g,Generic/Unlisted,13.0,https://buybetter.ng/product/village-11-factory-active-clean-sheet-mask-tea-tree-23g/,BuyBetter,,Lagos
VILLAGE 11 FACTORY ACTIVE CLEAN SHEET MASK LEMON 23g,Generic/Unlisted,20.0,https://buybetter.ng/product/village-11-factory-active-clean-sheet-mask-lemon-23g/,BuyBetter,,Lagos
VILLAGE 11 FACTORY MIRACLE YOUTH (COLLAGEN) SHEET MASK 23g,Generic/Unlisted,19.0,https://buybetter.ng/product/village-11-factory-miracle-youth-collagen-sheet-mask-23g/,BuyBetter,,Lagos
VILLAGE11 FACTORY MIRACLE YOUTH DOUBLE CLEANSER 150ML,Generic/Unlisted,11900.0,https://buybetter.ng/product/village11factory-miracle-youth-double-cleanser-150ml/,BuyBetter,,Lagos
VITAFUSION Women’s Multi Berry Flavors 150 gummies,Generic/Unlisted,34400.0,https://buybetter.ng/product/vitafusion-womens-multivitamin-220-gummies/,BuyBetter,,Lagos
VT COSMETICS -Red Booster Reedle Shot 100 1.69 oz 50ml,VT Cosmetics,35475.0,https://buybetter.ng/product/vt-cosmetics-red-booster-reedle-shot-100/,BuyBetter,,Lagos
VT COSMETICS -Red Booster Reedle Shot 300 1.69 oz 50ml,VT Cosmetics,37625.0,https://buybetter.ng/product/vt-cosmetics-red-booster-reedle-shot-300/,BuyBetter,,Lagos
VT COSMETICS -Reedle Shot 300 1.69 oz 50ml,VT Cosmetics,38700.0,https://buybetter.ng/product/vt-cosmetics-reedle-shot-300-50ml/,BuyBetter,,Lagos
VT COSMETICS Reedle Shot 100 1.69 oz 50ml,VT Cosmetics,21607.5,https://buybetter.ng/product/vt-cosmetics-reedle-shot-100-50ml/,BuyBetter,,Lagos
VUIVUI  Byeolee Mon to Sun (Tea Tree) Foam Cleanser 100g,Generic/Unlisted,17.0,https://buybetter.ng/product/vuivui-byeolee-mon-to-sun-tea-tree-foam-cleanser-100g/,BuyBetter,,Lagos
VUIVUI – Byeolee Tea Tree Toner 130ml,Generic/Unlisted,13.0,https://buybetter.ng/product/vuivui-byeolee-tea-tree-toner-130ml/,BuyBetter,,Lagos
Vitafusion Lil Critters Gummies 190 Gummies,Generic/Unlisted,23650.0,https://buybetter.ng/product/vitafusion-lil-critters-gummies-190-gummies/,BuyBetter,,Lagos
XBC -TEA TREE Essential Oil 30ml,Generic/Unlisted,3763.0,https://buybetter.ng/product/xbc-tea-tree-essential-oil-30ml/,BuyBetter,,Lagos
XBC -Tea Tree Facial Toner 200ml,Generic/Unlisted,3763.0,https://buybetter.ng/product/xbc-tea-tree-facial-toner-200ml/,BuyBetter,,Lagos
XBC -Tea Tree Facial scrub -250ml,Generic/Unlisted,3763.0,https://buybetter.ng/product/tea-tree-facial-scrub-250ml/,BuyBetter,,Lagos
YOUTHEORY -Ashwagandha Daily Adaptogen Formula Dietary Supplement (180 caps),Generic/Unlisted,56975.0,https://buybetter.ng/product/youtheory-ashwagandha-daily-adaptogen-formula-dietary-supplement-180-caps/,BuyBetter,,Lagos
YOUTHEORY Turmeric Curcumin 2250 MG 210 Capsules,Generic/Unlisted,81700.0,https://buybetter.ng/product/youtheory-turmeric-curcumin-2250-mg-210-capsules/,BuyBetter,,Lagos
ZAPZYT -ACNE WASH CLEANSER 177g,Generic/Unlisted,11300.0,https://buybetter.ng/product/zapzyt-acne-wash-cleanser-177g/,BuyBetter,,Lagos
ZAPZYT ACNE TREATMENT GEL,Generic/Unlisted,11800.0,https://buybetter.ng/product/zapzyt-acne-treatment-gel-28-35g/,BuyBetter,,Lagos
(2- in-1Pack) EOS Vanilla Bean Organic Lip Balm Ogranic Lip Balm 4g,Evolution of Smooth EOS,10500.0,https://teeka4.com/shop/2-in-1pack-eos-vanilla-bean-organic-lip-balm-4g/,Teeka4,,Lagos
(Mini) Bolden Brightening Toner 4.0fl oz / 118ml,Bolden,15700.0,https://teeka4.com/shop/bolden-brightening-toner-4-0fl-oz-118ml/,Teeka4,,Lagos
(Mini) Celimax Derma Nature Fresh Blackhead Jojoba Cleansing Oil 20ml,Celimax,5000.0,https://teeka4.com/shop/mini-celimax-derma-nature-fresh-blackhead-jojoba-cleansing-oil-20ml/,Teeka4,,Lagos
(Mini) JUMISO – Snail Mucin 88 + Peptide Facial Cream 30ml,Jumiso,9500.0,https://teeka4.com/shop/jumiso-snail-mucin-88-peptide-facial-cream-mini-30ml/,Teeka4,,Lagos
(Mini) SKIN1004 Madagascar Centella Probio-Cica Intensive Ampoule 50ml,Skin1004,14930.0,https://teeka4.com/shop/skin1004-madagascar-centella-probio-cica-intensive-ampoule-50ml/,Teeka4,,Lagos
(Mini) Tocobo Cica Calming Aqua Toner 30ml,Tocobo,3500.0,https://teeka4.com/shop/tocobo-cica-calming-aqua-toner-30ml/,Teeka4,,Lagos
(No Frangrance) Medix Retinol & Ferulic Acid Body Cream 444ml,Medix 5.5,17500.0,https://teeka4.com/shop/no-frangrance-medix-retinol-ferulic-acid-no-frangrance-body-cream-444ml/,Teeka4,,Lagos
(Single Bar) Kojie San Skin Lightening Kojic Acid Soap 135g,Kojie san,4500.0,https://teeka4.com/shop/kojie-san-skin-lightening-soap-kojic-acid-soap-135g-single-bar-without-pack/,Teeka4,,Lagos
(Single) Topicals Brightening Eye Masks 1piece,Topicals,6200.0,https://teeka4.com/shop/single-topicals-brightening-eye-masks-1piece/,Teeka4,,Lagos
(Tube) Cerave Moisturising Cream 177ml,CeraVe,10950.0,https://teeka4.com/shop/isntree-spot-saver-mugwort-gauze-mask/,Teeka4,,Lagos
(With SPF) La Roche-Posay Cicaplast Baume B5+ Spf 50 Ultra-Repairing Protective Soothing Balm – 40ml,La Roche-Posay,19999.0,https://teeka4.com/shop/topicrem-2-in-1-cleansing-gel-500ml/,Teeka4,,Lagos
Abib Glutathiosome Dark Spot Serum Vita Drop 50ml,Abib,15999.0,https://teeka4.com/shop/abib-heartleaf-sun-essence-calming-drop-50ml/,Teeka4,,Lagos
Acne & Breakout,Generic/Unlisted,23000.0,https://teeka4.com/shop/acne-breakout/,Teeka4,['bundles'],Lagos
Acwell Licorice Ph Balancing Cleansing Toner 150ml,Acwell,12500.0,https://teeka4.com/shop/acwell-licorice-ph-balancing-cleansing-toner-150ml/,Teeka4,,Lagos
Advanced Clinicals 10% Glycolic + Lactic Acid Exfoliating Cream 16oz / 454g,Advanced Clinicals,16000.0,https://teeka4.com/shop/advanced-clinicals-10-glycolic-lactic-acid-exfoliating-cream-16oz-454g/,Teeka4,,Lagos
Advanced Clinicals 5% Niacinamide Serum 52ml,Advanced Clinicals,12500.0,https://teeka4.com/shop/advanced-clinicals-5-niacinamide-serum-52ml/,Teeka4,,Lagos
Advanced Clinicals Brightening Vitamin C Cleanser 347ml,Advanced Clinicals,13999.0,https://teeka4.com/shop/advanced-clinicals-brightening-vitamin-c-cleanser-347ml/,Teeka4,,Lagos
Advanced Clinicals Collagen Lifting Body Oil 355ml,Advanced Clinicals,23000.0,https://teeka4.com/shop/advanced-clinicals-collagen-lifting-body-oil-355ml/,Teeka4,,Lagos
Advanced Clinicals Encapsulated Retinol Cream 2.5FL OZ (74ml),Advanced Clinicals,13000.0,https://teeka4.com/shop/advanced-clinicals-encapsulated-retinol-cream-2-5fl-oz-74ml/,Teeka4,,Lagos
Advanced Clinicals Peptide Serum 1.7 Fl Oz.,Advanced Clinicals,12000.0,https://teeka4.com/shop/advanced-clinicals-peptide-serum-1-7-fl-oz/,Teeka4,,Lagos
Advanced Clinicals Retinol Cream 16fl,Advanced Clinicals,15500.0,https://teeka4.com/shop/massive-discount-advanced-clinicals-retinol-cream-broken-cover/,Teeka4,,Lagos
Advanced Clinicals Retinol Serum 1.75 FL OZ (52ML),Advanced Clinicals,12500.0,https://teeka4.com/shop/advanced-clinicals-retinol-serum/,Teeka4,,Lagos
Advanced Clinicals Vitamin C + Hyaluronic Brightening Cream 15fl /444ml,Advanced Clinicals,16000.0,https://teeka4.com/shop/advanced-clinicals-vitamin-c-hyaluronic-brightening-cream-15fl-444ml/,Teeka4,,Lagos
Advanced Clinicals Vitamin C Anti-Aging Serum 1.75fl oz / 52ml,Advanced Clinicals,13000.0,https://teeka4.com/shop/advanced-clinicals-vitamin-c-serum-1-7fl/,Teeka4,,Lagos
Advanced Clinicals Vitamin C Brightening Body Oil 355ml,Advanced Clinicals,23000.0,https://teeka4.com/shop/advanced-clinicals-vitamin-c-brigtening-oil-355ml/,Teeka4,,Lagos
Advanced Clinicals Vitamin C Brightening Gel-Cream 74ml,Advanced Clinicals,13500.0,https://teeka4.com/shop/advanced-clinicals-vitamin-c-face-gel-cream-59ml/,Teeka4,,Lagos
Advanced Clinicals Vitamin C Cream 16oz (454g),Advanced Clinicals,16500.0,https://teeka4.com/shop/advanced-clinicals-vitamin-c-cream-16fl/,Teeka4,,Lagos
Advanced clinicals Vitamin C + Tumeric Brightening Body Cream 15 oz /425g,Advanced Clinicals,16000.0,https://teeka4.com/shop/advanced-clinicals-vitamin-c-tumeric-brightening-face-and-body-cream-15fl-oz-444ml/,Teeka4,,Lagos
Advanced clinicals Vitamin C Brightening Body Oil 112ml,Advanced Clinicals,14999.0,https://teeka4.com/shop/advanced-clinicals-vitamin-c-brightening-body-oil-112ml/,Teeka4,,Lagos
Alpha Skin Care Enhanced Renewal Cream 12% Glycolic Acid AHA 2 oz. (56g),Alpha SkinCare,14600.0,https://teeka4.com/shop/be-the-skin-bha-pore-zero-30-second-exfoliator-100g/,Teeka4,,Lagos
Alpha Skin Care Essential Renewal Cream 10% Glycolic AHA  2oz. (56g),Alpha SkinCare,12537.0,https://teeka4.com/shop/advanced-clinicals-clarifying-tea-tree-3-in-1-scrub-moisturizing-body-exfoliator-8-fl-oz-237-ml/,Teeka4,,Lagos
Alpha Skin Care Intensive Renewal Serum 14% Glycolic AHA 2fl.oz (59ml),Alpha SkinCare,14106.0,https://teeka4.com/shop/st-ives-blemish-care-face-wash-with-tea-tree-extracts-200ml/,Teeka4,,Lagos
Alpha Skin Care Moisturizing Body Wash – 354ml,Alpha SkinCare,12000.0,https://teeka4.com/shop/alpha-skin-care-moisturizing-body-wash/,Teeka4,,Lagos
AmLactin Daily Vitamin C Lotion with 7% Lactic Acid – 7.9 oz / 225g,Amlactin,20000.0,https://teeka4.com/shop/amlactin-daily-vitamin-c-lotion-7-9-oz-225g/,Teeka4,,Lagos
Amlactin Calm & Renew Body Butter 312g,Amlactin,20500.0,https://teeka4.com/shop/amlactin-calm-renew-body-butter-312g/,Teeka4,,Lagos
Amlactin Calm & Renew Lotion 400g,Amlactin,20500.0,https://teeka4.com/shop/amlactin-calm-renew-lotion-400g/,Teeka4,,Lagos
Amlactin Daily Healing 12% Lactic Acid Lotion 20oz/567g,Amlactin,33000.0,https://teeka4.com/shop/amlactin-daily-healing-12-lactic-acid-lotion-20oz-567g-2/,Teeka4,,Lagos
Amlactin Daily Nourish Lotion – 7.9oz / 225g,Amlactin,20000.0,https://teeka4.com/shop/amlactin-daily-nourish-lotion-with-12-lactic-acid-7-9oz-225g/,Teeka4,,Lagos
Amlactin Intensive Healing 15% AHA Cream 340g,Amlactin,28000.0,https://teeka4.com/shop/amlactin-intensive-healing-cream-with-15-lactic-acid-aha-340g/,Teeka4,,Lagos
Amlactin Intensive Healing 15% AHA Lotion 7.9oz / 225g,Amlactin,22000.0,https://teeka4.com/shop/amlactin-rapid-relief-restoring-lotion-7-9oz/,Teeka4,,Lagos
Anti-ageing (Fine Lines & Wrinkles),Generic/Unlisted,20500.0,https://teeka4.com/shop/anti-ageing-fine-lines-wrinkles/,Teeka4,['bundles'],Lagos
Anua 100+ PDRN Hyaluronic Acid Capsule 100 Serum 30ml,Anua,19500.0,https://teeka4.com/shop/anua-100-pdrn-hyaluronic-acid-capsule-100-serum-30ml/,Teeka4,,Lagos
Anua 7+ Rice Ceramide Hydrating Barrier Serum 50ml,Anua,16300.0,https://teeka4.com/shop/anua-7-rice-ceramide-hydrating-barrier-serum-50ml/,Teeka4,,Lagos
Anua Azelaic Acid 10+ Hyaluron Redness Soothing Serum 30ml,Anua,16300.0,https://teeka4.com/shop/anua-azelaic-acid-10-hyaluron-redness-soothing-serum-30ml/,Teeka4,,Lagos
Anua Heartleaf Pore Control Cleansing Oil Mild 200ml,Anua,15300.0,https://teeka4.com/shop/anua-heartleaf-pore-cleansing-oil-mild-200ml/,Teeka4,,Lagos
Anua Heartleaf Quercetinol Pore Deep Cleansing Foam 150mL,Anua,11999.0,https://teeka4.com/shop/anua-heartleaf-quercetinol-pore-deep-cleansing-foam-150ml/,Teeka4,,Lagos
Anua Niacinamide 5+ TXA Brightening Pad (60pads) 210ml,Anua,16400.0,https://teeka4.com/shop/anua-niacinamide-5-txa-brightening-pad-60pads-210ml/,Teeka4,,Lagos
Anua Peach 77+ Niacin Essence Toner 250ml,Anua,15800.0,https://teeka4.com/shop/anua-peach-77-niacin-essence-toner-250ml/,Teeka4,,Lagos
Anua Peach Niacin Spread Cleansing Foam 150ml,Anua,11300.0,https://teeka4.com/shop/anua-peach-niacin-spread-cleansing-foam-150ml/,Teeka4,,Lagos
Anua Retinol 0.3%+Niacin Renewing Serum,Anua,19500.0,https://teeka4.com/shop/anua-retinol-0-3niacin-renewing-serum/,Teeka4,,Lagos
Anua Rice 70+ Ceramide Glow Milky Toner 250ml,Anua,15899.0,https://teeka4.com/shop/anua-rice-70-ceramide-glow-milky-toner-250ml/,Teeka4,,Lagos
Anua Rice Enzyme Brightening Cleansing Powder 40g,Anua,14200.0,https://teeka4.com/shop/anua-rice-enzyme-brightening-cleansing-powder-40g/,Teeka4,,Lagos
Anua Zero-cast Moisturizing Finish Sunscreen 50ml,Anua,14200.0,https://teeka4.com/shop/zero-cast-moisturizing-finish-sunscreen-50ml/,Teeka4,,Lagos
Anua – Heartleaf 77+ Hyaluron Soothing Toner 250ml,Anua,15800.0,https://teeka4.com/shop/anua-heartleaf-77-soothing-toner-250ml/,Teeka4,,Lagos
Anua – Niacinamide 10% + TXA 4% Serum 30ml,Anua,18000.0,https://teeka4.com/shop/anua-niacinamide-10-txa-4-serum-30ml/,Teeka4,,Lagos
Anua-Peach 70% Niacin Serum 30ml,Anua,16200.0,https://teeka4.com/shop/anua-peach-70-niacinamide-serum-30ml/,Teeka4,,Lagos
At-Home Facial Set,Ordinary,60999.0,https://teeka4.com/shop/at-home-facial-set/,Teeka4,,Lagos
"Aveeno Baby Calming Comfort Bath 532ml/ 36 fl, oz",Aveeno,17000.0,https://teeka4.com/shop/aveeno-baby-calming-comfort-bath-532ml-36-fl-oz/,Teeka4,"['skincare-body', 'body-washes-bars']",Lagos
Aveeno Baby Daily Moisture Wash & Shampoo 976ml/33 fl. oz,Aveeno,36000.0,https://teeka4.com/shop/aveeno-baby-daily-moisture-wash-shampoo-976ml-33-fl-oz/,Teeka4,"['skincare-body', 'body-washes-bars']",Lagos
Aveeno Daily Moisturizing Body Oil Mist With Oat Oil 6.7 Fl. Oz,Aveeno,16000.0,https://teeka4.com/shop/aveeno-daily-moisturizing-body-oil-mist-with-oat-oil-6-7-fl-oz/,Teeka4,,Lagos
"Aveeno Positively Radiant Clear Complexion Foaming Cleanser 177ml 6.0 fl, oz",Aveeno,15500.0,https://teeka4.com/shop/aveeno-positively-radiant-clear-complexion-foaming-cleanser-177ml-6-0-fl-oz/,Teeka4,"['skincare-face', 'face-cleansers']",Lagos
Axis-Y Dark Spot Correcting Glow Serum 50Ml,Axis-Y,12300.0,https://teeka4.com/shop/axis-y-dark-spot-correcting-glow-serum-50ml/,Teeka4,,Lagos
Balance Active Formula 15% Niacinamide Blemish Recovery Serum 30ml,Balance active,8999.0,https://teeka4.com/shop/balance-active-formula-niacinamide-blemish-recovery-serum-30ml/,Teeka4,,Lagos
Balance Active Formula 2% Salicylic Acid + Zinc Blemish Clearing Gel 40ml,Balance active,9333.0,https://teeka4.com/shop/dove-visible-glow-self-tan-lotion-medium-dark-skin-400ml/,Teeka4,,Lagos
Balance Active Formula 3% Vitamin C Brightening Serum – 30ml,Balance active,8900.0,https://teeka4.com/shop/balance-active-formula-5-vitamin-c-brightening-serum-30ml/,Teeka4,,Lagos
Balance Active Formula 5% Vitamin C Brightening Serum – 30ml,Balance active,9900.0,https://teeka4.com/shop/balance-active-formula-vitamin-c-brightening-serum-30ml/,Teeka4,,Lagos
Balance Active Formula 5% Vitamin C Brightening Serum – 60ml,Balance active,15500.0,https://teeka4.com/shop/balance-active-formula-5-vitamin-c-brightening-serum-60ml/,Teeka4,,Lagos
Balance Active Formula Hyaluronic Deep Moisture Serum (30ml),Balance active,8800.0,https://teeka4.com/shop/balance-active-formula-hyaluronic-deep-moisture-serum-30ml/,Teeka4,,Lagos
Balance Active Formula SPF 50 Ceramides Barrier Fluid Protect 50ml,Balance active,14500.0,https://teeka4.com/shop/balance-active-formula-spf-50-ceramides-barrier-fluid-protect-50ml/,Teeka4,,Lagos
Barrier Repair Set,Ordinary,54387.0,https://teeka4.com/shop/barrier-repair-set/,Teeka4,,Lagos
Bath & Body Works A Thousand Wishes Fine Fragrance Mist 8fl oz/236ml,Bath & Body Works,26743.0,https://teeka4.com/shop/bath-body-works-a-thousand-wishes-fine-fragrance-mist-8fl-oz-236ml/,Teeka4,,Lagos
Bath & Body Works Champagne Toast Body Cream 8 OZ / 226g,Bath & Body Works,22739.0,https://teeka4.com/shop/bath-body-works-champagne-toast-body-cream-8-oz-226g/,Teeka4,,Lagos
Bath & Body Works Champagne Toast Body Mist 236ml,Bath & Body Works,23656.0,https://teeka4.com/shop/bath-body-works-champagne-toast-body-mist236ml/,Teeka4,,Lagos
Bath & Body Works Into The Night Daily Nourishing 8 FL OZ 236ml,Bath & Body Works,19412.0,https://teeka4.com/shop/bath-body-works-into-the-night-daily-nourishing-8-fl-oz-236ml/,Teeka4,,Lagos
Bath & Body Works Into The Night Fragrance Body Mist 236ml / 8fl oz,Bath & Body Works,28187.0,https://teeka4.com/shop/bath-body-works-into-the-night-fragrance-body-mist-236ml-8fl-oz/,Teeka4,,Lagos
Beauty Of Joseon Dynasty Cream 50Ml,Beauty of Joseon,16500.0,https://teeka4.com/shop/beauty-of-joseon-dynasty-cream-renewed-50ml/,Teeka4,,Lagos
Beauty Of Joseon Ginseng Cleansing Oil 210ml,Beauty of Joseon,14500.0,https://teeka4.com/shop/beauty-of-joseon-ginseng-cleansing-oil-210ml/,Teeka4,,Lagos
Beauty Of Joseon Ginseng Essence Water 150ml,Beauty of Joseon,13400.0,https://teeka4.com/shop/beauty-of-joseon-ginseng-essence-water/,Teeka4,,Lagos
Beauty Of Joseon Glow Deep Serum Rice + Alpha-Arbutin 30ml,Beauty of Joseon,13200.0,https://teeka4.com/shop/beauty-of-joseon-glow-deep-serum-rice-arbutin-30ml/,Teeka4,,Lagos
Beauty Of Joseon Radiance Cleansing Balm 100Ml,Beauty of Joseon,14200.0,https://teeka4.com/shop/beauty-of-joseon-radiance-cleansing-balm-100ml/,Teeka4,,Lagos
Beauty Of Joseon Relief Sun Rice + Probiotics (Spf50+ Pa++++),Beauty of Joseon,13500.0,https://teeka4.com/shop/beauty-of-joseon-relief-sun-rice-probiotics-spf50-pa/,Teeka4,,Lagos
Beauty of Joseon Glow Replenishing Rice Milk 150ml,Beauty of Joseon,13400.0,https://teeka4.com/shop/beauty-of-joseon-glow-replenishing-rice-milk-150ml/,Teeka4,,Lagos
Beauty of Joseon Revive Eye Serum 30ml,Beauty of Joseon,12999.0,https://teeka4.com/shop/beauty-of-joseon-revive-eye-serum-30ml/,Teeka4,,Lagos
Beginner Retinol Repair Set,Generic/Unlisted,31200.0,https://teeka4.com/shop/beginner-retinol-repair-set/,Teeka4,,Lagos
Beginner Retinol Set,Ordinary,56388.0,https://teeka4.com/shop/beginner-retinol-set/,Teeka4,,Lagos
Bioderma Sensibio Defensive Active Soothing Cream 40ml,Bioderma,18000.0,https://teeka4.com/shop/bioderma-sensibio-light-soothing-cream-40ml/,Teeka4,,Lagos
Bolden Brightening Moisturizer SPF 30 Sunscreen 2.0fl.oz / 60ml,Bolden,26574.0,https://teeka4.com/shop/bolden-brightening-moisturizer-spf-30/,Teeka4,,Lagos
Bolden Brightening Toner 8.0fl oz (237ml),Bolden,22500.0,https://teeka4.com/shop/bolden-brightening-toner-8fl/,Teeka4,,Lagos
Bolden Dark Spot Fix 1.0fl / 30ml,Bolden,21000.0,https://teeka4.com/shop/bolden-dark-spot-fix-1-0fl/,Teeka4,,Lagos
Bondi Sands Fragrance-Free Sunscreen Lotion SPF50+ 150ml,Bondi sands,17347.0,https://teeka4.com/shop/bondi-sands-fragrance-free-sunscreen-lotion-spf50-150ml/,Teeka4,,Lagos
Bondi Sands Fragrance-Free Sunscreen Lotion SPF50+500ml,Bondi sands,34602.0,https://teeka4.com/shop/bondi-sands-fragrance-free-sunscreen-lotion-spf50500ml/,Teeka4,,Lagos
Boots Lemon Bright Toning Water 100ml,Boots,5500.0,https://teeka4.com/shop/dove-gentle-scrub-body-wash-with-exfoliating-minerals-500ml/,Teeka4,,Lagos
Boots Niacinamide Collagen Dewy Glow Shower Serum – 495ml,Boots,15000.0,https://teeka4.com/shop/boots-niacinamide-collagen-dewy-glow-shower-serum-495m/,Teeka4,,Lagos
Boots Sakura Bright Toning Water 100ml,Boots,5500.0,https://teeka4.com/shop/differin-gel-1-6-oz/,Teeka4,,Lagos
Boots Vitamin C Advanced Brightening & Smoothing Body Serum 180ML,Boots,15000.0,https://teeka4.com/shop/boots-vitamin-c-advanced-brightening-smoothing-body-serum-180ml/,Teeka4,,Lagos
Boots Vitamin C Brightening & Anti-ageing Body Serum 180ml,Boots,15000.0,https://teeka4.com/shop/boots-vitamin-c-brightening-anti-ageing-body-serum-180ml/,Teeka4,,Lagos
Boots Vitamin C Brightening Body Serum 180ml,Boots,11000.0,https://teeka4.com/shop/dear-klairs-midnight-blue-youth-activating-drop-20ml/,Teeka4,,Lagos
Boots Vitamin C Brightening Intensive Serum 30ml,Boots,17000.0,https://teeka4.com/shop/boots-vitamin-c-brightening-intensive-serum-30ml/,Teeka4,,Lagos
Boots Vitamin C Brightening Shower Serum 495ml,Boots,15000.0,https://teeka4.com/shop/boots-vitamin-c-brightening-shower-serum-495ml/,Teeka4,,Lagos
Boots Vitamin C Brightenng & anti-aging shower serum 495ml,Boots,15000.0,https://teeka4.com/shop/boots-vitamin-c-brightenng-anti-aging-shower-serum-495ml/,Teeka4,,Lagos
Boots Vitamin C Cleansing Body Scrub 200ml,Boots,15000.0,https://teeka4.com/shop/boots-vitamin-c-cleansing-body-scrub-200ml/,Teeka4,,Lagos
Boots Vitamin C Moisturising Cream 50ml,Boots,13000.0,https://teeka4.com/shop/boots-vitamin-c-moisturising-cream-50ml/,Teeka4,,Lagos
Boots vitamin C Brightening Hand & Nail Serum 85ml,Boots,11000.0,https://teeka4.com/shop/boots-vitamin-c-brightening-nail-serum-85/,Teeka4,,Lagos
Brighten & Glow,Generic/Unlisted,23700.0,https://teeka4.com/shop/brighten-glow/,Teeka4,['bundles'],Lagos
By Wishtrend Mandelic Acid Gentle Exfoliating Toner 150ml,Wishtrend,12500.0,https://teeka4.com/shop/by-wishtrend-mandelic-acid-gentle-exfoliating-toner-150ml/,Teeka4,,Lagos
Byoma Barrier+ Repair Treatment 50ml/1.69fl.oz,Byoma,32670.0,https://teeka4.com/shop/byoma-barrier-repair-treatment-50ml-1-69fl-oz/,Teeka4,,Lagos
Byoma Brightening Body Lotion 400ml/13.52fl.oz,Byoma,27200.0,https://teeka4.com/shop/byoma-brightening-body-lotion-400ml-13-52fl-oz/,Teeka4,,Lagos
Byoma Brightening Body Wash 400ml,Byoma,27200.0,https://teeka4.com/shop/byoma-brightening-body-wash-400ml/,Teeka4,,Lagos
Byoma Hydrating Serum 30ml/1.01fl oz,Byoma,24999.0,https://teeka4.com/shop/byoma-hydrating-serum-30ml-1-01fl-oz/,Teeka4,,Lagos
Byoma Moisturising Gel Cream 50ml,Byoma,24999.0,https://teeka4.com/shop/byoma-moisturising-gel-cream-50ml/,Teeka4,,Lagos
Carbon Theory 2% Salicylic Acid Facial Cleansing Bar 100g,Carbon Theory,12500.0,https://teeka4.com/shop/carbon-theory-2-salicylic-acid-facial-cleansing-bar-100g/,Teeka4,,Lagos
Carbon Theory Anti-Breakout Dose Grinding Cleansing Balm 36g,Carbon Theory,13500.0,https://teeka4.com/shop/carbon-theory-anti-breakout-dose-grinding-cleansing-balm-36g/,Teeka4,,Lagos
Carbon Theory Anti-Breakout Facial Cleansing Bar 100g,Carbon Theory,12500.0,https://teeka4.com/shop/carbon-theory-anti-breakout-facial-cleansing-bar-100g/,Teeka4,,Lagos
Carbon Theory Barrier Dose Grinding Cleansing Balm 36g,Carbon Theory,13500.0,https://teeka4.com/shop/carbon-theory-barrier-dose-grinding-cleansing-balm-36g/,Teeka4,,Lagos
Carbon Theory Niacinamide Facial Cleansing Bar 100g,Carbon Theory,12500.0,https://teeka4.com/shop/carbon-theory-niacinamide-facial-cleansing-bar-100g/,Teeka4,,Lagos
Carbon Theory Niacinamide Facial Tonic 250ml,Carbon Theory,18000.0,https://teeka4.com/shop/carbon-theory-niacinamide-facial-tonic-250ml/,Teeka4,,Lagos
Carbon Theory Salicylic Acid Facial Cleansing Gel 150ml,Carbon Theory,12500.0,https://teeka4.com/shop/carbon-theory-salicylic-acid-facial-cleansing-gel-150ml/,Teeka4,,Lagos
Carbon Theory Supa-Sheets XL Face cleansing Towel,Carbon Theory,13000.0,https://teeka4.com/shop/carbon-theory-supa-sheets-xl-face-cleansing-towel/,Teeka4,,Lagos
Carbon Theory Vitamin C & 5% Glycolic Acid Facial Tonic 250ml,Carbon Theory,18000.0,https://teeka4.com/shop/dear-klairs-gentle-black-deep-cleansing-oil-150ml/,Teeka4,,Lagos
Carbon Theory Vitamin C & Caffeine Facial Cleansing Bar 100g,Carbon Theory,12500.0,https://teeka4.com/shop/carbon-theory-vitamin-c-caffeine-facial-cleansing-bar-100g/,Teeka4,,Lagos
Celimax Noni Ampoule Calming + Radiance 30ml,Celimax,16110.0,https://teeka4.com/shop/celimax-noni-ampoule-calming-radiance-30ml/,Teeka4,,Lagos
Cerave Acne Clay to Foam Cleanser 118ml,CeraVe,22300.0,https://teeka4.com/shop/cerave-acne-clay-to-foam-cleanser-118ml/,Teeka4,,Lagos
Cerave Acne Foaming Cream Wash 10% Benzoyl Peroxide Acne Treatment 5fl/150ml,CeraVe,24500.0,https://teeka4.com/shop/cerave-acne-foaming-cream-wash-10-benzoyl-peroxide-acne-treatment-5fl-150ml/,Teeka4,,Lagos
Cerave Advanced Repair Ointment 88ml,CeraVe,15700.0,https://teeka4.com/shop/dr-teals-body-wash-with-pure-epsom-salt-nourish-protect-with-coconut-oil-24-fl-oz-710ml/,Teeka4,,Lagos
Cerave Balancing Air Foam Cleanser 8fl/237ml,CeraVe,22800.0,https://teeka4.com/shop/cerave-balancing-air-foam-cleanser-8fl-237ml/,Teeka4,,Lagos
Cerave Blemish Control Cleanser 473ml,CeraVe,20000.0,https://teeka4.com/shop/cerave-blemish-control-cleanser-473ml/,Teeka4,,Lagos
Cerave Blemish Control Cleanser 8 Fl Oz/236ml,CeraVe,14800.0,https://teeka4.com/shop/cerave-acne-control-face-cleanser-facial-cleanser-8-fl-oz/,Teeka4,,Lagos
Cerave Blemish Control Gel 1.35Fl Oz,CeraVe,14800.0,https://teeka4.com/shop/cerave-acne-control-gel-1-35fl-oz/,Teeka4,,Lagos
Cerave Daily Moisturizing Lotion Dry To Very Dry Skin 8fl oz 236ml.,CeraVe,13500.0,https://teeka4.com/shop/cerave-daily-moisturizing-lotion-dry-to-very-dry-skin-8fl/,Teeka4,,Lagos
Cerave Eye Repair Cream 14ml,CeraVe,15999.0,https://teeka4.com/shop/cerave-eye-repair-cream-14ml/,Teeka4,,Lagos
Cerave Facial Moisturizing Lotion Am Spf 50 1.75floz,CeraVe,18920.0,https://teeka4.com/shop/cerave-facial-moisturizing-lotion-am-spf-50-1-75floz-2/,Teeka4,,Lagos
Cerave Foaming Cleanser For Normal To Oily Skin 16fl oz / 473ml,CeraVe,18000.0,https://teeka4.com/shop/cerave-foaming-cleansernormal-to-oily-skin-16-fl/,Teeka4,,Lagos
Cerave Foaming Cleanser For Normal To Oily Skin 8fl oz 236ml,CeraVe,14700.0,https://teeka4.com/shop/cerave-foaming-cleanser-8fl-normal-to-oily-skin/,Teeka4,,Lagos
Cerave Hydrating Cleanser (16fl Oz/473ml),CeraVe,16300.0,https://teeka4.com/shop/cerave-hydrating-cleanser-16-oz/,Teeka4,,Lagos
Cerave Hydrating Cleanser 8floz/236ml,CeraVe,11999.0,https://teeka4.com/shop/cerave-hydrating-cleanser-8fl-oz-236ml/,Teeka4,,Lagos
Cerave Hydrating Cream-To-Foam Cleanser 8Fl,CeraVe,14500.0,https://teeka4.com/shop/cerave-hydrating-cream-to-foam-cleanser-8fl/,Teeka4,,Lagos
Cerave Hydrating foaming Oil Cleanser 16oz,CeraVe,20800.0,https://teeka4.com/shop/cerave-hydrating-foaming-oil-cleanser-16oz/,Teeka4,,Lagos
Cerave Micellar Cleansing Water 10floz / 295ml,CeraVe,16300.0,https://teeka4.com/shop/cerave-micellar-cleansing-water-10floz-295ml/,Teeka4,,Lagos
Cerave Moisturising Lotion Am spf30 52ml,CeraVe,17900.0,https://teeka4.com/shop/tocobo-aha-bha-lemon-toner-150ml/,Teeka4,,Lagos
Cerave Moisturizing Cream For Dry To Very Dry Skin (12 Oz),CeraVe,16600.0,https://teeka4.com/shop/cerave-moisturizing-cream-for-dry-to-very-dry-skin-12-oz/,Teeka4,,Lagos
Cerave Moisturizing Cream For Dry To Very Dry Skin -16 Oz / 454g,CeraVe,20999.0,https://teeka4.com/shop/cerave-moisturizing-cream-for-dry-to-very-skin-16-oz/,Teeka4,,Lagos
Cerave Moisturizing Lotion Dry To Very Dry Skin 16Oz (473ml),CeraVe,19023.0,https://teeka4.com/shop/cerave-moisturizing-lotion-16-ounce-dry-to-very-dry-skin/,Teeka4,,Lagos
Cerave Oil Control Moisturising Gel-Cream for Oily Skin 1.75fl oz/52ml,CeraVe,17300.0,https://teeka4.com/shop/cerave-oil-control-moisturising-gel-cream-for-oily-skin-1-75fl-oz-52ml/,Teeka4,,Lagos
Cerave SA Renewing Foot Cream 3fl oz/88ml,CeraVe,11400.0,https://teeka4.com/shop/cerave-sa-renewing-foot-cream-3fl-oz-88ml/,Teeka4,,Lagos
Cerave SA Smoothing Cream Urea 10% 177ml,CeraVe,15999.0,https://teeka4.com/shop/cerave-sa-smoothing-cream-urea-10-177ml/,Teeka4,,Lagos
Cerave SA smoothing cleanser For Dry Rough Bumpy Skin 16fl oz 473ml,CeraVe,20900.0,https://teeka4.com/shop/cerave-sa-smoothing-cleanser-for-dry-rough-bumpy-skin-16fl-oz-473ml/,Teeka4,,Lagos
Cerave SA smoothing cleanser For Dry Rough Bumpy Skin 8fl oz 236ml,CeraVe,15222.0,https://teeka4.com/shop/cerave-skin-renewing-salicylic-acid-cleanser-8-ounce/,Teeka4,,Lagos
Cerave Skin Renewing Retinol Serum 30ml,CeraVe,22600.0,https://teeka4.com/shop/cerave-skin-renewing-retinol-serum/,Teeka4,,Lagos
Cerave Skin Renewing Vitamin C Serum 30ml,CeraVe,22700.0,https://teeka4.com/shop/cerave-skin-renewing-vitamin-c-serum-30ml-2/,Teeka4,,Lagos
Cetaphil Gentle Skin Cleanser 250ml,Cetaphil,13000.0,https://teeka4.com/shop/cetaphil-gentle-skin-cleanser-8-oz/,Teeka4,,Lagos
Cetaphil Gentle Skin Cleanser 500ml,Cetaphil,18000.0,https://teeka4.com/shop/cetaphil-gentle-skin-cleanser-500ml/,Teeka4,,Lagos
Cetaphil Moisturizing Lotion 250ml,Cetaphil,13000.0,https://teeka4.com/shop/cetaphil-moisturizing-lotion-250ml/,Teeka4,,Lagos
Cetaphil Moisturizing cream 453g,Cetaphil,18500.0,https://teeka4.com/shop/cetaphil-moisturizing-cream-453g/,Teeka4,,Lagos
Cetaphil Oily Skin Cleanser 500ml,Cetaphil,18000.0,https://teeka4.com/shop/cetaphil-oily-skin-cleanser-500ml/,Teeka4,,Lagos
Cetaphil PRO Derma Control Foam Wash 236ml,Cetaphil,19500.0,https://teeka4.com/shop/cetaphil-pro-derma-control-foam-wash-236ml/,Teeka4,,Lagos
Conscious Chemist +5 Antioxidant Complex Rapid Glow & Brightening Essence 50ml,Conscious Chemist,10214.0,https://teeka4.com/shop/conscious-chemist-5-antioxidant-complex-rapid-glow-brightening-essence-50ml/,Teeka4,,Lagos
Conscious Chemist 7 Ceramide Milky Toner 100ml | 7 Complex,Conscious Chemist,6879.0,https://teeka4.com/shop/conscious-chemist-7-ceramide-milky-toner-100ml-7-complex/,Teeka4,,Lagos
Conscious Chemist Acne Clearing Flash Fix Face Cleanser 100ml,Conscious Chemist,5750.0,https://teeka4.com/shop/conscious-chemist-acne-clearing-flash-fix-face-cleanser-100ml/,Teeka4,,Lagos
Conscious Chemist Berry Bright Soothing and Calming Face Cleanser 100ml,Conscious Chemist,2875.0,https://teeka4.com/shop/conscious-chemist-berry-bright-soothing-and-calming-face-cleanser-100ml/,Teeka4,,Lagos
Conscious Chemist Berry Bright Water Resistant Soothing Calming Non-Greasy Sunscreen SPF50 PA++++ 50gm,Conscious Chemist,6520.0,https://teeka4.com/shop/conscious-chemist-berry-bright-water-resistant-soothing-calming-non-greasy-sunscreen-spf50-pa-50gm/,Teeka4,,Lagos
Conscious Chemist Cherry Bubblegum Hydrating Peptide Glossy Butter Lip Balm SPF15 (15gm),Conscious Chemist,7180.0,https://teeka4.com/shop/dove-sensitive-skin-fragrance-free-beauty-bar-106g-pack-of-2/,Teeka4,,Lagos
Conscious Chemist Daily Dissolve Ultra-Light Oil Cleanser 130ml,Conscious Chemist,7845.0,https://teeka4.com/shop/conscious-chemist-daily-dissolve-ultra-light-oil-cleanser-100ml/,Teeka4,,Lagos
Conscious Chemist Flashfix Acne Treatment Serum 30ml,Conscious Chemist,3440.0,https://teeka4.com/shop/conscious-chemist-flashfix-acne-treatment-serum-30ml/,Teeka4,,Lagos
Conscious Chemist Hydro+ Deep Moisturizing Plumping Cream 100gm,Conscious Chemist,6804.0,https://teeka4.com/shop/conscious-chemist-hydro-deep-moisturizing-plumping-cream-100gm/,Teeka4,,Lagos
Conscious Chemist Hydro+ Gentle Hydrating Cream Cleanser 100ml,Conscious Chemist,5750.0,https://teeka4.com/shop/conscious-chemist-hydro-gentle-hydrating-cream-cleanser-100ml/,Teeka4,,Lagos
Conscious Chemist Hydro+ Hydrating & plumping Serum 30ml,Conscious Chemist,8246.0,https://teeka4.com/shop/conscious-chemist-hydro-hydrating-plumping-serum-30ml/,Teeka4,,Lagos
Conscious Chemist Mocha Muse Hydrating Peptide Glossy Butter Lip Balm SPF15 (15gm),Conscious Chemist,6520.0,https://teeka4.com/shop/conscious-chemist-mocha-muse-hydrating-peptide-glossy-butter-lip-balm-spf15-15gm/,Teeka4,,Lagos
Conscious Chemist Moisture Melt Multi-oil Nourishing Body Wash 300ml,Conscious Chemist,7814.0,https://teeka4.com/shop/conscious-chemist-moisture-melt-multi-oil-nourishing-body-wash-300ml/,Teeka4,,Lagos
Conscious Chemist Pinky Promise Hydrating Peptide Glossy Butter Lip Balm SPF15 (15gm),Conscious Chemist,6520.0,https://teeka4.com/shop/conscious-chemist-pinky-promise-hydrating-peptide-glossy-butter-lip-balm-spf15-15gm/,Teeka4,,Lagos
Conscious Chemist Plum Rose Hydrating Peptide Glossy Butter Lip Balm SPF15 (15gm),Conscious Chemist,6520.0,https://teeka4.com/shop/conscious-chemist-plum-rose-hydrating-peptide-glossy-butter-lip-balm-spf15-15gm/,Teeka4,,Lagos
Conscious Chemist Retinol Peptide Eye Contour Treatment 15ml,Conscious Chemist,6712.0,https://teeka4.com/shop/conscious-chemist-retinol-peptide-eye-contour-treatment-15ml/,Teeka4,,Lagos
Conscious Chemist Self Dissolving Acne Clearing Patch (8patches),Conscious Chemist,7180.0,https://teeka4.com/shop/round-lab-birch-juice-moisturizing-sun-stick-spf-50-pa-19g/,Teeka4,,Lagos
Conscious Chemist Self Dissolving Dark Spot Lightening Patch (4 patches),Conscious Chemist,7180.0,https://teeka4.com/shop/conscious-chemist-self-dissolving-dark-spot-lightening-patch-4-patches/,Teeka4,,Lagos
Conscious Chemist Skin Brightening Berry Bright Face Wash 100ml,Conscious Chemist,5750.0,https://teeka4.com/shop/conscious-chemist-skin-brightening-berry-bright-face-wash-100ml/,Teeka4,,Lagos
Conscious Chemist Snail Magic Barrier Repair Essence 50ml,Conscious Chemist,10548.0,https://teeka4.com/shop/conscious-chemist-snail-magic-barrier-repair-essence-50ml/,Teeka4,,Lagos
Conscious Chemist Snail Magic Barrier Repair Face Cleanser 100ml,Conscious Chemist,2792.0,https://teeka4.com/shop/conscious-chemist-snail-magic-barrier-repair-face-cleanser-100ml/,Teeka4,,Lagos
Conscious Chemist Sun Drink Hybrid Gel Non-Greasy Sunscreen SPF50++++ 50gm,Conscious Chemist,7180.0,https://teeka4.com/shop/conscious-chemist-sun-drink-hybrid-gel-non-greasy-sunscreen-spf50-20g/,Teeka4,,Lagos
Conscious Chemist The Defender Skin Renewing Retinol Night Serum 30ml,Conscious Chemist,8694.0,https://teeka4.com/shop/conscious-chemist-the-defender-skin-renewing-retinol-night-serum-30ml/,Teeka4,,Lagos
Conscious Chemist Trubiom Pigmentation & Dark Spot Corrector Serum 30ml,Conscious Chemist,9000.0,https://teeka4.com/shop/conscious-chemist-trubiom-pigmentation-dark-spot-corrector-serum-30ml/,Teeka4,,Lagos
Conscious Chemist Trubiom Pigmentation Corrector Cream 50gm,Conscious Chemist,10430.0,https://teeka4.com/shop/conscious-chemist-trubiom-pigmentation-corrector-cream-50gm/,Teeka4,,Lagos
Conscious Chemist Vanilla Creme Hydrating Peptide Glossy Butter Lip Balm SPF15 (15gm),Conscious Chemist,7180.0,https://teeka4.com/shop/dove-sensitive-micellar-water-body-wash-500ml-for-sensitive-skin/,Teeka4,,Lagos
Conscious Chemist Vivid C Collagen Boosting Radiance Serum 30ml,Conscious Chemist,7962.0,https://teeka4.com/shop/conscious-chemist-vivid-c-collagen-boosting-radiance-serum-30ml/,Teeka4,,Lagos
Conscious Chemist Vivid C Radiance Boosting Daily Gel Cream 100gm,Conscious Chemist,6997.0,https://teeka4.com/shop/conscious-chemist-vivid-c-radiance-boosting-daily-gel-cream-100gm/,Teeka4,,Lagos
Cos De BAHA – AN Arbutin Niacinamide Serum 30ml,Cos De Baha,12500.0,https://teeka4.com/shop/cos-de-baha-an-arbutin-niacinamide-serum-30ml/,Teeka4,,Lagos
Creightons Pink Grapefruit Refreshing FaceWash 150ml,CREIGHTONS,6000.0,https://teeka4.com/shop/creightons-pink-grapefruit-refreshing-facewash-150ml/,Teeka4,,Lagos
Creightons Salicylic Acid Exfoliating Tonic- Salicylic Acid (1%) And Niacinamide (1%) 7.03fl oz (200ml),CREIGHTONS,7100.0,https://teeka4.com/shop/creightons-salicylic-acid-exfoliating-tonic-200-ml-salicylic-acid-1-niacinamide-1/,Teeka4,,Lagos
Dark Circles & Under-Eye Care,Generic/Unlisted,34000.0,https://teeka4.com/shop/dark-circles-under-eye-care/,Teeka4,['bundles'],Lagos
Dieux Instant Angel Lipid Rich Facial Moisturizer (Fragrance Free) 50ml,Dieux,76985.0,https://teeka4.com/shop/dieux-instant-angel-lipid-rich-facial-moisturizer-fragrance-free-50ml/,Teeka4,,Lagos
Dirty Works Good To Glow Vitamin C Boost Serum – 50ml,Dirty Works,11000.0,https://teeka4.com/shop/dirty-works-vitamin-c-boost-serum-50ml/,Teeka4,,Lagos
Dirty Works Good To Glow Vitamin C Brightening Toner 200ml,Dirty Works,10000.0,https://teeka4.com/shop/dirty-works-good-to-glow-vitamin-c-brightening-toner-200ml/,Teeka4,,Lagos
Double Cleanse + Glow Routine,Generic/Unlisted,30000.0,https://teeka4.com/shop/double-cleanse-glow-routine/,Teeka4,,Lagos
Dove 3-in-1 Pampering Beauty Cream Bar with Shea Butter And Warm Vanilla Scent (90g x 4) 12.69Oz / 360g,Dove,5999.0,https://teeka4.com/shop/dove-purely-pampering-shea-butter-beauty-bar-and-vanilla-pack-of-4-100g/,Teeka4,,Lagos
Dove 3-in-1 Refreshing Beauty Cream Bar with Cucumber and Green Tea Scent (90g x 4) 12.69Oz / 360g,Dove,5583.0,https://teeka4.com/shop/dove-fresh-touch-beauty-bar-100g-pack-of-4/,Teeka4,,Lagos
Dove Brightening Facial Cleansing Mousse 160ml,Dove,6000.0,https://teeka4.com/shop/dove-brightening-facial-cleansing-mousse-160ml/,Teeka4,,Lagos
Dove Calming Body Wash Pistachio & Magnolia 500ml,Dove,6500.0,https://teeka4.com/shop/dove-calming-pistachio-cream-and-magnolia-shower-gel-500ml/,Teeka4,,Lagos
Dove Calming Body Wash with Pistachio & Magnolia 750ml,Dove,8500.0,https://teeka4.com/shop/dove-calming-body-wash-with-pistachio-magnolia-750ml/,Teeka4,,Lagos
Dove Deeply Nourishing Body Wash 500ml,Dove,6500.0,https://teeka4.com/shop/dove-deeply-nourishing-body-wash-0-sulfate-sles-parabens-phthalates-500ml/,Teeka4,,Lagos
Dove Deeply Nourishing Body Wash 750ml,Dove,8500.0,https://teeka4.com/shop/dove-deeply-nourishing-body-wash-0-sulfate-sles-microbiome-gentle-750ml/,Teeka4,,Lagos
Dove Exfoliating Body Scrub (Kiwi Seeds & Cool Aloe Scent) 225ml,Dove,11000.0,https://teeka4.com/shop/dove-exfoliating-body-scrub-kiwi-seeds-cool-aloe-scent-225ml/,Teeka4,,Lagos
Dove Exfoliating Body Scrub – Crushed Macadamia & Rice Milk Scent 225ml,Dove,11000.0,https://teeka4.com/shop/dove-exfoliating-body-scrub-crushed-macadamia-and-rice-milk-scent-225ml/,Teeka4,,Lagos
Dove Exfoliating Body Scrub – Pomegranate Seeds & Shea Butter Scent 225ml,Dove,11000.0,https://teeka4.com/shop/dove-exfoliating-body-polish-pomegranate-seeds-shea-butter-10-5-oz/,Teeka4,,Lagos
Dove Glowing Body Wash with Rice water &  Lotus flower 500ml,Dove,6500.0,https://teeka4.com/shop/dove-glowing-ritual-body-wash-lotus-flower-and-rice-500ml/,Teeka4,,Lagos
Dove Glowing Body Wash with Rice water &  Lotus flower 750ml,Dove,8200.0,https://teeka4.com/shop/dove-glowing-ritual-body-wash-lotus-flower-and-rice-water-750ml/,Teeka4,,Lagos
Dove Melanin Even Tone Body Wash 5% Pro Ceramide With BHA 547ml,Dove,17800.0,https://teeka4.com/shop/etude-house-sunprise-mild-watery-light-spf50-pa/,Teeka4,,Lagos
Dove Moisturising Facial Cleansing Mousse 160ml,Dove,6000.0,https://teeka4.com/shop/dove-moisturising-facial-cleansing-mousse-160ml/,Teeka4,,Lagos
Dove Nourishing Silk Body Wash 500ml,Dove,6500.0,https://teeka4.com/shop/dove-nourishing-silk-0-sulfate-sles-microbiome-gentle-500ml/,Teeka4,,Lagos
Dove Pampering Body Wash With Shea Butter And Vanilla Scent 750ml,Dove,8500.0,https://teeka4.com/shop/dove-body-purely-pampering-with-shea-butter-and-warm-vanilla-750ml/,Teeka4,,Lagos
Dove Refreshing Body Wash With Cucumber And Green Tea Scent 500ml,Dove,6500.0,https://teeka4.com/shop/dove-refreshing-body-wash-with-cucumber-and-green-tea-500ml/,Teeka4,,Lagos
Dove Refreshing Body Wash With Cucumber And Green Tea scent 750ml,Dove,8500.0,https://teeka4.com/shop/dove-refreshing-body-wash-with-cucumber-and-green-tea-750ml/,Teeka4,,Lagos
Dove Relaxing Body Wash with Jasmine & Coconut Milk 500ml,Dove,6500.0,https://teeka4.com/shop/dove-relaxing-body-wash-jasmine-petals-and-coconut-milk-500ml/,Teeka4,,Lagos
Dove Relaxing Body Wash with Jasmine & Coconut Milk 750ml,Dove,8500.0,https://teeka4.com/shop/dove-relaxing-body-wash-jasmine-petals-and-coconut-milk-750ml/,Teeka4,,Lagos
Dr Teals Body Wash with Pure Epsom Salt + Prebiotic Lemon Balm & Essential Oils 24 FL OZ / 710ml,Dr Teal's,7500.0,https://teeka4.com/shop/dr-teals-body-wash-with-pure-epsom-salt-prebiotic-lemon-balm-essential-oils-24-fl-oz-710ml/,Teeka4,,Lagos
Dr Teal’S Glow and Radiance Body Wash with Vitamin C And Citrus Essential Oils 24fl oz.(710ml),Dr Teal's,7500.0,https://teeka4.com/shop/dr-teals-glow-radiance-body-wash-with-vitamin-c-and-citrus-essential-oils-24-fl-oz-0t/,Teeka4,,Lagos
Dr Teal’S Shea Sugar Scrub With Black Elderberry And Essential Oils 19oz,Dr Teal's,11300.0,https://teeka4.com/shop/dr-teals-shea-sugar-scrub-with-black-elderberry-essential-oils-19oz/,Teeka4,,Lagos
Dr Teal’s Bath & Body Oil Moisture + Relax & Relief Eucalyptus & Spearmint Essential Oils 8.8fl oz,Dr Teal's,7000.0,https://teeka4.com/shop/dr-teals-bath-body-oil-moisture-rejuvenating-eucalyptus-spearmint-essential-oils-8-8-fl-oz/,Teeka4,,Lagos
Dr Teal’s Bath And Body Oil Moisturizing Shea Butter and Almond oil Bath And Body Oil 8.8Oz,Dr Teal's,7800.0,https://teeka4.com/shop/dr-teals-bath-body-oil-moisturizing-shea-butter-bath-body-oil-8-8oz/,Teeka4,,Lagos
Dr Teal’s Body Lotion with Prebiotic Lemon Balm & Essential Oil 18 fl oz,Dr Teal's,7500.0,https://teeka4.com/shop/dr-teals-body-lotion-with-prebiotic-lemon-balm-essential-oil-18-fl-oz/,Teeka4,,Lagos
Dr Teal’s Moisturizing Bath & Body Oil with Prebiotic Lemon Balm 8.8 fl oz,Dr Teal's,7500.0,https://teeka4.com/shop/dr-teals-moisturizing-bath-body-oil-with-prebiotic-lemon-balm-8-8-fl-oz/,Teeka4,,Lagos
"Dr Teal’s Moisturizing Bath & Body Oil, Glow & Hydrate with Ceramides and Avocado Oil 8.8 fl oz",Dr Teal's,7300.0,https://teeka4.com/shop/dr-teals-moisturizing-bath-body-oil-glow-hydrate-with-ceramides-and-avocado-oil-8-8-fl-oz/,Teeka4,,Lagos
Dr Teal’s Shea Sugar Body Scrub Rose With Essential Oil 19 Oz,Dr Teal's,11500.0,https://teeka4.com/shop/dr-teals-shea-sugar-body-scrub-rose-with-essential-oil-19-oz/,Teeka4,,Lagos
Dr Teal’s Shea Sugar Scrub with Prebiotic Lemon Balm 19 oz/538g,Dr Teal's,11300.0,https://teeka4.com/shop/dr-teals-shea-sugar-scrub-with-prebiotic-lemon-balm-19-oz-538g/,Teeka4,,Lagos
"Dr Teal’s Shea Sugar Scrub, Vitamin C With Shea Butter, Orange Oil & Avocado Oil 19Oz/538G",Dr Teal's,11300.0,https://teeka4.com/shop/dr-teals-shea-sugar-scrub-citrus-essential-oils-with-vitamin-c-19oz-538g/,Teeka4,,Lagos
Dr Teal’s Soothe & Sleep Lavender Moisturizing Bath And Body Oil 8.8Oz,Dr Teal's,7300.0,https://teeka4.com/shop/dr-teals-lavender-moisturizing-bath-body-oil-8-8oz/,Teeka4,,Lagos
Dr Teal’s Vitamin C Body Lotion 18 Oz.,Dr Teal's,7500.0,https://teeka4.com/shop/dr-teals-vitamin-c-body-lotion-18-oz/,Teeka4,,Lagos
Dr V Anita Rattan InZincable Invisible Mineral Broad Spectrum SPF50,DR V,43500.0,https://teeka4.com/shop/dr-v-anita-rattan-inzincable-invisible-mineral-broad-spectrum-spf50/,Teeka4,,Lagos
Dr V Anita Rattan Vitamin C Glow Serum 50ml,DR V,72300.0,https://teeka4.com/shop/dr-v-anita-rattan-vitamin-c-glow-serum/,Teeka4,,Lagos
Dr. Althea 147 Barrier Cream 50ml,DR. ALTHEA,18300.0,https://teeka4.com/shop/dr-althea-147-barrier-cream-50ml/,Teeka4,,Lagos
Dr. Althea 345 Relief Cream 50ml,DR. ALTHEA,18000.0,https://teeka4.com/shop/dr-althea-345-relief-cream-50ml/,Teeka4,,Lagos
Dr. Althea Gentle Vitamin C Serum 30ml,DR. ALTHEA,14300.0,https://teeka4.com/shop/dr-althea-gentle-vitamin-c-serum-30ml/,Teeka4,,Lagos
Dr. Althea Vitamin C Boosting Serum 30ml,DR. ALTHEA,14300.0,https://teeka4.com/shop/dr-althea-vitamin-c-boosting-serum-30ml/,Teeka4,,Lagos
Drunk Elephant B-Hydra Intensive Serum 50ml,Drunk Elephant,73700.0,https://teeka4.com/shop/drunk-elephant-b-hydra-intensive-serum-50ml/,Teeka4,,Lagos
Drunk Elephant C-Firma Fresh Day Serum,Drunk Elephant,110300.0,https://teeka4.com/shop/drunk-elephant-c-firma-fresh-day-serum/,Teeka4,,Lagos
Drunk Elephant D-Bronzi Anti Pollution Sunshine Drops Gouttes Soleil Antipollution 1FL 30ml,Drunk Elephant,58600.0,https://teeka4.com/shop/drunk-elephant-d-bronzi-anti-pollution-sunshine-drops-gouttes-soleil-antipollution-1fl-30ml/,Teeka4,,Lagos
Drunk Elephant Protini polypeptide Cream 50ml,Drunk Elephant,90300.0,https://teeka4.com/shop/drunk-elephant-protini-polypeptide-cream-50ml/,Teeka4,,Lagos
Drunk Elephant TLC Sukari Babyfacial Soin Lissant Visage 50ml,Drunk Elephant,107000.0,https://teeka4.com/shop/drunk-elephant-tlc-sukari-babyfacial-soin-lissant-visage-50ml/,Teeka4,,Lagos
EOS Shea Better Cashmere Pink Champagne Body Wash 16FL. OZ (473ml),Evolution of Smooth EOS,18500.0,https://teeka4.com/shop/eos-shea-better-cashmere-pink-champagne-body-wash-16fl-oz-473ml/,Teeka4,,Lagos
EOS Shea Better Coconut Waters Body Lotion 16FL. OZ (473ml),Evolution of Smooth EOS,18200.0,https://teeka4.com/shop/eos-shea-better-coconut-waters-body-lotion-16fl-oz-473ml/,Teeka4,,Lagos
EOS Shea Better Coconut Waters Body Wash 16FL. OZ (473ml),Evolution of Smooth EOS,18500.0,https://teeka4.com/shop/eos-shea-better-coconut-waters-body-wash-16fl-oz-473ml/,Teeka4,,Lagos
EOS Shea Better Fresh & Cozy Body Wash 16FL. OZ (473ml),Evolution of Smooth EOS,18500.0,https://teeka4.com/shop/eos-shea-better-fresh-cozy-body-wash-16fl-oz-473ml/,Teeka4,,Lagos
EOS Shea Better Jasmine Peach Body Lotion 16FL.0Z (473ml),Evolution of Smooth EOS,18200.0,https://teeka4.com/shop/eos-shea-better-jasmine-peach-body-lotion-16fl-0z-473ml/,Teeka4,,Lagos
EOS Shea Better Pomegranate Raspberry Body Lotion 16FL.OZ (473ml),Evolution of Smooth EOS,18500.0,https://teeka4.com/shop/eos-shea-better-pomegranate-raspberry-body-lotion-16fl-oz-473ml-2/,Teeka4,,Lagos
EOS Shea Better Strawberry Dream Body Lotion 16FL.OZ (473ml),Evolution of Smooth EOS,18200.0,https://teeka4.com/shop/eos-shea-better-strawberry-dream-body-lotion-16fl-oz-473ml/,Teeka4,,Lagos
EOS Shea Better Vanilla Cashmere Body Lotion 16FL. OZ (473ml),Evolution of Smooth EOS,18200.0,https://teeka4.com/shop/eos-shea-better-vanilla-cashmere-body-lotion-16fl-oz-473ml/,Teeka4,,Lagos
EOS Shea Better Vanilla Cashmere Body Oil 6FL. OZ (177ml),Evolution of Smooth EOS,21000.0,https://teeka4.com/shop/eos-shea-better-vanilla-cashmere-body-oil-6fl-oz-177ml/,Teeka4,,Lagos
EOS Shea Better Vanilla Cashmere Body Wash 16fl. OZ,Evolution of Smooth EOS,18500.0,https://teeka4.com/shop/eos-shea-better-vanilla-cashmere-body-wash-16fl-oz/,Teeka4,,Lagos
EOS Shea Better Vanilla Cashmere Whipped Oil Butter 283g,Evolution of Smooth EOS,20000.0,https://teeka4.com/shop/eos-shea-better-vanilla-cashmere-whipped-oil-butter/,Teeka4,,Lagos
Eucerin Dermo Purifyer Oil Control Adjunctive Soothing cream 50ml,Eucerin,23600.0,https://teeka4.com/shop/eucerin-dermo-purifyer-oil-control-adjunctive-soothing-cream-50ml/,Teeka4,,Lagos
Eucerin Dermo Purifyer Oil Control Skin Renewal Treatment 40ml,Eucerin,19999.0,https://teeka4.com/shop/eucerin-dermo-purifyer-oil-control-40ml/,Teeka4,,Lagos
Eucerin Dermo purifyer Oil Control SPF30 50ml,Eucerin,28250.0,https://teeka4.com/shop/eucerin-dermo-purifyer-oil-control-spf30-50ml/,Teeka4,,Lagos
Eucerin DermoPurifyer Oil Control Tripple Effect Serum 40ml,Eucerin,27999.0,https://teeka4.com/shop/eucerin-dermopurifyer-oil-control-tripple-effect-serum-30ml/,Teeka4,,Lagos
Eucerin Even Pigment Perfector Dual Serum 30ml,Eucerin,44500.0,https://teeka4.com/shop/eucerin-even-pigment-perfector-dual-serum-30ml/,Teeka4,,Lagos
Eucerin Even Pigment Perfector SPF30 Day Cream 50ml,Eucerin,28800.0,https://teeka4.com/shop/eucerin-even-pigment-perfector-spf30-day-cream-50ml/,Teeka4,,Lagos
Eucerin Pigment Control Sun Fluid SPF50+ for Hyperpigmentation 50ml,Eucerin,20200.0,https://teeka4.com/shop/eucerin-pigment-control-sun-fluid-spf50-for-hyperpigmentation-50ml/,Teeka4,,Lagos
Eucerin Urea Repair 5% Urea Moisturizing Body Cream 450ml,Eucerin,28250.0,https://teeka4.com/shop/eucerin-urea-repair-plus-5-urea-body-cream-450ml/,Teeka4,,Lagos
Face + Body Brightening Bundle,Generic/Unlisted,51000.0,https://teeka4.com/shop/face-body-brightening-bundle/,Teeka4,,Lagos
FaceFacts Ceramide Foaming Cleanser 400ml,FACE FACTS,6500.0,https://teeka4.com/shop/facefacts-ceramide-foaming-cleanser-400ml/,Teeka4,,Lagos
FaceFacts Ceramide Moisturising Gel Cream 50ml,FACE FACTS,3800.0,https://teeka4.com/shop/facefacts-ceramide-moisturising-gel-cream-50ml/,Teeka4,,Lagos
FaceFacts Ceramide Moisturizing Body Lotion 400ml,FACE FACTS,6700.0,https://teeka4.com/shop/facefacts-ceramide-moisturizing-body-lotion-400ml/,Teeka4,,Lagos
FaceFacts Ceramide Moisturizing Cream 454ml,FACE FACTS,7300.0,https://teeka4.com/shop/facefacts-ceramide-moisturizing-cream-454ml/,Teeka4,,Lagos
FaceFacts Ceramide Oil Control Hydrating Toner 200ml,FACE FACTS,5700.0,https://teeka4.com/shop/facefacts-ceramide-oil-control-hydrating-toner-200ml/,Teeka4,,Lagos
FaceFacts Ceramide Repairing Serum Cream 30ml,FACE FACTS,4000.0,https://teeka4.com/shop/facefacts-ceramide-repairing-serum-cream-30ml/,Teeka4,,Lagos
FaceFacts Ceramide Replenishing Eye Cream 15ml,FACE FACTS,3999.0,https://teeka4.com/shop/facefacts-ceramide-replenishing-eye-cream-15ml/,Teeka4,,Lagos
FaceFacts Glow & Resurface Lactic Acid Facial Serum 30ml,FACE FACTS,3700.0,https://teeka4.com/shop/facefacts-glow-resurface-lactic-acid-facial-serum-30ml/,Teeka4,,Lagos
FaceFacts Hyaluronic Body Lotion 400ml,FACE FACTS,6000.0,https://teeka4.com/shop/facefacts-hyaluronic-body-lotion-400ml/,Teeka4,,Lagos
FaceFacts Nourish + Restore Ceramide Facial Serum 30ml,FACE FACTS,4400.0,https://teeka4.com/shop/facefacts-barrier-repair-ceramide-facial-serum-30ml/,Teeka4,,Lagos
FaceFacts Renew & Radiance Retinol Facial Serum 30ml,FACE FACTS,3700.0,https://teeka4.com/shop/facefacts-renew-radiance-retinol-facial-serum-30ml/,Teeka4,,Lagos
FaceFacts Revive & Brighten Caffeine Facial Serum 30ml,FACE FACTS,3700.0,https://teeka4.com/shop/facefacts-revive-brighten-caffeine-facial-serum-30ml/,Teeka4,,Lagos
FaceFacts Shimmer Glow Oil 100ml,FACE FACTS,6999.0,https://teeka4.com/shop/facefacts-shimmer-glow-oil-100ml/,Teeka4,,Lagos
FaceFacts Vitamin C Face Cream 50ml,FACE FACTS,3500.0,https://teeka4.com/shop/facefacts-vitamin-c-brightening-face-cream-50ml/,Teeka4,,Lagos
FaceFacts Wonder Cream (Fragrance free) 50ml,FACE FACTS,7700.0,https://teeka4.com/shop/face-facts-wonder-cream-fragrance-free-50ml-copy/,Teeka4,,Lagos
FaceFacts Wonder Cream (scented) 50ml,FACE FACTS,7700.0,https://teeka4.com/shop/face-facts-wonder-cream-scented-50ml/,Teeka4,,Lagos
Facefacts Ceramide Blemish Gel Moisturiser 50ml,FACE FACTS,3600.0,https://teeka4.com/shop/facefacts-ceramide-blemish-gel-moisturiser-50ml/,Teeka4,,Lagos
Facefacts Ceramide Hydrating Gentle Cleanser 200ml,FACE FACTS,5700.0,https://teeka4.com/shop/facefacts-ceramide-hydrating-gentle-cleanser-200ml/,Teeka4,,Lagos
Facefacts Ceramide Hydrating Gentle Cleanser 400ml,FACE FACTS,7200.0,https://teeka4.com/shop/facefacts-ceramide-hydrating-gentle-cleanser-400ml/,Teeka4,,Lagos
Facefacts Ceramide Oil Control Foaming Cleanser – 200ml,FACE FACTS,5950.0,https://teeka4.com/shop/facefacts-ceramide-oil-control-foaming-cleanser-200ml/,Teeka4,,Lagos
Fenty Skin Hydra Vizor Mineral SPF 30 Moisturizer,Fenty Skin,61000.0,https://teeka4.com/shop/fenty-skin-hydra-vizor-mineral-spf-30-moisturizer/,Teeka4,,Lagos
Fragrance Set (Smell Delicious),Generic/Unlisted,164000.0,https://teeka4.com/shop/fragrance-set-smell-delicious/,Teeka4,['bundles'],Lagos
Garnier Amber Solaire Anti-Age Super UV SPF50 with Hyaluronic Acid Protection Cream 50ml,Garnier,20600.0,https://teeka4.com/shop/garnier-amber-solaire-anti-age-super-uv-spf50-with-hyaluronic-acid-protection-cream-50ml/,Teeka4,,Lagos
Garnier Amber Solaire Super UV Vitamin C Anti-Dark Spots Fluid SPF-50+ 40ml,Garnier,19500.0,https://teeka4.com/shop/garnier-amber-solaire-super-uv-vitamin-c-anti-dark-spots-fluid-spf-50-40ml/,Teeka4,,Lagos
Garnier Ambre Solaire SPF50 Super UV Niacinamide Anti-Imperfections Fluid 40ml,Garnier,19500.0,https://teeka4.com/shop/garnier-ambre-solaire-spf50-super-uv-niacinamide-anti-imperfections-fluid-40ml/,Teeka4,,Lagos
Garnier Bright Complete Brightening Moisturizing Serum Milk Uv 400ml,Garnier,8500.0,https://teeka4.com/shop/garnier-bright-complete-brightening-moisturizing-serum-milk-uv-400ml/,Teeka4,,Lagos
Garnier Bright Complete body serum lotion with Vitamin C + Lemon  400ml,Garnier,8500.0,https://teeka4.com/shop/garnier-serum-body-lotion-vitamin-c-lemon-new-bright-complete-400ml/,Teeka4,,Lagos
Garnier Ceramide Nourishing Body Butter 380ml,Garnier,16000.0,https://teeka4.com/shop/garnier-ceramide-nourishing-body-butter-380ml/,Teeka4,,Lagos
Garnier Even & Matte Vitamin C Dark Spot Corrector 30ml,Garnier,6999.0,https://teeka4.com/shop/garnier-even-matte-vitamin-c-dark-spot-corrector-30ml/,Teeka4,,Lagos
Garnier Hyaluron Barrier Protect Body Cream 380ml,Garnier,16000.0,https://teeka4.com/shop/garnier-hyaluron-barrier-protect-body-cream-380ml/,Teeka4,,Lagos
Garnier Hyaluron Barrier Repair Liquid Care 120ml,Garnier,16000.0,https://teeka4.com/shop/garnier-hyaluron-barrier-repair-liquid-care-120ml/,Teeka4,,Lagos
Garnier Hyaluronic Aloe Daily Nourishing Cream 50ml,Garnier,13000.0,https://teeka4.com/shop/garnier-hyaluronic-aloe-daily-nourishing-cream-50ml/,Teeka4,,Lagos
Garnier Pure Active AHA+BHA Charcoal Daily Mattifying Air Cream 3 in 1 50ml,Garnier,17250.0,https://teeka4.com/shop/garnier-pure-active-ahabha-charcoal-daily-mattifying-air-cream-3-in-1-50ml/,Teeka4,,Lagos
Garnier Sakura Glow Hyaluron Body Serum Lotion Uv 400ml,Garnier,9100.0,https://teeka4.com/shop/garnier-sakura-glow-hyaluron-body-serum-lotion-uv-400ml/,Teeka4,,Lagos
Garnier Salicylic Fresh & Matte Hydrating Sorbet Cream 85ml,Garnier,11000.0,https://teeka4.com/shop/garnier-salicylic-fresh-matte-hydrating-sorbet-cream-85ml/,Teeka4,,Lagos
Garnier Salicylic Skin Perfecting Liquid Care 120ml,Garnier,16000.0,https://teeka4.com/shop/garnier-salicylic-skin-perfecting-liquid-care-120ml/,Teeka4,,Lagos
Garnier Skin Active AHA+BHA Charcoal Anti-Blemish Serum 30ml,Garnier,23000.0,https://teeka4.com/shop/garnier-skin-active-ahabha-charcoal-anti-blemish-serum-30ml/,Teeka4,,Lagos
Garnier Skin Active Hyaluronic Aloe Replumping Super Serum 30ml,Garnier,23000.0,https://teeka4.com/shop/garnier-skin-active-hyaluronic-aloe-replumping-super-serum-30ml/,Teeka4,,Lagos
Garnier Vitamin C Brightening Day Cream 50Ml,Garnier,11833.0,https://teeka4.com/shop/garnier-vitamin-c-brightening-day-cream-50ml/,Teeka4,,Lagos
Garnier Vitamin C Brightening Over Make-Up UV Mist 75ml,Garnier,17000.0,https://teeka4.com/shop/garnier-vitamin-c-brightening-over-make-up-uv-mist-75ml/,Teeka4,,Lagos
Garnier Vitamin C Daily UV Brightening Fluid Glow SPF50+​ 40ml,Garnier,18750.0,https://teeka4.com/shop/garnier-vitamin-c-daily-uv-brightening-fluid-sheer-glow-spf50-40ml/,Teeka4,,Lagos
Garnier Vitamin C Daily UV Brightening Invisible Fluid SPF50,Garnier,18750.0,https://teeka4.com/shop/garnier-vitamin-c-daily-uv-brightening-invisible-fluid-spf50/,Teeka4,,Lagos
Garnier Vitamin C Nutri – Glow Body Cream 380ml,Garnier,16000.0,https://teeka4.com/shop/garnier-vitamin-c-body-superfood-48h-nutri-glow-cream-380ml/,Teeka4,,Lagos
Garnier Vitamin E Moisturizing Body Cream 380ml,Garnier,16000.0,https://teeka4.com/shop/garnier-vitamin-e-moisturizing-body-cream-380ml/,Teeka4,,Lagos
Glossier You Eau de Parfum 50ml,Glossier You,124171.0,https://teeka4.com/shop/glossier-you-eau-de-parfum-50ml/,Teeka4,,Lagos
Glow Recipe Watermelon Glow NIacinamide Dewy Flush (Berry Flush) 12ml,Glow Recipe,40711.0,https://teeka4.com/shop/glow-recipe-watermelon-glow-niacinamide-dewy-flush-cherry-flush-12ml/,Teeka4,,Lagos
Glow Recipe Watermelon Glow Niacinamide Dew Drops 15ml,Glow Recipe,34590.0,https://teeka4.com/shop/glow-recipe-watermelon-glow-niacinamide-dew-drops-15ml/,Teeka4,,Lagos
Glow Recipe Watermelon Glow Niacinamide Dew Drops Serum 40ml,Glow Recipe,56015.0,https://teeka4.com/shop/glow-recipe-watermelon-glow-niacinamide-due-drops-serum-40ml/,Teeka4,,Lagos
Glow Recipe Watermelon Glow Niacinamide Dewy Flush Serum (Dragon Fruit) 12ml,Glow Recipe,40711.0,https://teeka4.com/shop/glow-recipe-watermelon-glow-niacinamide-dewy-flush-12ml/,Teeka4,,Lagos
Glow Recipe Watermelon Glow Niacinamide Dewy Flush Serum (Watermelon Flush) 12ml,Glow Recipe,40711.0,https://teeka4.com/shop/glow-recipe-watermelon-glow-niacinamide-dewy-flush-40ml/,Teeka4,,Lagos
Glow Recipe Watermelon Glow Niacinamide Hue Drops Serum (Sun Glow) 40ml,Glow Recipe,52955.0,https://teeka4.com/shop/glow-recipe-watermelon-glow-niacinamide-hue-drops-serum-40ml/,Teeka4,,Lagos
Glow Recipe Watermelon Glow PHA + BHA Niacinamide Pore Tight Toner 40ml,Glow Recipe,28468.0,https://teeka4.com/shop/glow-recipe-watermelon-glow-pha-bha-niacinamide-pore-tight-toner-40ml/,Teeka4,,Lagos
Glow Recipe Watermelon Niacinamide Dewy Flush (Cherry Flush) 12ml,Glow Recipe,40711.0,https://teeka4.com/shop/glow-recipe-watermelon-niacinamide-dewy-flush-berry-flush-12ml/,Teeka4,,Lagos
Good Molecules 5% Niacinamide Serum with Ectoin 30ml,Good Molecules,11500.0,https://teeka4.com/shop/good-molecules-5-niacinamide-serum-with-ectoin-30ml/,Teeka4,,Lagos
Good Molecules Brightening and Dark Spots Bar 85g/3oz,Good Molecules,11500.0,https://teeka4.com/shop/good-molecules-brightening-and-dark-spots-bar-85g-3oz/,Teeka4,,Lagos
Good Molecules Daily Brightening Serum 30ml,Good Molecules,12400.0,https://teeka4.com/shop/good-molecules-daily-brightening-serum-without-pack/,Teeka4,,Lagos
Good Molecules Discoloration Correcting Serum (New Version) 30ml,Good Molecules,15800.0,https://teeka4.com/shop/good-molecules-discolouration-correcting-serum-new-version30ml/,Teeka4,,Lagos
Good Molecules Discolouration Correcting Body Treatment 120ml,Good Molecules,17999.0,https://teeka4.com/shop/good-molecules-discolouration-body-treatment-120ml/,Teeka4,,Lagos
Good Molecules Discolouration Correcting Serum 75ml,Good Molecules,27500.0,https://teeka4.com/shop/good-molecules-discolouration-correcting-serum-75ml/,Teeka4,,Lagos
Good Molecules Gentle Retinol Cream 30G,Good Molecules,11450.0,https://teeka4.com/shop/good-molecules-gentle-retinol-cream-30g/,Teeka4,,Lagos
Good Molecules Glycolic Exfoliating Toner 120ml,Good Molecules,16500.0,https://teeka4.com/shop/good-molecules-glycolic-exfoliating-toner-120ml/,Teeka4,,Lagos
Good Molecules Hyaluronic Acid Serum 30ml,Good Molecules,9900.0,https://teeka4.com/shop/good-molecules-hyaluronic-acid-serum-30ml/,Teeka4,,Lagos
Good Molecules Hyaluronic Acid Serum 75Fl,Good Molecules,14999.0,https://teeka4.com/shop/good-molecules-hyaluronic-acid-serum-75fl/,Teeka4,,Lagos
Good Molecules Light Weight Daily Moisturizer 100ml,Good Molecules,14500.0,https://teeka4.com/shop/good-molecules-hyaluronic-acid-boosting-essence-120ml/,Teeka4,,Lagos
Good Molecules Mandelic Acid Serum 30ml,Good Molecules,13500.0,https://teeka4.com/shop/good-molecules-mandelic-acid-serum-30ml/,Teeka4,,Lagos
Good Molecules Niacinamide Brightening Toner 120ml,Good Molecules,17999.0,https://teeka4.com/shop/good-molecules-niacinamide-brightening-toner-120ml/,Teeka4,,Lagos
Good Molecules Niacinamide Brightening Toner Travel Size 30ml,Good Molecules,9900.0,https://teeka4.com/shop/good-molecules-niacinamide-brightening-toner-travel-size-30ml-2/,Teeka4,,Lagos
Good Molecules Niacinamide Serum 30ml,Good Molecules,9999.0,https://teeka4.com/shop/good-molecules-niacinamide-serum-30ml/,Teeka4,,Lagos
Good Molecules Overnight Exfoliating Treatment 30Ml,Good Molecules,9900.0,https://teeka4.com/shop/good-molecules-overnight-exfoliating-treatment-30ml/,Teeka4,,Lagos
Good Molecules Vitamin C Serum with Oryzanol 30ml,Good Molecules,15999.0,https://teeka4.com/shop/good-molecules-vitamin-c-serum-with-oryzanol-30ml/,Teeka4,,Lagos
Good Molecules Yerba Mate Wake Up Eye Gel 15Ml,Good Molecules,9600.0,https://teeka4.com/shop/good-molecules-yerba-mate-wake-up-eye-gel-15ml/,Teeka4,,Lagos
Good Molecules Yuzu Blemish Gel Cream 30ml/1fl oz,Good Molecules,10999.0,https://teeka4.com/shop/good-molecules-yuzu-blemish-gel-cream-30ml-1fl-oz/,Teeka4,,Lagos
Hada Labo Shirojyun Premium Brightening Rich Lotion 170ml.,Hada LaboRohto Mentholatum,13200.0,https://teeka4.com/shop/hada-labo-shirojyun-brightening-lotion-with-tranexamic-acid-and-coixseed-rich-170ml/,Teeka4,,Lagos
Haruharu Wonder Black Rice Hyaluronic Toner 5.1 Fl.Oz. (150 Ml),Haruharu Wonder,11200.0,https://teeka4.com/shop/haruharu-wonder-black-rice-hyaluronic-toner-5-1-fl-oz-150-ml/,Teeka4,,Lagos
Haruharu Wonder Black Rice Hyaluronic Toner For Sensitive Skin 5.1 Fl.Oz. (150 Ml),Haruharu Wonder,11200.0,https://teeka4.com/shop/haruharu-wonder-black-rice-hyaluronic-toner-for-sensitive-skin-5-1-fl-oz-150-ml/,Teeka4,,Lagos
Haruharu Wonder Black Rice Moisture Deep Cleansing Oil Unscented 150ml,Haruharu Wonder,12500.0,https://teeka4.com/shop/haruharu-wonder-black-rice-moisture-deep-cleansing-oil-150ml/,Teeka4,,Lagos
Hatomugi Bright Up Moisturizing & Conditioning Body Milk 400ml,Hatomugi,7500.0,https://teeka4.com/shop/hatomugi-moisturizing-conditioning-bright-up-body-milk-400ml/,Teeka4,,Lagos
Hatomugi Bright up Facial Foam 170g/6oz,Hatomugi,4700.0,https://teeka4.com/shop/hatomugi-bright-up-facial-foam-170g-6oz/,Teeka4,,Lagos
Hatomugi Moisturizing & Facial Foam 170g,Hatomugi,4500.0,https://teeka4.com/shop/hatomugi-moisturizing-facial-foam-170g/,Teeka4,,Lagos
Hatomugi The Uv And Moisturizing Milky Gel Spf 50+ Pa++++ 250Ml,Hatomugi,12000.0,https://teeka4.com/shop/hatomugi-the-uv-and-moisturizing-milky-gel-spf-50-pa-250ml/,Teeka4,,Lagos
Hydration Layering System,Generic/Unlisted,46999.0,https://teeka4.com/shop/hydration-layering-system/,Teeka4,,Lagos
Hyperpigmentation,Generic/Unlisted,32000.0,https://teeka4.com/shop/hyperpigmentation/,Teeka4,['bundles'],Lagos
Isntree Green Tea Fresh Toner 200Ml,Isntree,11800.0,https://teeka4.com/shop/isntree-green-tea-fresh-toner-200ml/,Teeka4,,Lagos
Isntree – Green Tea Fresh Emulsion 120Ml,Isntree,11800.0,https://teeka4.com/shop/isntree-green-tea-fresh-emulsion-120ml/,Teeka4,,Lagos
Isntree – Hyaluronic Acid Aqua Gel Cream 3.38Fl.Oz (100Ml),Isntree,13500.0,https://teeka4.com/shop/isntree-hyaluronic-acid-aqua-gel-cream-3-38fl-oz-100ml/,Teeka4,,Lagos
Isntree – Hyaluronic Acid Moist Cream 3.38 Fl Oz (100 Ml),Isntree,13500.0,https://teeka4.com/shop/isntree-hyaluronic-acid-moist-cream-3-38-fl-oz-100-ml/,Teeka4,,Lagos
I’M From – Rice Toner 5.07fl oz (150ml),I'm From,14500.0,https://teeka4.com/shop/im-from-rice-toner-150ml/,Teeka4,,Lagos
JUMISO D-Panthenol Barrier Soothing Serum 70ml,Jumiso,13500.0,https://teeka4.com/shop/jumiso-d-panthenol-barrier-soothing-serum-70ml/,Teeka4,,Lagos
Jumiso Niacinamide 20 Serum 40ml,Jumiso,14300.0,https://teeka4.com/shop/jumiso-niacinamide-20-serum-40ml/,Teeka4,,Lagos
Jumiso Pore Clearing Cleansing Oil 200ml,Jumiso,13999.0,https://teeka4.com/shop/jumiso-pore-clearing-cleansing-oil-200ml/,Teeka4,,Lagos
K-Secret SEOUL 1988 Cream : Retinal Liposome 1% + Fermented Rice 50ml,K-Secret,15999.0,https://teeka4.com/shop/k-secret-seoul-1988-cream-retinal-liposome-1-fermented-rice-50ml/,Teeka4,,Lagos
K-Secret SEOUL 1988 Eye Cream : Retinal Liposome 4% + Fermented Bean 30ml,K-Secret,13700.0,https://teeka4.com/shop/k-secret-seoul-1988-eye-cream-retinal-liposome-4-fermented-bean-30ml/,Teeka4,,Lagos
K-Secret SEOUL 1988 Retinal Serum: Retinal Liposome 2% + Black Ginseng 30ml,K-Secret,13700.0,https://teeka4.com/shop/k-secret-seoul-1988-retinal-serum-retinal-liposome-2-black-ginseng-30ml/,Teeka4,,Lagos
KAbinone- Hydroquinone Cream 2% 40gm,Kabinone,4900.0,https://teeka4.com/shop/kabinone-hydroquinone-cream-2-40gm/,Teeka4,,Lagos
"Kab-I-Glow Ultra Cream (Kojic Acid Dipalmitate, Arbutin, Mulberry Extract, Octinoxate, Glycolic Acid & Vitamin E Cream) 30gm",Kab-I-Glow,8999.0,https://teeka4.com/shop/kab-i-glow-hydroquinone-tretinoin-fluocinolone-acetonide-topical-cream-15gm/,Teeka4,,Lagos
Kabazel – Azelaic Acid Gel 20% ( Alternative to EZANIC 20% ),Kabazel,5600.0,https://teeka4.com/shop/kabazel-azelaic-acid-gel-20/,Teeka4,,Lagos
Kayali Eden Juicy Apple 01 Perfume 50ml,Kayali,139475.0,https://teeka4.com/shop/kayali-eden-juicy-apple-01-perfume-50ml/,Teeka4,,Lagos
Kayali Lovefest Burning Cherry 48 Perfume 50ml,Kayali,139475.0,https://teeka4.com/shop/kayali-lovefest-burning-cherry-48-50ml/,Teeka4,,Lagos
Kayali Vacay in a Bottle Miniature Set Perfume (4pc×10ml),Kayali,151718.0,https://teeka4.com/shop/kayali-vacay-in-a-bottle-miniature-set-perfume-4pcx10ml/,Teeka4,,Lagos
Kayali Vanilla 28 Perfume 50ml,Kayali,139475.0,https://teeka4.com/shop/kayali-vanilla-perfume-28-50ml/,Teeka4,,Lagos
Kayali Yum Pistachio Gelato 33 Perfume 50ml,Kayali,139475.0,https://teeka4.com/shop/kayali-yum-pistachio-gelato-33-50ml/,Teeka4,,Lagos
Kayali Yum Pistachio Gelato | 33 Perfume 10ml,Kayali,59894.0,https://teeka4.com/shop/kayali-yum-pistachio-gelato-33-perfume-10ml/,Teeka4,,Lagos
Keratosis Pilaris (Chicken Skin),Generic/Unlisted,50899.0,https://teeka4.com/shop/keratosis-pilaris-chicken-skin/,Teeka4,['bundles'],Lagos
Koji White 2% Kojic Dipalmitate + 3% Tranexamic Acid Face Serum 30ml,Koji White,21500.0,https://teeka4.com/shop/koji-white-2-kojic-dipalmitate-3-tranexamic-acid-face-serum-30ml/,Teeka4,,Lagos
"Koji White African Black Soap Bar 5.64oz, 2 Bars / 160g",Koji White,11500.0,https://teeka4.com/shop/koji-white-african-black-soap-bar-5-64oz-2-bars-160g/,Teeka4,,Lagos
Koji White Bright Booster Underarm Serum 30ml/1.0 fl oz,Koji White,16500.0,https://teeka4.com/shop/koji-white-bright-booster-underarm-serum-30ml-1-0-fl-oz/,Teeka4,,Lagos
Koji White Dark Spot Brightening Serum 30ml,Koji White,18500.0,https://teeka4.com/shop/koji-white-dark-spot-brightening-serum-30ml/,Teeka4,,Lagos
Koji White Kojic Acid & Vitamin C Skin Brightening Soap 5.64oz (160g) 2Bar,Koji White,11000.0,https://teeka4.com/shop/koji-white-kojic-acid-vitamin-c-skin-brightening-soap-2-82-oz/,Teeka4,,Lagos
Koji White Kojic Acid And Collagen Skin Brightening Soap 2.82 Oz,Koji White,11500.0,https://teeka4.com/shop/koji-white-kojic-acid-collagen-skin-brightening-soap-2-82-oz/,Teeka4,,Lagos
Koji White Kojic Acid And Papaya Skin Brightening Soap 2 Piece,Koji White,11000.0,https://teeka4.com/shop/koji-white-kojic-acid-papaya-skin-brightening-soap-1-piece/,Teeka4,,Lagos
Koji White Kojic Acid Bump & Body Scrub Soap – 2 Bars (5.64 oz. 160g),Koji White,12000.0,https://teeka4.com/shop/koji-white-kojic-acid-bump-eraser-body-scrub-soap-2-bars-5-64-oz-160g/,Teeka4,,Lagos
Koji White Kojic Acid Papaya Skin Brightening Body Lotion 8.45Fl 1Piece,Koji White,15500.0,https://teeka4.com/shop/koji-white-kojic-acid-papaya-skin-brightening-body-lotion-8-45fl-1piece/,Teeka4,,Lagos
Koji White Kojic Acid Skin Brightening Body Lotion 250ml,Koji White,15500.0,https://teeka4.com/shop/koji-white-kojic-acid-skin-brightening-body-lotion-250ml/,Teeka4,,Lagos
Koji White Kojic Acid Skin Brightening Body Lotion 500ml,Koji White,25000.0,https://teeka4.com/shop/koji-white-kojic-acid-skin-brightening-body-lotion-500ml/,Teeka4,,Lagos
Koji White Kojic Acid Skin Brightening Body Wash 10.82fl oz (320ml),Koji White,15500.0,https://teeka4.com/shop/koji-white-kojic-acid-skin-brightening-body-wash-daily-moisturizing-skin-cleanser-uneven-skin-tone-with-flower-acid-extracts-hyaluronic-acid-vitamin-e-b5-vegan-body-wash-10-82-fl-oz/,Teeka4,,Lagos
Koji White Kojic Acid Skin Brightening Soap 5.64oz (160g) 2 Bars,Koji White,11500.0,https://teeka4.com/shop/koji-white-acid-skin-brightening-soap-2-82-oz/,Teeka4,,Lagos
Koji White – Kojic Acid Skin Brightening Face Wash – 1 Tube -2.54fl oz 75g.,Koji White,13500.0,https://teeka4.com/shop/koji-white-kojic-acid-skin-brightening-face-wash-1-tube-2-54fl-oz-75g/,Teeka4,,Lagos
Kojie San Skin Lightening Soap (Kojic Acid Soap) 100G Pack Of 3,Kojie san,6300.0,https://teeka4.com/shop/kojie-san-skin-lightening-soap-kojic-acid-soap-100g-pack-of-3-without-pack/,Teeka4,,Lagos
La Roche -Posay Lipikar Gel Lavante Shower Gel 400ml,La Roche-Posay,18100.0,https://teeka4.com/shop/la-roche-posay-lipikar-gel-lavante-shower-gel-400ml-2/,Teeka4,,Lagos
La Roche -Posay Lipikar Gel Lavante Shower Gel 750ML,La Roche-Posay,22900.0,https://teeka4.com/shop/la-roche-posay-lipikar-gel-lavante-shower-gel-750ml-2/,Teeka4,,Lagos
La Roche Posay Anthelios Oil Correct Gel Cream 50ml,La Roche-Posay,30999.0,https://teeka4.com/shop/la-roche-posay-anthelios-oil-correct-gel-cream-50ml/,Teeka4,,Lagos
La Roche Posay Lipikar Baume Ap+M Body Lotion – 400ML,La Roche-Posay,25650.0,https://teeka4.com/shop/la-roche-posay-lipikar-baume-apm-body-lotion/,Teeka4,,Lagos
La Roche Thermal Spring Water 150ml,La Roche-Posay,12999.0,https://teeka4.com/shop/la-roche-thermal-spring-water-150ml/,Teeka4,,Lagos
La Roche- Posay Anthelios Invisible Spray Spf50+ Ultra Protection 200ml,La Roche-Posay,29500.0,https://teeka4.com/shop/la-roche-posay-anthelios-invisible-spray-spf50/,Teeka4,,Lagos
La Roche- Posay Cicaplast Baume B5+ Ultra-Repairing Soothing Balm 100Ml,La Roche-Posay,23010.0,https://teeka4.com/shop/la-roche-posay-cicaplast-baume-b5-for-dry-skin-irritations-100ml/,Teeka4,,Lagos
La Roche-Posay Anthelios UVMUNE 400 Hydrating Cream Spf 50+ 50ml,La Roche-Posay,19800.0,https://teeka4.com/shop/dear-klairs-rich-moist-soothing-cream-jumbo-80ml/,Teeka4,,Lagos
La Roche-Posay Anthelios UVMUNE 400 SPF50+ Anti-Dark Spots Fluid 50ml,La Roche-Posay,23970.0,https://teeka4.com/shop/palmers-cocoa-butter-formula-body-cream-with-vitamin-e-30-bonus-9-5-oz-270g/,Teeka4,,Lagos
La Roche-Posay Anthelios UVmune 400 Invisible Fluid SPF50+ 50ml (1.7oz),La Roche-Posay,20500.0,https://teeka4.com/shop/la-roche-posay-anthelios-uvmune-400-invisible-fluid-spf50-50ml-1-7oz/,Teeka4,,Lagos
La Roche-Posay Anthelios UVmune 400 Oil Control Gel Cream SPF50+ 50ml,La Roche-Posay,20500.0,https://teeka4.com/shop/la-roche-posay-anthelios-uvmune-400-oil-control-gel-cream-spf50-50ml/,Teeka4,,Lagos
La Roche-Posay Cicaplast Barrier Repairing Lip Balm 7.5ml,La Roche-Posay,,https://teeka4.com/shop/la-roche-posay-cicaplast-barrier-repairing-lip-balm-7-5ml/,Teeka4,"['skincare-face', 'lip-care']",Lagos
La Roche-Posay Effaclar Gel Moussant Purifying Foaming Gel 300ml,La Roche-Posay,16690.0,https://teeka4.com/shop/the-ordinary-100-organic-cold-pressed-rose-hip-seed-oil-30ml-without-pack/,Teeka4,,Lagos
La Roche-Posay Effaclar Micro-Peeling Purifying Gel 200ml,La Roche-Posay,16999.0,https://teeka4.com/shop/la-roche-effaclar-micro-peeling-purifying-gel-200ml/,Teeka4,,Lagos
La Roche-Posay Effaclar Purifying Foaming Gel 200Ml,La Roche-Posay,15999.0,https://teeka4.com/shop/la-roche-posay-effaclar-purifying-foaming-gel-200ml/,Teeka4,,Lagos
La Roche-Posay Effaclar Purifying Foaming Gel Cleanser 400Ml,La Roche-Posay,20999.0,https://teeka4.com/shop/la-roche-posay-effaclar-purifying-foaming-gel-cleanser-400ml/,Teeka4,,Lagos
La Roche-Posay Effaclar Purifying Foaming Gel Refill 400ml,La Roche-Posay,17500.0,https://teeka4.com/shop/la-roche-posay-effaclar-purifying-foaming-gel-refill-400ml/,Teeka4,,Lagos
La Roche-Posay Lipikar Baume AP+M Triple-Action Balm 200ml,La Roche-Posay,18999.0,https://teeka4.com/shop/la-roche-posay-lipikar-apmax-triple-action-balm-200ml/,Teeka4,,Lagos
La Roche-Posay Lipikar Lait Urea 10% Body Lotion 400ml,La Roche-Posay,30170.0,https://teeka4.com/shop/la-roche-posay-lipikar-lait-urea-10-body-lotion-400ml/,Teeka4,,Lagos
La Roche-Posay Lipikar Lait Urea 10% Lotion 200ml,La Roche-Posay,24500.0,https://teeka4.com/shop/la-roche-posay-lipikar-lait-urea-10-lotion-200ml/,Teeka4,,Lagos
La Roche-Posay Mela B3 Micro-peeling Clarifying Anti-Dark Spot Gel 200ml,La Roche-Posay,20999.0,https://teeka4.com/shop/dr-jart-every-sun-day-waterproof-sun-milk-30ml/,Teeka4,,Lagos
La Roche-Posay Mela B3 SPF30 Anti-Dark Spots Corrective Protective Care 40ml,La Roche-Posay,34819.0,https://teeka4.com/shop/the-ordinary-buffet-copper-peptides-1/,Teeka4,,Lagos
La Roche-Posay Pure Vitamin C Light Anti-Wrinkle Firming Moisturising Filler 40ml,La Roche-Posay,36999.0,https://teeka4.com/shop/the-ordinary-amino-acids-b5-30ml/,Teeka4,,Lagos
La Roche-Posay Vitamin C Purifying Cleanser 200ML,La Roche-Posay,20100.0,https://teeka4.com/shop/la-roche-posay-vitamin-c-purifying-cleanser-200ml/,Teeka4,,Lagos
Mary And May – Niacinamide + Chaenomeles Sinensis Serum 30Ml,MARY & MAY,9210.0,https://teeka4.com/shop/mary-may-niacinamide-chaenomeles-sinensis-serum-30ml/,Teeka4,,Lagos
Mary And May – Niacinamide Vitamin C Brightening Mask,MARY & MAY,10000.0,https://teeka4.com/shop/mary-may-niacinamide-vitamin-c-brightening-mask/,Teeka4,,Lagos
Mary&May Glutathione Eyecream Special Set( Eye Cream 30g 1EA+Miniature 2EA),MARY & MAY,12500.0,https://teeka4.com/shop/marymay-glutathione-eyecream-special-set-eye-cream-30g-1eaminiature-2ea/,Teeka4,,Lagos
Medicube  Collagen Night Wrapping Mask 75ml,Medicube,17600.0,https://teeka4.com/shop/medicube-collagen-night-wrapping-mask-75ml/,Teeka4,,Lagos
Medicube 5% TXA Niacinamide Capsule Cream 55g/1.94oz,Medicube,19800.0,https://teeka4.com/shop/medicube-5-txa-niacinamide-capsule-cream-55g-1-94oz/,Teeka4,,Lagos
Medicube AGE-R Booster Pro EX (Black),Medicube,159376.0,https://teeka4.com/shop/medicube-age-r-booster-pro-ex-black/,Teeka4,,Lagos
Medicube AGE-R Booster Pro EX (Pink),Medicube,159376.0,https://teeka4.com/shop/medicube-age-r-booster-pro-ex-pink/,Teeka4,,Lagos
Medicube Kojic Acid Turmeric Night Wrapping Mask 75ml,Medicube,17500.0,https://teeka4.com/shop/medicube-kojic-acid-turmeric-night-wrapping-mask-75ml/,Teeka4,,Lagos
Medik8 Advance Night Restore 50ml,Medik8,103867.0,https://teeka4.com/shop/medik8-advance-night-restore-50ml/,Teeka4,,Lagos
Medik8 C-Tetra Lipid Vitamin C Radiance Serum 30ml,Medik8,80911.0,https://teeka4.com/shop/medik8-c-tetra-lipid-vitamin-c-radiance-serum-30ml/,Teeka4,,Lagos
Medik8 Crystal Retinal 3 30ml,Medik8,92389.0,https://teeka4.com/shop/medik8-crystal-retinal-3-30ml/,Teeka4,,Lagos
Medik8 Crystal Retinal Ceramide Eye 3 15ml,Medik8,76319.0,https://teeka4.com/shop/medik8-crystal-retinal-ceramide-eye-3-15ml/,Teeka4,,Lagos
Medik8 Press & Glow Daily Exfoliating PHA Toner 200ml,Medik8,64076.0,https://teeka4.com/shop/medik8-press-glow-daily-exfoliating-pha-toner-200ml/,Teeka4,,Lagos
Medix 5.5 Glycolic + Lactic Acid Skin Perfecting Body Wash 15fl oz/444ml,Medix 5.5,15500.0,https://teeka4.com/shop/medix-5-5-glycolic-lactic-acid-skin-perfecting-body-wash-15fl-oz-444ml/,Teeka4,,Lagos
Medix 5.5 Retinol Cream With Ferulic Acid 15Oz,Medix 5.5,17500.0,https://teeka4.com/shop/medix-5-5-retinol-cream-with-ferulic-acid-15oz/,Teeka4,,Lagos
Medix 5.5 Vitamin C +Turmeric Body Cream 15FL OZ /( 444ml),Medix 5.5,18000.0,https://teeka4.com/shop/medix-5-5-vitamin-c-creamturmeric/,Teeka4,,Lagos
Medix Niacinamide + Shea Butter Body Cream 15FL OZ /( 444ml),Medix 5.5,17500.0,https://teeka4.com/shop/medix-niacinamide-shea-butter-body-cream-15fl-oz-444ml/,Teeka4,,Lagos
Medix Vitamin C & Niacinamide Body Wash 15FL OZ /( 444ml),Medix 5.5,15500.0,https://teeka4.com/shop/medix-vitamin-c-niacinamide-body-wash-15fl-oz-444ml/,Teeka4,,Lagos
Missha All-Around Safe Block Aqua Sun Gel Spf50+/Pa+++ 50ml,Missha,9999.0,https://teeka4.com/shop/missha-all-around-safe-block-aqua-sun-gel-spf50-pa-50ml-new/,Teeka4,,Lagos
Mixsoon Bean Essence 30ml,Mixsoon,14634.0,https://teeka4.com/shop/mixsoon-bean-essence-30ml/,Teeka4,,Lagos
NINELESS A-Control Azelaic Acid Toner 150ml,NINE LESS,13000.0,https://teeka4.com/shop/nineless-a-control-azelaic-acid-toner-150ml/,Teeka4,,Lagos
Naturium -The Brightener Vitamin C Body Wash 500ml,Naturium,38999.0,https://teeka4.com/shop/naturium-the-brightener-vitamin-c-brightening-body-wash-500ml/,Teeka4,,Lagos
Naturium -The Glow Getter Multi-Oil Body Wash 500ml,Naturium,38999.0,https://teeka4.com/shop/naturium-the-glow-getter-multi-oil-body-wash-500ml/,Teeka4,,Lagos
Naturium Barrier Bounce Serum 1.7fl/ 50ml,Naturium,37859.0,https://teeka4.com/shop/naturium-barrier-bounce-serum-1-7fl-50ml/,Teeka4,,Lagos
Naturium Bio-Lipid Restoring Body Lotion 414ml,Naturium,38000.0,https://teeka4.com/shop/urban-skin-rx-pro-strength-lacticglow-micropolish-resurface-brighten-cleanser/,Teeka4,,Lagos
Naturium Vitamin C Complex Serum 1fl oz / 30ml,Naturium,35913.0,https://teeka4.com/shop/naturium-vitamin-c-complex-serum-1fl-oz-30ml/,Teeka4,,Lagos
Neutrogena Light Sesame Formula  Body Oil 8.5fl oz 250ml,Neutrogena,20000.0,https://teeka4.com/shop/neutrogena-lightweight-body-oil16-oz/,Teeka4,,Lagos
Neutrogena Oil – Free Acne Stress Control Toner 8fl oz / 237ml,Neutrogena,17999.0,https://teeka4.com/shop/neutrogena-oil-free-acne-stress-control-toner/,Teeka4,,Lagos
Neutrogena Oil – Free Acne Wash 9.1fl oz/269ml,Neutrogena,13999.0,https://teeka4.com/shop/neutrogena-oil-free-acne-wash-9-1fl-0z/,Teeka4,,Lagos
Neutrogena Oil-Free Acne Moisturizer Pink Grapefruit 4fl. oz/118ml,Neutrogena,18500.0,https://teeka4.com/shop/neutrogena-oil-free-acne-moisturizer-pink-grapefruit-4fl-oz-118ml/,Teeka4,,Lagos
Neutrogena Oil-Free Acne Stress Control Power-Clear Scrub 4.2fl oz/125ml,Neutrogena,16200.0,https://teeka4.com/shop/neutrogena-oil-free-acne-stress-control-power-clear-scrub-4-2fl-oz-125ml/,Teeka4,"['skincare-face', 'face-exfoliators-scrubs']",Lagos
Neutrogena Oil-Free Acne Wash Pink Grapefruit Facial Cleanser 269ml,Neutrogena,17999.0,https://teeka4.com/shop/neutrogena-oil-free-acne-wash-pink-grapefruit-facial-cleanser-269ml/,Teeka4,,Lagos
Neutrogena Oil-Free Acne Wash Pink Grapefruit Facial Cleanser 6 Fl. Oz / 177ml,Neutrogena,16500.0,https://teeka4.com/shop/neutrogena-oil-free-acne-wash-pink-grapefruit-facial-cleanser-6-fl-oz-177ml/,Teeka4,,Lagos
Neutrogena On-The-Spot Acne Treatment 0.75oz/21g,Neutrogena,17000.0,https://teeka4.com/shop/neutrogena-on-the-spot-acne-treatment-0-75oz-21g/,Teeka4,"['skincare-face', 'face-moisturizers', 'treatments']",Lagos
Nineless A-control Heartleaf & BHA Cleanser 120ml,NINE LESS,11000.0,https://teeka4.com/shop/nineless-a-control-heartleaf-bha-cleanser-120ml/,Teeka4,,Lagos
Nineless B-boost 1% Kojic Acid Toner 200ml,NINE LESS,10500.0,https://teeka4.com/shop/nineless-b-boost-1-kojic-acid-toner-200ml/,Teeka4,,Lagos
Nivea Hydro care Lip Balm with Spf15 for Dry & Cracked Lips 4.8g (5.5ml),Nivea,3900.0,https://teeka4.com/shop/nivea-hydro-care-lip-balm-with-spf15-for-dry-cracked-lips-4-8g-5-5ml/,Teeka4,,Lagos
"Nivea Lip Care, Fruity BlackBerry Shine with Natural Oils 4.8g (5.5ml)",Nivea,3900.0,https://teeka4.com/shop/nivea-lip-care-fruity-blackberry-shine-with-natural-oils-4-8g-5-5ml/,Teeka4,,Lagos
"Nivea Lip Care, Fruity Watermelon Shine with Natural Oils 4.8g (5.5ml)",Nivea,3900.0,https://teeka4.com/shop/nivea-lip-care-fruity-watermelon-shine-with-natural-oils-4-8g-5-5ml/,Teeka4,,Lagos
Nivea Men Deep Clean Shower Gel 500ml.,Nivea,6900.0,https://teeka4.com/shop/nivea-men-deep-clean-shower-gel-500ml/,Teeka4,,Lagos
Nivea Men Shower Gel 3-in-1 Cool Kick 500ml.,Nivea,6900.0,https://teeka4.com/shop/nivea-men-shower-gel-3-in-1-cool-kick-500ml/,Teeka4,,Lagos
Nivea Nourishing Cocoa 5-in-1 Complete Care Body Lotion 400ml,Nivea,4700.0,https://teeka4.com/shop/nivea-nourishing-cocoa-5-in-1-complete-care-body-lotion-400ml/,Teeka4,,Lagos
Nivea Pure Care Shower Crème Soft 500ml.,Nivea,6900.0,https://teeka4.com/shop/nivea-pure-care-shower-creme-soft-500ml/,Teeka4,,Lagos
Nivea Radiant & Beauty Advanced Care Lotion- 400ml,Nivea,6300.0,https://teeka4.com/shop/nivea-radiant-beauty-advanced-care-lotion-for-women-400ml/,Teeka4,,Lagos
Nivea Rich Nourishing Complete Care 5-in-1 Body Lotion 400ml..,Nivea,5800.0,https://teeka4.com/shop/nivea-body-lotion-rich-nourishing-5-in1-400ml/,Teeka4,,Lagos
Nivea Uv Super Water Gel Spf 50 Pa+++ 140G,Nivea,13999.0,https://teeka4.com/shop/nivea-uv-super-water-gel-spf-50-pa-140g-140g/,Teeka4,,Lagos
No.1 Numbuzin Clear Filter Sun Essence SPF 50+PA++++ 50ml,Numbuzin,14200.0,https://teeka4.com/shop/no-1-numbuzin-clear-filter-sun-essence-spf-50pa-50ml/,Teeka4,,Lagos
Numbuzin Nad+Bio lifting Sil Full Face Mask,Numbuzin,14200.0,https://teeka4.com/shop/numbuzin-nadbio-lifting-sil-full-face-mask/,Teeka4,,Lagos
Numbuzin No. 5+ Vitamin-Niacinamide Concentrated Pad,Numbuzin,16000.0,https://teeka4.com/shop/numbuzin-no-5-vitamin-niacinamide-concentrated-pad/,Teeka4,,Lagos
Numbuzin No.1 Pure-Full Calming Herb Toner 300ml,Numbuzin,22000.0,https://teeka4.com/shop/numbuzin-no-1-pure-full-calming-herb-toner-300ml/,Teeka4,,Lagos
Numbuzin No.5+ Glutathione C Facial Spa Cleanser 200ml,Numbuzin,14999.0,https://teeka4.com/shop/numbuzin-no-5-glutathione-c-facial-spa-cleanser-200ml/,Teeka4,,Lagos
Numbuzin No.5+ Glutathione Vitamin Concentrated Toner 200ml,Numbuzin,15300.0,https://teeka4.com/shop/numbuzin-no-5-vitamin-boosting-essential-toner-200ml/,Teeka4,,Lagos
Numbuzin No.5+ Glutathione Vitamin Concentrated Toner Pads 180ml,Numbuzin,14700.0,https://teeka4.com/shop/numbuzin-no-5-glutathione-vitamin-concentrated-toner-pads-180ml/,Teeka4,,Lagos
Numbuzin No.5+ Glutathione Vitamin Dark Spot Cream 50ml,Numbuzin,15400.0,https://teeka4.com/shop/numbuzin-no-5-vitamin-glutathione-dark-spot-laser-cream-50ml/,Teeka4,,Lagos
Numbuzin – No. 3 Skin Softening Serum – 50ml,Numbuzin,16000.0,https://teeka4.com/shop/numbuzin-no-3-skin-softening-serum-50ml/,Teeka4,,Lagos
Numbuzin – No.1 Pantothenic B5 Active Soothing Serum 50ml,Numbuzin,16999.0,https://teeka4.com/shop/numbuzin-no-1-pantothenic-b5-active-soothing-serum-50ml/,Teeka4,,Lagos
Oil control + Texture Correction Kit,Generic/Unlisted,22500.0,https://teeka4.com/shop/oil-control-texture-correction-kit/,Teeka4,,Lagos
Olay Balancing Cream Cleanser with Collagen Peptide 150ml/5.0fl,Olay,11500.0,https://teeka4.com/shop/olay-balancing-cream-cleanser-with-collagen-peptide-150ml-5-0fl/,Teeka4,"['skincare-face', 'face-cleansers']",Lagos
Olay Brightening Exfoliating Cleanser with Vitamin C 150ml,Olay,11500.0,https://teeka4.com/shop/goodal-green-tea-infused-water-mild-sheet-mask/,Teeka4,,Lagos
Olay Bump Erasing Exfoliating with AHA Serum Complex Body Wash 20 Fl / 591ml,Olay,14500.0,https://teeka4.com/shop/olay-bump-erasing-exfoliating-with-aha-serum-complex-body-wash-20-fl-591ml/,Teeka4,,Lagos
Olay Clarifying Daily Facial Cleanser (Niacinamide + Peptide24) 473ml/16fl oz,Olay,19000.0,https://teeka4.com/shop/olay-clarifying-daily-facial-cleanser-niacinamide-peptide24-473ml-16fl-oz/,Teeka4,"['skincare-face', 'face-cleansers']",Lagos
"Olay Dark Spot Correcting Body Lotion with AHA, Vitamin C & Niacinamide 17 Fl oz",Olay,15200.0,https://teeka4.com/shop/olay-dark-spot-correcting-body-lotion-with-aha-vitamin-c-niacinamide-17-fl-oz/,Teeka4,,Lagos
Olay Indulgent Moisture Body Wash Notes of Elderberry and Almond Cream Body Wash 591ml,Olay,17999.0,https://teeka4.com/shop/dr-teals-moisture-comforting-oat-milk-argan-oil-body-lotion18-oz/,Teeka4,,Lagos
Olay Indulgent Moisture Body Wash with Notes of Moonflower & Neroli Oil 20FL OZ (591ml),Olay,17999.0,https://teeka4.com/shop/etude-house-sunprise-mild-airy-finish-spf50pa-55ml/,Teeka4,,Lagos
Olay Niacinamide Age Defying Body Lotion 17Fl oz (502ml),Olay,14500.0,https://teeka4.com/shop/olay-regenerist-hand-and-body-lotion-pump-with-niacinamide-age-refying-hydration17fl-oz502ml/,Teeka4,,Lagos
Olay Refreshing Gel Cleanser with Hyaluronic 150ml,Olay,16500.0,https://teeka4.com/shop/olay-refreshing-gel-cleanser-150ml/,Teeka4,,Lagos
Olay Regenerating Cream Cleanser with Vitamin E 150ml,Olay,12000.0,https://teeka4.com/shop/advanced-clinicals-spa-size-pure-argan-oil-16oz/,Teeka4,,Lagos
Olay Regenerist Niacinamide Serum Complex Body Wash 20fl oz / 591ml,Olay,14500.0,https://teeka4.com/shop/olay-regenerist-body-wash-with-niacinamide-b3-20-oz/,Teeka4,,Lagos
Olay Renewing Exfoliating Cleanser with Retinol 150ml,Olay,11500.0,https://teeka4.com/shop/olay-renewing-exfoliating-cleanser-150ml/,Teeka4,,Lagos
Olay Renewing Retinol Serum Complex Body Wash 591ml,Olay,14500.0,https://teeka4.com/shop/olay-hydrating-body-wash-retinol-youthful-looking-skin-20fl/,Teeka4,,Lagos
Olay Retinol24 Smoothing Body Lotion (Visibly smooth & renewed skin) 17 fl oz.,Olay,14900.0,https://teeka4.com/shop/olay-smoothing-hand-body-lotion-with-retinol-vitamin-b3-complex-for-all-skin-types-17-fl-oz/,Teeka4,,Lagos
Olay Smoothing Daily Facial Cleanser (Retinol24 + Peptide) 473ml (16fl oz),Olay,19000.0,https://teeka4.com/shop/olay-smoothing-daily-facial-cleanser-retinol24-peptide-473ml-16fl-oz/,Teeka4,"['skincare-face', 'face-cleansers']",Lagos
Olay Super Serum Body Cream 10oz (283g),Olay,20500.0,https://teeka4.com/shop/olay-super-serum-body-cream-10oz-283g/,Teeka4,"['skincare-body', 'body-moisturizers-oils']",Lagos
"Olay Super Serum Body Wash, for Bumps & Uneven Texture 20fl oz (591ml)",Olay,18500.0,https://teeka4.com/shop/olay-super-serum-body-wash-for-bumps-uneven-texture-20fl-oz-591ml/,Teeka4,"['skincare-body', 'body-serum', 'body-washes-bars']",Lagos
"Olay Super Serum Body Wash, for Extra Dry Skin 20fl oz (591ml)",Olay,18500.0,https://teeka4.com/shop/olay-super-serum-body-wash-for-extra-dry-skin-20fl-oz-591ml/,Teeka4,"['skincare-body', 'body-serum', 'body-washes-bars']",Lagos
"Olay Super Serum Body Wash, for Normal Skin 18.5FL (547ml)",Olay,20000.0,https://teeka4.com/shop/olay-super-serum-body-wash-for-normal-skin-18-5fl-547ml/,Teeka4,,Lagos
"Olay Super Serum Body Wash, for Sensitive Skin 20fl oz (591ml)",Olay,18500.0,https://teeka4.com/shop/olay-super-serum-body-wash-for-sensitive-skin-20fl-oz-591ml/,Teeka4,"['skincare-body', 'body-serum', 'body-washes-bars']",Lagos
Olay Tone Brightening Vitamin C Serum Body Wash 20oz (591ml),Olay,15200.0,https://teeka4.com/shop/olay-tone-brightening-vitamin-c-serum-body-wash-20oz-591ml/,Teeka4,,Lagos
Palmer’s Cocoa Butter Formula Moisturizes Softens Body Oil With Vitamin E 8.5 0Z,PALMER'S,10300.0,https://teeka4.com/shop/palmers-cocoa-butter-formula-moisturizes-softens-body-oil-with-vitamin-e-8-5-0z/,Teeka4,,Lagos
Palmer’s Cocoa Butter Formula Skin Therapy Oil 5.1 Fl. oz 150ml,PALMER'S,16999.0,https://teeka4.com/shop/palmers-cocoa-butter-formula-skin-therapy-oil-5-1-fl-oz-without-pack/,Teeka4,,Lagos
Palmer’s Cocoa Butter Formula Tahitian Vanilla Daily Body Lotion with Vitamin E 1L/33.8fl oz,PALMER'S,22000.0,https://teeka4.com/shop/palmers-cocoa-butter-formula-tahitian-vanilla-daily-body-lotion-with-vitamin-e-1l-33-8fl-oz/,Teeka4,"['skincare-body', 'body-moisturizers-oils']",Lagos
Palmer’s Cocoa Butter Formula Tahitian Vanilla Moisture Drenching Body Oil 192ml / 6.5fl,PALMER'S,20500.0,https://teeka4.com/shop/palmers-cocoa-butter-formula-tahitian-vanilla-moisture-drenching-body-oil-192ml-6-5fl/,Teeka4,"['skincare-body', 'body-moisturizers-oils']",Lagos
Palmer’s Cocoa Butter Formula With Vitamin E Shimmer Radiance Body Oil 150ml/5.1 fl. oz,PALMER'S,18999.0,https://teeka4.com/shop/palmers-cocoa-butter-formula-with-vitamin-e-shimmer-radiance-body-oil-150ml-5-1-fl-oz/,Teeka4,"['skincare-body', 'body-moisturizers-oils']",Lagos
"Palmer’s Cocoa Butter Formula With Vitamin E Skin Therapy Cleansing Oil 190ml/ 6.5 fl, oz",PALMER'S,16300.0,https://teeka4.com/shop/palmers-cocoa-butter-formula-with-vitamin-e-skin-therapy-cleansing-oil-190ml-6-5-fl-oz/,Teeka4,"['skincare-body', 'body-moisturizers-oils']",Lagos
Palmer’s Cocoa Butter Formula With Vitamin E Tahitian Vanilla Cream Whipped Moisture Drenching Body Cream 250g/8.8 oz,PALMER'S,20500.0,https://teeka4.com/shop/palmers-cocoa-butter-formula-with-vitamin-e-tahitian-vanilla-cream-whipped-moisture-drenching-body-cream-250g-8-8-oz-2/,Teeka4,"['skincare-body', 'body-moisturizers-oils']",Lagos
Palmer’s Cocoa Butter Formula with Vitamin E Massage Cream for Stretch Marks 4.4oz (125g),PALMER'S,10500.0,https://teeka4.com/shop/palmers-cocoa-butter-formula-with-vitamin-e-massage-cream-for-stretch-marks-oz125g/,Teeka4,,Lagos
Palmer’s Skin Success Anti-Dark Spot Complexion Soap Bar – 3.5oz / 100g,PALMER'S,6900.0,https://teeka4.com/shop/palmers-skin-success-anti-dark-spot-complexion-soap-bar-3-5oz-100g/,Teeka4,,Lagos
"Palmer’s Skin Success Anti-Dark Spot Complexion Toner with Vitamin E, 8.5 fl. oz (250ml)",PALMER'S,8500.0,https://teeka4.com/shop/palmers-skin-success-anti-dark-spot-complexion-toner-with-vitamin-e-8-5-fl-oz-250ml/,Teeka4,,Lagos
Palmer’s Skin Success Anti-Dark Spot Fade Milk Tone Correcting Body Lotion 8.5fl oz / 250ml,PALMER'S,14999.0,https://teeka4.com/shop/palmers-skin-success-anti-dark-spot-fade-milk-tone-correcting-body-lotion-250ml/,Teeka4,,Lagos
PanOxyl Acne Treatment Bar 10% Benzoyl Peroxide 113g,Panoxyl,14500.0,https://teeka4.com/shop/panoxyl-acne-treatment-bar-10-benzoyl-peroxide/,Teeka4,,Lagos
PanOxyl Clarifying Exfoliant 2% Salicylic Acid 118ml,Panoxyl,16000.0,https://teeka4.com/shop/panoxyl-clarifying-exfoliant-2-salicylic-acid-118ml/,Teeka4,,Lagos
PanOxyl Oil Control Moisturizer SPF30 48g,Panoxyl,16000.0,https://teeka4.com/shop/panoxyl-oil-control-moisturizer-spf-30-48g/,Teeka4,,Lagos
PanOxyl PM Balancing Repair Moisturizer 85g,Panoxyl,16000.0,https://teeka4.com/shop/panoxyl-balancing-repair-moisturizer/,Teeka4,,Lagos
Panoxyl Acne Creamy Wash – Benzoyl Peroxide 4% Daily Control (6 0Z),Panoxyl,13300.0,https://teeka4.com/shop/panoxyl-acne-creamy-wash-benzoyl-peroxide-4-daily-control-6-0z/,Teeka4,,Lagos
Panoxyl Acne Foaming Wash Benzoyl Peroxide 10% Maximum Strength 5.5oz (156g),Panoxyl,13300.0,https://teeka4.com/shop/panoxyl-acne-foaming-wash-benzoyl-peroxide-10-maximum-strength/,Teeka4,,Lagos
Paula’s Choice Clinical 1% Retinol Treatment 30ml 1 FL OZ,Generic/Unlisted,109000.0,https://teeka4.com/shop/paulas-choice-clinical-1-retinol-treatment-30ml-1-fl-oz/,Teeka4,,Lagos
Phlur Missing Person Perfume50ml,Phlur,141263.0,https://teeka4.com/shop/phlur-missing-person-100ml/,Teeka4,,Lagos
Pixi Glow Tonic 100ml,Pixi,18381.0,https://teeka4.com/shop/pixi-glow-tonic-100-ml/,Teeka4,,Lagos
Q+A AHA Exfoliator Body Lotion 250ml,Q+A,13000.0,https://teeka4.com/shop/without-pack-qa-niacinamide-daily-toner-100ml/,Teeka4,,Lagos
Q+A Ceramide Barrier Defence Face Cream 50G,Q+A,14000.0,https://teeka4.com/shop/qa-ceramide-barrier-defence-face-cream-50g/,Teeka4,,Lagos
Q+A Cica Calming Overnight Mask 50g,Q+A,14000.0,https://teeka4.com/shop/qa-cica-calming-overnight-mask-50g/,Teeka4,,Lagos
Q+A Niacinamide Facial Serum 30ml,Q+A,13000.0,https://teeka4.com/shop/qa-niacinamide-facial-serum-30ml/,Teeka4,,Lagos
Q+A Retinol Eye Cream 15ml,Q+A,14000.0,https://teeka4.com/shop/qa-retinol-eye-cream-15ml/,Teeka4,,Lagos
Q+A Retinol Facial Serum 30ml,Q+A,13000.0,https://teeka4.com/shop/qa-retinol-facial-serum-30ml/,Teeka4,,Lagos
Q+A Vitamin C Radiance Face Cream 50ml,Q+A,14000.0,https://teeka4.com/shop/qa-vitamin-c-radiance-face-cream-50ml/,Teeka4,,Lagos
RawBloom Clear Tone Herbal Soap With Papaya Extract Licorice Honey 500g/ 17.6 oz,RawBloom,16600.0,https://teeka4.com/shop/rawbloom-clear-tone-herbal-soap-with-papaya-extract-licorice-honey-500g-17-6-oz/,Teeka4,"['skincare-body', 'body-washes-bars']",Lagos
RawBloom Creamy Delight Hydrating Body Butter 250ml/ 1 fl oz,RawBloom,17500.0,https://teeka4.com/shop/rawbloom-creamy-delight-hydrating-body-butter-250ml-1-fl-oz/,Teeka4,"['skincare-body', 'body-moisturizers-oils']",Lagos
RawBloom Hydra Soothe Moisturzer Ceramide D-panthenol Squalane 50ml/ 1.7 fl oz,RawBloom,12500.0,https://teeka4.com/shop/rawbloom-hydra-soothe-moisturzer-ceramide-d-panthenol-squalane-50ml-1-7-fl-oz/,Teeka4,"['skincare-face', 'face-moisturizers']",Lagos
RawBloom Luminous Glide Brightening Expert & Pigment Control 50ml,RawBloom,12500.0,https://teeka4.com/shop/rawbloom-luminous-glide-brightening-expert-pigment-control-50ml-2/,Teeka4,"['skincare-body', 'body-treatmrnt']",Lagos
RawBloom Rose Essence Toner 200ml,RawBloom,12500.0,https://teeka4.com/shop/rawbloom-rose-essence-toner-200ml/,Teeka4,"['skincare-face', 'face-toners']",Lagos
RawBloom Skin renewing lotion 250ml,RawBloom,18500.0,https://teeka4.com/shop/rawbloom-skin-renewing-lotion-250ml/,Teeka4,"['skincare-body', 'body-moisturizers-oils']",Lagos
Revox B77 Just Glycolic Acid 7% Exfoliating Toner 8.45fl oz – 250ml,REVOX,11500.0,https://teeka4.com/shop/revox-b77-just-glycolic-acid-7-exfoliating-toner-250ml/,Teeka4,,Lagos
Revox B77 Just Retinol in Squalane H20-Free Solution Age Control 1fl oz (30ml),REVOX,11300.0,https://teeka4.com/shop/revox-b77-just-retinol-in-squalane-h20-free-solution-age-control-1fl-oz-30ml/,Teeka4,,Lagos
Revox B77 Zitcare AHA. BHA. PHA. Face wash 8.45fl oz / 250ml.,REVOX,11300.0,https://teeka4.com/shop/254752/,Teeka4,,Lagos
Revox B77 Zitcare AHA. BHA. PHA. Facial toner 8.45fl oz / 250ml.,REVOX,11300.0,https://teeka4.com/shop/revox-b77-zitcare-aha-bha-pha-facial-toner-8-45fl-oz-250ml/,Teeka4,,Lagos
Revox Just Alpha Arbutin 2% +HA Brightening Serum 1fl oz /30ml.,REVOX,11500.0,https://teeka4.com/shop/revox-just-alpha-arbutin-2-ha-brightening-serum-1fl-oz-30ml/,Teeka4,,Lagos
Revox Just Retinol Rejuvenating Toner 8.45fl oz /250ml.,REVOX,11300.0,https://teeka4.com/shop/254689/,Teeka4,,Lagos
Revox Just Vitamin C 20% Antioxidant Serum 1fl oz /30ml.,REVOX,11500.0,https://teeka4.com/shop/revox-just-vitamin-c-20-antioxidant-serum-1fl-oz-30ml/,Teeka4,,Lagos
Rhode Barrier Restore Cream 50ml,Rhode,54000.0,https://teeka4.com/shop/rhode-barrier-restore-cream-50ml/,Teeka4,,Lagos
Rhode Glazing Milk 65ml,Rhode,34700.0,https://teeka4.com/shop/rhode-glazing-milk-65ml/,Teeka4,,Lagos
Rhode Peptide Glazing Fluid Dewy Gel Serum 50ml,Rhode,54000.0,https://teeka4.com/shop/rhode-peptide-glazing-fluid-dewy-gel-serum-50ml/,Teeka4,,Lagos
Rhode Peptide Lip Tint (Expresso) 10ml,Rhode,34700.0,https://teeka4.com/shop/rhode-peptide-lip-tint-expresso10ml/,Teeka4,,Lagos
Rhode Peptide Lip Treatment (Rhode Vanilla) 10ml,Rhode,34700.0,https://teeka4.com/shop/rhode-peptide-lip-treatment-rhode-vanilla-10ml/,Teeka4,,Lagos
Rhode Peptide Lip Treatment (Salted Caramel) 10ml,Rhode,34700.0,https://teeka4.com/shop/rhode-peptide-lip-treatment-salted-caramel-10ml/,Teeka4,,Lagos
Rhode Peptide Lip Treatment (Strawberry glaze) 10ml,Rhode,34700.0,https://teeka4.com/shop/rhode-peptide-lip-treatment-strawberry-glaze-10ml/,Teeka4,,Lagos
Rhode Peptide Lip Treatment (Unscented) 10ml,Rhode,34700.0,https://teeka4.com/shop/rhode-peptide-lip-treatment-unscented-10ml/,Teeka4,,Lagos
Rhode Peptide Lip Treatment (Watermelon) 10ml,Rhode,34700.0,https://teeka4.com/shop/rhode-peptide-lip-treatment-watermelon-10ml/,Teeka4,,Lagos
SKIN1004 Madagasca Centella Tea Trica B5 Cream 75ml,Skin1004,14999.0,https://teeka4.com/shop/skin1004-madagasca-centella-tea-trica-b5-cream-75ml/,Teeka4,,Lagos
SKIN1004 Madagascar Centella Ampoule 100ml,Skin1004,16900.0,https://teeka4.com/shop/skin1004-madagascar-centella-ampoule-100ml/,Teeka4,,Lagos
SKIN1004 Madagascar Centella Ampoule 55ml,Skin1004,12790.0,https://teeka4.com/shop/skin1004-madagascar-centella-ampoule-55ml/,Teeka4,,Lagos
SKIN1004 Madagascar Centella Ampoule Foam 125ml,Skin1004,12499.0,https://teeka4.com/shop/skin1004-madagascar-centella-ampoule-foam-125ml/,Teeka4,,Lagos
SKIN1004 Madagascar Centella HYALU-CICA Brightening Toner 210ml,Skin1004,14700.0,https://teeka4.com/shop/skin1004-madagascar-centella-hyalu-cica-brightening-toner-210ml/,Teeka4,,Lagos
SKIN1004 Madagascar Centella Light Cleansing Oil 200ml,Skin1004,14400.0,https://teeka4.com/shop/skin-1004-madagascar-centella-light-cleansing-oil-200ml/,Teeka4,,Lagos
SKIN1004 Madagascar Centella Poremizing Fresh Ampoule 100ml,Skin1004,13999.0,https://teeka4.com/shop/skin1004-madagascar-centella-poremizing-fresh-ampoule-100ml/,Teeka4,,Lagos
SKIN1004 Madagascar Centella Poremizing Light Gel Cream 75ml,Skin1004,14500.0,https://teeka4.com/shop/skin1004-madagascar-centella-poremizing-light-gel-cream-75ml/,Teeka4,,Lagos
SKIN1004 Madagascar Centella Poremizing Quick Clay Stick Mask 27g,Skin1004,15100.0,https://teeka4.com/shop/skin1004-madagascar-centella-poremizing-quick-clay-stick-mask-27g/,Teeka4,,Lagos
SKIN1004 Madagascar Centella Probio-Cica Bakuchiol Eye Cream 20ml,Skin1004,14300.0,https://teeka4.com/shop/skin1004-madagascar-centella-probio-cica-bakuchiol-eye-cream-20ml/,Teeka4,,Lagos
SKIN1004 Madagascar Centella Probio-Cica Enrich Cream 50ml,Skin1004,16500.0,https://teeka4.com/shop/skin1004-madagascar-centella-probio-cica-enrich-cream-50ml/,Teeka4,,Lagos
SKIN1004 Madagascar Centella Probio-Cica Essence Toner 210ml,Skin1004,14930.0,https://teeka4.com/shop/skin1004-madagascar-centella-probio-cica-essence-toner-210ml/,Teeka4,,Lagos
SKIN1004 Madagascar Centella Probio-Cica Intensive Ampoule 95ml,Skin1004,19999.0,https://teeka4.com/shop/skin1004-madagascar-centella-probio-cica-intensive-ampoule-95ml/,Teeka4,,Lagos
SKIN1004 Madagascar Centella Soothing Cream 75ML,Skin1004,15500.0,https://teeka4.com/shop/skin-1004-madagascar-centella-soothing-cream-75ml/,Teeka4,,Lagos
SKIN1004 Madagascar Centella Tea-Trica BHA Foam 125ml,Skin1004,12500.0,https://teeka4.com/shop/skin1004-madagascar-centella-tea-trica-bha-foam-125ml/,Teeka4,,Lagos
SKIN1004 Madagascar Centella Tea-Trica Purifying Toner 210ml,Skin1004,15999.0,https://teeka4.com/shop/skin1004-madagascar-centella-tea-trica-purifying-toner-210ml/,Teeka4,,Lagos
SKIN1004 Madagascar Centella Tea-Trica Relief Ampoule 100ml,Skin1004,16999.0,https://teeka4.com/shop/skin1004-madagascar-centella-tea-trica-relief-ampoule-100ml/,Teeka4,,Lagos
SKIN1004 Madagascar Centella Tone Brightening Boosting Toner 210ml,Skin1004,14500.0,https://teeka4.com/shop/skin1004-madagascar-centella-tone-brightening-boosting-toner-210ml/,Teeka4,,Lagos
SKIN1004 Madagascar Centella Tone Brightening Capsule Ampoule 30ml,Skin1004,10500.0,https://teeka4.com/shop/skin1004-madagascar-centella-tone-brightening-capsule-ampoule-30ml/,Teeka4,,Lagos
SKIN1004 Madagascar Centella Tone Brightening Capsule Ampoule 50ml,Skin1004,13000.0,https://teeka4.com/shop/skin-1004-madagascar-centella-tone-brightening-capsule-ampoule-50ml/,Teeka4,,Lagos
SKIN1004 Madagascar Centella Tone Brightening Capsule Cream 75ml,Skin1004,17500.0,https://teeka4.com/shop/madagascar-centella-tone-brightening-capsule-cream-75ml/,Teeka4,,Lagos
SKIN1004 Madagascar Centella Tone Brightening Cleansing Gel Foam 125ml,Skin1004,12000.0,https://teeka4.com/shop/skin-1004-madagascar-centella-tone-brightening-cleansing-gel-foam-125ml/,Teeka4,,Lagos
SKIN1004 Madagascar Centella Toning Toner 210ml,Skin1004,15000.0,https://teeka4.com/shop/skin1004-madagascar-centella-toning-toner-210ml/,Teeka4,,Lagos
Sensitive Skin Brightening Routine,Generic/Unlisted,33400.0,https://teeka4.com/shop/sensitive-skin-brightening-routine/,Teeka4,,Lagos
Simple Daily Skin Detox Purifying Gel Wash 150Ml,Simple,6250.0,https://teeka4.com/shop/simple-daily-skin-detox-purifying-gel-wash-150ml/,Teeka4,,Lagos
Simple Kind To Skin Hydrating Light Moisturizer 4.2fl oz / 125ml.,Simple,4999.0,https://teeka4.com/shop/simple-kind-to-skin-hydrating-light-moisturiser-125ml/,Teeka4,,Lagos
"Simple Kind To Skin Moisturizing Facial Wash 5.1fl oz,150ml",Simple,4999.0,https://teeka4.com/shop/simple-kind-to-skin-moistrurizing-facial-wash/,Teeka4,,Lagos
Simple Kind To Skin Refreshing Facial Gel Wash 5.1fl oz / 150ml,Simple,4999.0,https://teeka4.com/shop/simple-kind-to-skin-refreshing-facial-gel-wash/,Teeka4,,Lagos
Simple Kind To Skin Replenishing Rich Moisturizer 125ml,Simple,4999.0,https://teeka4.com/shop/simple-kind-to-skin-replenishing-rich-moisturizer-125ml/,Teeka4,,Lagos
Simple Kind To Skin Soothing Facial Toner 6.8fl oz (200ml),Simple,4300.0,https://teeka4.com/shop/simple-kind-to-skin-soothing-facial-toner-6-7-ounce-200ml/,Teeka4,,Lagos
Skeenlogic 2% BHA Clarifying Exfoliant Toner 200ml,Skeenlogic,12500.0,https://teeka4.com/shop/skeenlogic-2-bha-clarifying-exfoliant-toner-200ml/,Teeka4,,Lagos
Skeenlogic AHA/BHA Gentle Deep Pore Cleanser 200ml/6.7fl oz,Skeenlogic,11500.0,https://teeka4.com/shop/skeenlogic-aha-bha-gentle-deep-pore-cleanser-200ml-6-7fl-oz/,Teeka4,,Lagos
Skin Aqua Uv Super Moisture Gel Pump SPF 50+ PA++++ [140G],skin aqua,13000.0,https://teeka4.com/shop/skin-aqua-uv-super-moisture-gel-pump-spf-50-pa-140g/,Teeka4,,Lagos
Skin Aqua Uv Super Moisture Gel Spf 50+ PA++++ [110G] (New Version),Rohto Mentholatumskin aqua,10800.0,https://teeka4.com/shop/skin-aqua-uv-super-moisture-gel-spf-50-pa-110g-new-version/,Teeka4,,Lagos
Skin By Zaron Acne Control Glow Face Wash 200ml,Skin By Zaron,10600.0,https://teeka4.com/shop/skin-by-zaron-acne-control-glow-face-wash-200ml/,Teeka4,,Lagos
Skin By Zaron Papaya Brightening Body Wash 650ml,Skin By Zaron,12120.0,https://teeka4.com/shop/skin-by-zaron-papaya-brightening-body-wash-650ml/,Teeka4,,Lagos
Skin By Zaron Skin Glow Therapy Ultra Moisturizing Body Lotion 500ml,Skin By Zaron,15400.0,https://teeka4.com/shop/skin-by-zaron-skin-glow-therapy-ultra-moisturizing-body-lotion-500ml/,Teeka4,,Lagos
Skin By Zaron Ultimate Glow Brightening Toner 300ml,Skin By Zaron,11500.0,https://teeka4.com/shop/skin-by-zaron-ultimate-glow-brightening-toner-300ml/,Teeka4,,Lagos
Skin By Zaron Vitamin C Brightening/Moisturizing Body Lotion 500ml,Skin By Zaron,14800.0,https://teeka4.com/shop/skin-by-zaron-vitamin-c-brightening-moisturizing-body-lotion-500ml/,Teeka4,,Lagos
Skin by Zaron Vitamin C Body Wash 650ml,Skin By Zaron,11900.0,https://teeka4.com/shop/skin-by-zaron-vitamin-c-body-wash-650ml/,Teeka4,,Lagos
Skintivity 10% Oxygen Acne Wash with Aloe Vera 150ml,Skintivity,12592.0,https://teeka4.com/shop/skintivity-10-oxygen-acne-wash-with-aloe-vera-150ml/,Teeka4,,Lagos
Skintivity Eventone Fade Serum 30ml,Skintivity,23500.0,https://teeka4.com/shop/skintivity-eventone-fade-serum-30ml/,Teeka4,,Lagos
Skintivity Mineral Sunscreen Lotion SPF30 60ml,Skintivity,8000.0,https://teeka4.com/shop/skintivity-mineral-sunscreen-lotion-spf30-normal-to-oily-skin-60ml/,Teeka4,,Lagos
Skintivity Modified Kligman’s formula 50ml,Skintivity,32250.0,https://teeka4.com/shop/skintivity-modified-kligmans-formula-50ml/,Teeka4,,Lagos
Skintivity Modified Kligman’s lotion 150ml,Skintivity,19950.0,https://teeka4.com/shop/skintivity-modified-kligmans-lotion-150ml/,Teeka4,,Lagos
Skintivity Oxy-S Solution 150ml,Skintivity,12745.0,https://teeka4.com/shop/skintivity-oxy-s-solution-150ml/,Teeka4,,Lagos
Skintivity Restore Complexion Wash 150ml,Skintivity,15954.0,https://teeka4.com/shop/skintivity-restore-complexion-wash-150ml/,Teeka4,,Lagos
Skintivity Restore Eventone Physical Sunscreen SPF50 60ml,Skintivity,9000.0,https://teeka4.com/shop/skintivity-restore-eventone-physical-sunscreen-spf50/,Teeka4,,Lagos
Skintivity Restore Lotion Face/Body 300ml,Skintivity,33200.0,https://teeka4.com/shop/skintivity-restore-lotion-face-body-300ml/,Teeka4,,Lagos
Skintivity Restore Moisturizer 50ml,Skintivity,19200.0,https://teeka4.com/shop/skintivity-restore-moisturizer-50ml/,Teeka4,,Lagos
Skintivity Restore Vitamin C Serum 30ml,Skintivity,41500.0,https://teeka4.com/shop/skintivity-restore-vitamin-c-serum-30ml/,Teeka4,,Lagos
Skintivity Retinol Renewal Lotion 300ml,Skintivity,33600.0,https://teeka4.com/shop/skintivity-retinol-renewal-lotion-300ml/,Teeka4,,Lagos
Skintivity Retinol Renewal Night Moisturizer 50ml,Skintivity,13330.0,https://teeka4.com/shop/skintivity-retinol-renewal-night-moisturizer-50ml/,Teeka4,,Lagos
Skintivity Trihydroxy Acne Cleansing Wash 150ml,Skintivity,15970.0,https://teeka4.com/shop/skintivity-trihydroxy-acne-cleansing-wash-150ml/,Teeka4,,Lagos
Sol DE Janeiro Cheirosa 71 Perfume Mist 90ml,Sol de Janeiro,41580.0,https://teeka4.com/shop/sol-de-janeiro-cheirosa-71-perfume-mist/,Teeka4,,Lagos
Sol De Janeiro Bom Dia Bright Body Cream 75ml,Sol de Janeiro,40605.0,https://teeka4.com/shop/bom-dia-bright-body-cream-75ml-2/,Teeka4,,Lagos
Sol De Janeiro Bom Dia Bright Jet Set,Sol de Janeiro,45430.0,https://teeka4.com/shop/sol-de-janeiro-bom-dia-bright-jet-set/,Teeka4,"['body', 'body-moisturizers-oils', 'body-washes-bars']",Lagos
Sol de Janeiro Brazilian Bum Bum Cream 240ml,Sol de Janeiro,66930.0,https://teeka4.com/shop/sol-de-janeiro-brazilian-bum-bum-cream-240ml/,Teeka4,,Lagos
Sol de Janeiro Brazilian Bum Bum Cream 75ml,Sol de Janeiro,35000.0,https://teeka4.com/shop/sol-de-janeiro-brazilian-bum-bum-cream-75ml/,Teeka4,,Lagos
Sol de Janeiro Brazilian Play Body Wash 385ml,Sol de Janeiro,43401.0,https://teeka4.com/shop/sol-de-janeiro-brazilian-play-body-wash-385ml/,Teeka4,,Lagos
Sol de Janeiro Cheirosa 62 Perfume Mist 90ml,Sol de Janeiro,41580.0,https://teeka4.com/shop/sol-de-janeiro-cheirosa-62-perfume-mist-90ml/,Teeka4,,Lagos
Sol del Janeiro Beija Flor Elasti-Cream 75ml,Sol de Janeiro,40605.0,https://teeka4.com/shop/sol-del-janeiro-beija-flor-elasti-cream-75ml/,Teeka4,,Lagos
St. Ives Citrus And Cherry Blossom Body Wash 650ml,St Ives,7999.0,https://teeka4.com/shop/st-ives-citrus-cherry-blossom-body-wash/,Teeka4,,Lagos
St. Ives Exfoliating Body Wash Apricot 700ml,St Ives,8200.0,https://teeka4.com/shop/st-ives-exfoliating-body-wash-apricot-700ml/,Teeka4,,Lagos
St. Ives Exfoliating Body Wash Sea Salt & Pacific Kelp 700ml,St Ives,8200.0,https://teeka4.com/shop/st-ives-exfoliating-body-wash-sea-salt-pacific-kelp-700ml/,Teeka4,,Lagos
St. Ives Hydrating Body Wash Coconut Water & Orchid 700ml,St Ives,8200.0,https://teeka4.com/shop/st-ives-hydrating-body-wash-coconut-water-orchid-700ml/,Teeka4,,Lagos
St. Ives Pink Lemon And Mandarin Orange Exfoliating Body Wash 650ml,St Ives,7999.0,https://teeka4.com/shop/st-ives-pink-lemon-mandarin-orange-exfoliating-body-wash/,Teeka4,,Lagos
St. Ives Softening Coconut & Orchid Body Lotion 621 ml,St Ives,7999.0,https://teeka4.com/shop/st-ives-softening-coconut-orchid-body-lotion-621-ml/,Teeka4,,Lagos
St. Ives Vanilla & Oat Milk Pampering Body Wash 700ml,St Ives,8200.0,https://teeka4.com/shop/st-ives-vanilla-oat-milk-pampering-body-wash-700ml/,Teeka4,,Lagos
T-Natural Care Spot Patch 72EA,T - Natural,6000.0,https://teeka4.com/shop/t-natural-care-spot-patch/,Teeka4,,Lagos
T-Natural Care Vitamin C Brightening Hydrogel Eye Patch – 1 Pair,T - Natural,3333.0,https://teeka4.com/shop/t-natural-care-vitamin-c-brightening-hydrogel-eye-patch-6pair/,Teeka4,,Lagos
T-Natural Spot Patch 30EA,T - Natural,3800.0,https://teeka4.com/shop/t-natural-spot-patch-30ea/,Teeka4,,Lagos
TIAM Vita B3 Source – 40ml,TIAM,10999.0,https://teeka4.com/shop/tiam-vita-b3-source-40ml/,Teeka4,,Lagos
TIRTIR Milk Skin Toner 150ml,TIRTIR,17800.0,https://teeka4.com/shop/tirtir-milk-skin-toner-150ml/,Teeka4,,Lagos
TIRTIR Milk Skin Toner Light 150ml,TIRTIR,17800.0,https://teeka4.com/shop/tirtir-milk-skin-toner-light-150ml/,Teeka4,,Lagos
Teeka4 Gift Card,Generic/Unlisted,200000.0,https://teeka4.com/shop/teeka4-gift-card/,Teeka4,,Lagos
Texture + Glow Reset,Ordinary,43000.0,https://teeka4.com/shop/texture-glow-reset/,Teeka4,,Lagos
The Inkey List Glycolic Acid Exfoliating Body Stick 45g,The Inkey list,25999.0,https://teeka4.com/shop/the-inkey-list-glycolic-acid-exfoliating-body-stick-45g/,Teeka4,,Lagos
The Inkey List Niacinamide Serum 30ml,The Inkey list,15800.0,https://teeka4.com/shop/the-inkey-list-niacinamide-serum-30ml-2/,Teeka4,,Lagos
The Inkey List Polyglutamic Acid Dewy Sunscreen SPF30  30ml,The Inkey list,27500.0,https://teeka4.com/shop/the-inkey-list-polyglutamic-acid-dewy-sunscreen-spf30-30ml/,Teeka4,,Lagos
The Ordinary Aha 30% + Bha 2% Peeling Solution,The Ordinary,20500.0,https://teeka4.com/shop/the-ordinary-aha-30-bha-2-peeling-solution/,Teeka4,,Lagos
The Ordinary Caffeine Solution 5% + Egcg,The Ordinary,19300.0,https://teeka4.com/shop/the-ordinary-caffeine-solution-5-egcg/,Teeka4,,Lagos
The Ordinary GF 15% Solution 30ml,The Ordinary,29500.0,https://teeka4.com/shop/the-ordinary-gf-15-solution-30ml/,Teeka4,,Lagos
The Ordinary Glycolic Acid 7% Exfoliating Toner (240Ml),The Ordinary,22000.0,https://teeka4.com/shop/the-ordinary-glycolic-acid-7-toning-solution-240ml/,Teeka4,,Lagos
The Ordinary Glycolic Acid 7% Exfoliating Toner 100ml,The Ordinary,17000.0,https://teeka4.com/shop/the-ordinary-glycolic-acid-7-toning-solution-100ml/,Teeka4,,Lagos
The Ordinary Granactive Retinoid 2% Emulsion 30Ml,The Ordinary,22000.0,https://teeka4.com/shop/the-ordinary-granactive-retinoid-2-emulsion-30ml/,Teeka4,,Lagos
The Ordinary Granactive Retinoid 5% In Squalane,The Ordinary,32000.0,https://teeka4.com/shop/the-ordinary-granactive-retinoid-5-in-squalane/,Teeka4,,Lagos
The Ordinary Hyaluronic Acid 2% +B5 30Ml,The Ordinary,19999.0,https://teeka4.com/shop/the-ordinary-hyaluronic-acid-2-b5-30ml/,Teeka4,,Lagos
The Ordinary Lactic Acid 10% + Ha 2% Superficial Peeling Formulation,The Ordinary,19999.0,https://teeka4.com/shop/the-ordinary-lactic-acid-10-ha-2-superficial-peeling-formulation/,Teeka4,,Lagos
The Ordinary Lactic Acid 5% +Ha Superficial Peeling Formulation,The Ordinary,16500.0,https://teeka4.com/shop/the-ordinary-lactic-acid-5-ha-superficial-peeling-formulation/,Teeka4,,Lagos
The Ordinary Mandelic Acid 10% + Ha (30ml),The Ordinary,16500.0,https://teeka4.com/shop/the-ordinary-mandelic-acid-ha-10-30-ml/,Teeka4,,Lagos
The Ordinary Natural Moisturizing Factors + Ha (30 Ml),The Ordinary,13888.0,https://teeka4.com/shop/the-ordinary-natural-moisturizing-factors-ha-30-ml/,Teeka4,,Lagos
The Ordinary Niacinamide 5% Face and Body Emulsion 100ml,The Ordinary,25000.0,https://teeka4.com/shop/the-ordinary-niacinamide-5-face-and-body-emulsion-100ml/,Teeka4,,Lagos
The Ordinary Retinal 0.2% Emulsion 15ml,The Ordinary,32000.0,https://teeka4.com/shop/the-ordinary-retinal-0-2-emulsion-15ml/,Teeka4,,Lagos
The Ordinary Retinol 0.2% In Squalane (30 Ml),The Ordinary,16500.0,https://teeka4.com/shop/the-ordinary-retinol-0-2-in-squalane-30-ml/,Teeka4,,Lagos
The Ordinary Retinol 0.5% In Squalane (30 Ml),The Ordinary,16500.0,https://teeka4.com/shop/the-ordinary-retinol-0-5-in-squalane-30-ml/,Teeka4,,Lagos
The Ordinary Retinol 1% In Squalane – 30Ml,The Ordinary,18500.0,https://teeka4.com/shop/the-ordinary-retinol-1-in-squalane-30ml-without-pack/,Teeka4,,Lagos
The Ordinary Saccharomyces Ferment 30% Milky Toner 100ml,The Ordinary,22000.0,https://teeka4.com/shop/the-ordinary-saccharomyces-ferment-30-milky-toner/,Teeka4,,Lagos
The Ordinary Salicylic Acid 0.5% Body Serum 240ml,The Ordinary,31500.0,https://teeka4.com/shop/the-ordinary-salicylic-acid-0-5-body-serum-240ml/,Teeka4,,Lagos
The Ordinary Soothing & Barrier Support Serum 30ml,The Ordinary,32000.0,https://teeka4.com/shop/the-ordinary-soothing-barrier-support-serum-30ml/,Teeka4,,Lagos
Tiam Vita B3 Mist Toner 200ml,TIAM,10999.0,https://teeka4.com/shop/tiam-vita-b3-mist-toner-200ml/,Teeka4,,Lagos
Timeless Skin Care 10% Vitamin C Plus E Ferulic Acid Serum 1oz (30ml),Timeless,19500.0,https://teeka4.com/shop/timeless-skin-care-10-vitamin-c-plus-e-ferulic-acid-serum-1oz/,Teeka4,,Lagos
Timeless Skin Care 20% Vitamin C Plus E Ferulic Acid Serum 1fl oz (30ml),Timeless,19900.0,https://teeka4.com/shop/timeless-skin-care-20-vitamin-c-plus-e-ferulic-acid-serum-1oz/,Teeka4,,Lagos
Timeless Skin Care Argan Oil 100% Pure Serum 30ml,Timeless,14999.0,https://teeka4.com/shop/urban-skin-rx-even-tone-smooth-glow-enzyme-mask/,Teeka4,,Lagos
Timeless Skin Care Coenzyme Q10 Serum 1fl oz (30ml),Timeless,19500.0,https://teeka4.com/shop/timeless-coenzyme-q10-serum-1fl-oz-30ml/,Teeka4,,Lagos
Timeless Skin Care Dark Circle Eye Cream 0.5oz (15ml),Timeless,17999.0,https://teeka4.com/shop/235618/,Teeka4,,Lagos
Timeless Skin Care Hyaluronic Acid + Vitamin C Serum 30ml,Timeless,16999.0,https://teeka4.com/shop/dr-teals-body-wash-with-pure-epsom-salt-sleep-blend-with-melatonin-24-fl-oz/,Teeka4,,Lagos
Timeless Skin Care Hyaluronic Acid 100% Pure Serum 30ml,Timeless,10999.0,https://teeka4.com/shop/etude-soon-jung-5-5-foam-cleanser-150ml/,Teeka4,,Lagos
Timeless Skin Care Hydrating Eye Cream 0.5oz (15ml),Timeless,16999.0,https://teeka4.com/shop/vaseline-blue-seal-nourishing-skin-jelly-vitamin-e-250ml/,Teeka4,,Lagos
Timeless Skin Care Matrixyl 3000 Serum 30ml,Timeless,18499.0,https://teeka4.com/shop/234565/,Teeka4,,Lagos
Timeless Skin Care Matrixyl Synthe’6 (S6) Serum 30ml,Timeless,19500.0,https://teeka4.com/shop/olay-fearless-artist-series-nourishing-moisture-body-wash-with-cocoa-butter-and-notes-of-manuka-honey-20-fl-oz/,Teeka4,,Lagos
Timeless Skin Care Squalane Oil 100% Pure Serum 30ml,Timeless,14999.0,https://teeka4.com/shop/urban-skin-rx-even-tone-night-treatment-1-7fl/,Teeka4,,Lagos
Timeless Skin Care Vitamin B5 Serum 30ml,Timeless,17450.0,https://teeka4.com/shop/olay-fearless-artist-series-silky-skin-body-wash-with-aloe-notes-of-chamomile-20fl/,Teeka4,,Lagos
Tocobo Bio Watery Sun Cream Spf50+ Pa++++,Tocobo,12500.0,https://teeka4.com/shop/tocobo-bio-watery-sun-cream-spf50-pa/,Teeka4,,Lagos
Tocobo Cotton Soft Sun Stick Spf50+ Pa++++,Tocobo,12999.0,https://teeka4.com/shop/tocobo-cotton-soft-sun-stick-spf50-pa/,Teeka4,,Lagos
Topicals Brightening & Cleansing Bar (2bars) 100g,Topicals,46200.0,https://teeka4.com/shop/topicals-brightening-cleansing-bar-2bars-100g/,Teeka4,,Lagos
Topicals Brightening Eye Masks (6 pairs),Topicals,36300.0,https://teeka4.com/shop/topicals-brightening-eye-masks-6-pairs/,Teeka4,,Lagos
Topicals Faded Brightening & Clearing Serum 30ml,Topicals,46200.0,https://teeka4.com/shop/topicals-faded-brightening-clearing-serum-30ml/,Teeka4,,Lagos
Topicals Slick Salve Acai Lip Balm 15ml,Topicals,26400.0,https://teeka4.com/shop/topicals-slick-salve-acai-lip-balm-15ml/,Teeka4,,Lagos
Topicals Slick Salve Mint Lip Balm 15ml,Topicals,26400.0,https://teeka4.com/shop/topicals-slick-salve-mint-lip-balm-15ml/,Teeka4,,Lagos
Topicrem Cica Soothing Cream 1.35fl oz 40ml,Topicrem,16500.0,https://teeka4.com/shop/topicrem-cica-soothing-cream-40ml/,Teeka4,,Lagos
Topicrem DA Protect Replenishing Cleansing Oil 16.9FL,Topicrem,22000.0,https://teeka4.com/shop/310344/,Teeka4,,Lagos
Topicrem Da Protect Emollient Balm 16.9fl oz 500ml,Topicrem,27500.0,https://teeka4.com/shop/topicrem-da-emollient-balm-500ml/,Teeka4,,Lagos
Topicrem Mela Unifying Exfoliating Bar 150G,Topicrem,8700.0,https://teeka4.com/shop/topicrem-mela-unifying-exfoliating-bar-150g/,Teeka4,,Lagos
Topicrem Ultra Hydratant Gentle Scrub 200ml,Topicrem,20500.0,https://teeka4.com/shop/topicrem-ultra-hydratant-gentle-scrub-200ml/,Teeka4,,Lagos
Topicrem Ultra-Hydratant Shower Oil 500ml,Topicrem,20500.0,https://teeka4.com/shop/topicrem-ultra-hydrant-shower-oil-500ml/,Teeka4,,Lagos
Touch 10% Glycolic Acid Cleanser 6fl oz/177ml,Touch,14340.0,https://teeka4.com/shop/touch-10-glycolic-acid-cleanser-6fl-oz-177ml/,Teeka4,,Lagos
Touch Bright And Clear Cream 2oz,Touch,23000.0,https://teeka4.com/shop/touch-bright-and-clear-cream-2oz/,Teeka4,,Lagos
Touch Glycolic Acid Toner + Rose Water 6Fl Oz,Touch,13340.0,https://teeka4.com/shop/touch-glycolic-acid-toner-rose-water-6fl-oz/,Teeka4,,Lagos
Touch Ingrown Hair Roll-on Lotion with AHA and BHA – 2 oz – 60ml,Touch,13999.0,https://teeka4.com/shop/touch-ingrown-hair-roll-on-lotion-with-aha-and-bha-2-oz-50ml/,Teeka4,,Lagos
Touch Keratosis Pilaris Exfoliating Body Wash 8fl oz (236ml),Touch,16590.0,https://teeka4.com/shop/touch-keratosis-pilaris-exfoliating-body-wash-8fl-oz10636/,Teeka4,,Lagos
Touch Kp with Glycolic Acid and Salicylic Acid Exfoliating Lotion 8fl oz (232g),Touch,16590.0,https://teeka4.com/shop/touch-kp-with-glycolic-acid-salicylic-acid-exfoliating-lotion-8fl-oz/,Teeka4,,Lagos
Tree Hut Tangerine Foaming Gel Wash 532ml,Tree Hut,16000.0,https://teeka4.com/shop/tree-hut-tangerine-foaming-gel-wash-532ml/,Teeka4,,Lagos
Tretikab – Tretinoin Gel USP 0.05% 20g,Tretikab,4500.0,https://teeka4.com/shop/tretikab-tretinoin-gel-usp-0-05/,Teeka4,,Lagos
Uncover Essentials Kit (3 Step Routine Cleanser 120ml Moisturizer 100ml Sunscreen 80ml),Uncover,42600.0,https://teeka4.com/shop/uncover-essentials-kit-3-step-routine-cleanser-120ml-moisturizer-100ml-sunscreen-80ml/,Teeka4,,Lagos
Uncover I AM RESTORED Green Tea Blemish Control Serum 30ml,Uncover,15200.0,https://teeka4.com/shop/uncover-green-tea-blemish-control-serum-30ml/,Teeka4,,Lagos
Uncover I Am Balanced Rooibos Glow Toner 4.22fl oz /125ml,Uncover,15000.0,https://teeka4.com/shop/uncover-i-am-balanced-rooibos-glow-toner-125ml/,Teeka4,,Lagos
Uncover I Am Beautiful Green Tea Detoxifying Sheet Mask 25G,Uncover,4000.0,https://teeka4.com/shop/uncover-i-am-beautiful-green-tea-detoxifying-sheet-mask-25g/,Teeka4,,Lagos
Uncover I Am Brilliant – Vitamin C Brightening Sheet Mask 25G,Uncover,4000.0,https://teeka4.com/shop/uncover-i-am-brilliant-vitamin-c-brightening-sheet-mask-25g/,Teeka4,,Lagos
Uncover I Am Cool – Aloe Cooling Sheet Mask. (soothes+Hydrates) 25g,Uncover,4000.0,https://teeka4.com/shop/uncover-i-am-cool-aloe-vera-calming-soothing-sheet-mask-25g/,Teeka4,,Lagos
Uncover I Am Energised Green Tea Revitalising Cleanser 120Ml,Uncover,12000.0,https://teeka4.com/shop/uncover-i-am-energised-green-tea-revitalising-cleanser-120ml/,Teeka4,,Lagos
Uncover I Am Protected Aloe Invisible Sunscreen Spf 50+  80ml / 2.7 fl.oz,Uncover,21600.0,https://teeka4.com/shop/uncover-i-am-protected-aloe-invisible-sunscreen-spf-50-80ml-2-7-fl-oz/,Teeka4,,Lagos
Uncover I Am Radiant Baobab Glow C Serum 30ml,Uncover,25000.0,https://teeka4.com/shop/uncover-i-am-radiant-baobab-glow-c-serum-30ml-2/,Teeka4,,Lagos
Uncover I Am Secure Spot Patch,Uncover,7999.0,https://teeka4.com/shop/uncover-i-am-spotless-pimple-patch/,Teeka4,,Lagos
Uncover I Am Smooth Argan Hydrating Moisturiser 100ml.,Uncover,16400.0,https://teeka4.com/shop/uncover-i-am-smooth-argan-hydrating-moisturiser-100ml/,Teeka4,,Lagos
Uncover I am Enough Licorice Root Dark Spot Serum 30ml,Uncover,22000.0,https://teeka4.com/shop/uncover-licorice-root-dark-spot-serum-30ml/,Teeka4,,Lagos
Uncover On-The-Go Kit ( 3 step Routine Cleanser 30ml Spf 50 sunscreen 40ml Moisturizer 30ml,Uncover,21900.0,https://teeka4.com/shop/uncover-on-the-go-kit-3-step-routine-cleanser-30ml-spf-50-sunscreen-40ml-moisturizer-30ml/,Teeka4,,Lagos
VT- Reedle Shot 100,VT Cosmetics,15000.0,https://teeka4.com/shop/vt-reedle-shot-100/,Teeka4,,Lagos
Vaseline Blue Seal Cocoa Butter Rich Conditioning Jelly 250ml,Vaseline,5400.0,https://teeka4.com/shop/vaseline-blue-seal-cocoa-butter-rich-conditioning-jelly-250ml/,Teeka4,,Lagos
Vaseline Blue Seal Cocoa Butter Rich Conditioning Jelly 50ml,Vaseline,2500.0,https://teeka4.com/shop/vaseline-blue-seal-cocoa-butter-rich-conditioning-jelly-50ml/,Teeka4,,Lagos
Vaseline Blue Seal Gentle Protective Jelly (Baby) 100ml,Vaseline,3300.0,https://teeka4.com/shop/vaseline-blue-seal-gentle-protective-jelly-baby-100ml/,Teeka4,,Lagos
Vaseline Blue Seal Light Hydrating Jelly Aloe Fresh 100ml,Vaseline,3300.0,https://teeka4.com/shop/vaseline-blue-seal-light-hydrating-jelly-aloe-100ml/,Teeka4,,Lagos
Vaseline BlueSeal Aloe Fresh Light Hydrating Jelly 250ml,Vaseline,5400.0,https://teeka4.com/shop/vaseline-blueseal-aloe-fresh-light-hydrating-jelly-250ml-2/,Teeka4,,Lagos
Vaseline BlueSeal Aloe Fresh Light Hydrating Jelly 50ml,Vaseline,2500.0,https://teeka4.com/shop/vaseline-blueseal-aloe-fresh-light-hydrating-jelly-50ml/,Teeka4,,Lagos
Vaseline BlueSeal Baby Gentle Protective Jelly 250ml,Vaseline,5400.0,https://teeka4.com/shop/vaseline-blueseal-baby-gentle-protective-jelly-250ml/,Teeka4,,Lagos
Vaseline BlueSeal Baby Gentle Protective Jelly 450ml,Vaseline,9600.0,https://teeka4.com/shop/vaseline-blue-seal-original-petroleum-jelly-450ml/,Teeka4,,Lagos
Vaseline BlueSeal Baby Gentle Protective Jelly 50ml,Vaseline,2500.0,https://teeka4.com/shop/vaseline-blueseal-baby-gentle-protective-jelly-50ml/,Teeka4,,Lagos
Vaseline BlueSeal Cocoa Butter Rich Conditioning Jelly 100ml,Vaseline,3300.0,https://teeka4.com/shop/vaseline-blueseal-cocoa-butter-rich-conditioning-jelly-100ml/,Teeka4,,Lagos
Vaseline BlueSeal Cocoa Butter Rich Conditioning Jelly 450ml,Vaseline,9600.0,https://teeka4.com/shop/vaseline-blueseal-cocoa-butter-rich-conditioning-jelly-450ml/,Teeka4,,Lagos
Vaseline BlueSeal Men Petroleum Jelly Cooling 100ml,Vaseline,3300.0,https://teeka4.com/shop/vaseline-blueseal-men-petroleum-jelly-cooling-100ml/,Teeka4,,Lagos
Vaseline BlueSeal Men Petroleum Jelly Cooling 250ml,Vaseline,5400.0,https://teeka4.com/shop/vaseline-blueseal-men-petroleum-jelly-cooling-250ml/,Teeka4,,Lagos
Vaseline BlueSeal Men Petroleum Jelly Fresh 100ml,Vaseline,3300.0,https://teeka4.com/shop/vaseline-blueseal-men-petroleum-jelly-fresh-100ml/,Teeka4,,Lagos
Vaseline BlueSeal Men Petroleum Jelly Fresh 250ml,Vaseline,5400.0,https://teeka4.com/shop/vaseline-blueseal-men-petroleum-jelly-fresh-250ml/,Teeka4,,Lagos
Vaseline BlueSeal Original Pure Petroleum Jelly 100ml,Vaseline,3300.0,https://teeka4.com/shop/vaseline-blueseal-original-pure-petroleum-jelly-100ml/,Teeka4,,Lagos
Vaseline BlueSeal Original Pure Petroleum Jelly 250ml,Vaseline,5400.0,https://teeka4.com/shop/vaseline-blueseal-original-pure-petroleum-jelly-250ml/,Teeka4,,Lagos
Vaseline BlueSeal Original Pure Petroleum Jelly 50ml,Vaseline,2500.0,https://teeka4.com/shop/vaseline-blueseal-original-pure-petroleum-jelly-50ml/,Teeka4,,Lagos
Vaseline BlueSeal Vitamin E Nourishing Skin Jelly 100ml,Vaseline,3300.0,https://teeka4.com/shop/vaseline-blueseal-vitamin-e-nourishing-skin-jelly-100ml/,Teeka4,,Lagos
Vaseline BlueSeal Vitamin E Nourishing Skin Jelly 250ml,Vaseline,5400.0,https://teeka4.com/shop/vaseline-blueseal-vitamin-e-nourishing-skin-jelly-250ml/,Teeka4,,Lagos
Vaseline BlueSeal Vitamin E Nourishing Skin Jelly 50ml,Vaseline,2500.0,https://teeka4.com/shop/vaseline-blueseal-vitamin-e-nourishing-skin-jelly-50ml/,Teeka4,,Lagos
Vaseline Daily Brightening Lotion- 24.5FL OZ(725ml),Vaseline,11000.0,https://teeka4.com/shop/vaseline-daily-brightening-lotion-24-5fl-oz725ml/,Teeka4,,Lagos
Vaseline Gluta- Hya Serum Dewey Radiance 10X Burst Lotion 330ml,Vaseline,9300.0,https://teeka4.com/shop/vaseline-gluta-hya-serum-dewey-radiance-10x-whitening-lotion-330ml/,Teeka4,,Lagos
Vaseline Gluta-Hya Serum Burst Uv Lotion Flawless Glow 300ml,Vaseline,8500.0,https://teeka4.com/shop/vaseline-gluta-hya-serum-burst-uv-lotion-flawless-glow-300ml-2/,Teeka4,,Lagos
Vaseline Golden Hour Glow Bronze Shimmer Body Gel Oil 6.8fl oz/ 200ml,Vaseline,15266.0,https://teeka4.com/shop/vaseline-golden-hour-glow-bronze-shimmer-body-gel-oil-6-8fl-oz-200ml/,Teeka4,,Lagos
Vaseline Healthy Bright Gluta-HYA Serum Burst Sunscreen SPF50 PA+++ Body Lotion 50ml,Vaseline,8500.0,https://teeka4.com/shop/vaseline-healthy-bright-gluta-hya-serum-burst-sunscreen-spf50-pa-body-lotion-50ml/,Teeka4,,Lagos
Vaseline Intensive Care Cocoa Radiant Body Oil 6.8fl / 200ml.,Vaseline,9999.0,https://teeka4.com/shop/vaseline-intensive-care-cocoa-radiant-cocoa-butter-body-oil-6-8fl/,Teeka4,,Lagos
Vaseline Intensive Care Coconut Restore Body Oil 200ml / 6.8 Fl Oz,Vaseline,9999.0,https://teeka4.com/shop/vaseline-intensive-care-coconut-restore-body-oil-200ml-6-8-fl-oz/,Teeka4,,Lagos
Vaseline Sun Lit Glow Champagne Shimmer Body Gel Oil 6.8fl oz/200ml,Vaseline,15266.0,https://teeka4.com/shop/vaseline-sun-lit-glow-champagne-shimmer-body-gel-oil-6-8fl-oz-200ml/,Teeka4,,Lagos
Vaseline UV Extra Brightening Gluta Ceramide Lotion 500ml,Vaseline,11000.0,https://teeka4.com/shop/vaseline-uv-extra-brightening-gluta-ceramide-lotion-500ml/,Teeka4,,Lagos
Victoria’s Secret Bare Vanilla Vacation Body Mist 250ml / 8.4 fl oz,Victoria's Secret,14477.0,https://teeka4.com/shop/victorias-secret-bare-vanilla-vacation-250ml-8-4-fl-oz/,Teeka4,,Lagos
Zapzyt Acne Treatment Gel 28g,Zapzyt,10000.0,https://teeka4.com/shop/zapzyt-acne-treatment-gel-28g/,Teeka4,,Lagos
Zapzyt Acne Wash Cleanser 177g,Zapzyt,10500.0,https://teeka4.com/shop/zapzyt-acne-wash-cleanser-177g/,Teeka4,,Lagos
