product_name,brand,core_step,sub_category,price_naira,source_shop,product_url
COSRX Advanced Snail 92 All In One Cream 100G,COSRX,Moisturize,Face,13200,BuyBetter,https://buybetter.ng/product/cosrx-advanced-snail-92-all-in-one-cream-100g/
ACWELL Licorice pH Balancing Cleansing Toner 150ml,Generic/Unlisted,Cleanse,Face,11150,BuyBetter,https://buybetter.ng/product/acwell-licorice-ph-balancing-cleansing-toner/
KOJIE SAN Skin Lightening Classic Soap 100g x3,Generic/Unlisted,Cleanse,Face,6500,BuyBetter,https://buybetter.ng/product/kojie-san-skin-lightening-classic-soap-100g-x3/
COSRX Advanced Snail 96 Mucin Power Essence 100ml,COSRX,Treat,Face,12000,BuyBetter,https://buybetter.ng/product/cosrx-advanced-snail-96-mucin-power-essence/
PANOXYL Acne Creamy Wash Benzoyl Peroxide Control 4% 170g,Generic/Unlisted,Cleanse,Face,13250,BuyBetter,https://buybetter.ng/product/panoxyl-acne-creamy-wash-benzoyl-peroxide-control-4/
PALMERS Cocoa Butter Formula Body Oil 250ml,Generic/Unlisted,Moisturize,Body,13975,BuyBetter,https://buybetter.ng/product/palmers-cocoa-butter-formula-body-oil-250ml/
BEAUTY FORMULAS- Blackhead Control Facial Scrub 150ml,Generic/Unlisted,Cleanse,Lip Care,3548,BuyBetter,https://buybetter.ng/product/beauty-formulas-blackhead-control-facial-scrub-150ml/
FACEFACTS CERAMIDE FOAMING CLEANSER 400ML,Generic/Unlisted,Cleanse,Face,6450,BuyBetter,https://buybetter.ng/product/facefacts-ceramide-foaming-cleanser-400ml/
2SOL Very Berry Cica Roll 30ml,Generic/Unlisted,Uncategorized,Face,20318,BuyBetter,https://buybetter.ng/product/2sol-very-berry-cica-roll-30ml/
9 WISHES Centella PDRN Calm Ampoule Relief Soothing 30ml,Generic/Unlisted,Treat,Face,16340,BuyBetter,https://buybetter.ng/product/9-wishes-centella-pdrn-calm-ampoule-relief-soothing-30ml/
9 WISHES Cera Barrier Ampoule Restore Strengthening 30ml,Generic/Unlisted,Treat,Face,16340,BuyBetter,https://buybetter.ng/product/9-wishes-cera-barrier-ampoule-restore-strengthening-30ml/
9 WISHES Gluthathione Blanc Ampoule Radiant llluminatating 30ml,Generic/Unlisted,Treat,Face,16340,BuyBetter,https://buybetter.ng/product/9-wishes-glutathione-blanc-ampoule-radant-lllumintating-30ml/
9 WISHES Nanoplus Hydra Glowing Deep Hydration 30ml,Generic/Unlisted,Uncategorized,Face,13975,BuyBetter,https://buybetter.ng/product/9-wishes-nanoplus-hydra-glowing-deep-hydration-30ml/
9 WISHES PDRN Collagen Ampoule Lifting Anti-Wrinkle 30ml,Generic/Unlisted,Treat,Face,16340,BuyBetter,https://buybetter.ng/product/9-wishes-pdrn-collagen-ampoule-lifting-anti-wrinkle-30ml/
9 WISHES Retinol Pore Ampoule Clarify Refine 30ml,Generic/Unlisted,Treat,Face,16340,BuyBetter,https://buybetter.ng/product/9-wishes-retinol-pore-ampoule-clarify-refine-30ml/
9 WISHES Tangerine C Vitamin Ampoule Vitality Balancing 30ml,Generic/Unlisted,Treat,Face,16340,BuyBetter,https://buybetter.ng/product/9-wishes-tangerine-c-vitamin-amoule-vitality-balancing-30ml/
ABBOTT Melalite Hydroquinone Cream USP 30g,Generic/Unlisted,Moisturize,Face,5590,BuyBetter,https://buybetter.ng/product/abbott-hydroquinone-cream-usp-30g/
ABIB -Glutathiosome Dark Spot Serum 50ml,Abib,Treat,Face,15700,BuyBetter,https://buybetter.ng/product/abib-glutathiosome-dark-spot-serum-50ml/
ABIB -Heartleaf Acne Foam Cleanser 150ml,Abib,Cleanse,Face,11900,BuyBetter,https://buybetter.ng/product/abib-heartleaf-acne-foam-cleanser-150ml/
ABIB Azelaic Acid 7% Sea Moss 0.325% Serum 30ml,Abib,Treat,Face,16500,BuyBetter,https://buybetter.ng/product/abib-azelaic-acid-7-sea-moss-0-325-serum-30ml/
MENARINI A-Ret Tretinoin 0.025% Gel 20g,Generic/Unlisted,Uncategorized,Face,4408,BuyBetter,https://buybetter.ng/product/menarini-a-ret-tretinoin-0-025-gel-20g/
KUMANO YUSHI REIHAKU Hatomugi White (UV Care And Moisturizing) UV Milky Gel SPF 50 PA+++ 250ml,Generic/Unlisted,Protect,Face,11503,BuyBetter,https://buybetter.ng/product/reihaku-hatomugi-uv-milky-gel-spf-50-250ml/
ABIB Dark Spot Collagen Wrapping Mask (Glutathione Film) 100ml,Abib,Treat,Face,14000,BuyBetter,https://buybetter.ng/product/abib-dark-spot-collagen-wrapping-mask-glutathione-film-100ml/
ABIB Heartleaf Spot Pad Calming Touch (80 Pads)150ml,Abib,Treat,Face,18500,BuyBetter,https://buybetter.ng/product/abib-heartleaf-spot-pad-calming-touch-150ml/
ABIB Quick Sunstick SPF50+++ 22g,Abib,Protect,Face,15200,BuyBetter,https://buybetter.ng/product/abib-quick-sunstick-protector-bar-spf50-22g/
ABIB Rice Prebiotics Overnight Mask 80ml,Abib,Treat,Face,20963,BuyBetter,https://buybetter.ng/product/abib-rice-prebiotics-overnight-mask-80ml/
ACNEEXPERTS Teen Gentle Acne Control Cleanser 150ml,Generic/Unlisted,Cleanse,Face,14500,BuyBetter,https://buybetter.ng/product/acneexperts-teen-gentle-acne-control-cleanser-150ml/
ACWELL Licorice pH Balancing Essence Mist 100ml,Generic/Unlisted,Treat,Face,13975,BuyBetter,https://buybetter.ng/product/acwell-licorice-ph-balancing-essence-mist/
ACWELL Licorice pH Balancing Extreme Moisture Cream 55ml,Generic/Unlisted,Moisturize,Face,17200,BuyBetter,https://buybetter.ng/product/acwell-licorice-moisture-cream-55ml/
ACWELL Real Aqua Balancing Ampoule 35ml,Generic/Unlisted,Treat,Face,16124,BuyBetter,https://buybetter.ng/product/acwell-real-aqua-balancing-ampoule-35ml/
ADVANCED CLINICALS -Crepey Skin (Wrinkle Smoothing Cream) Serum 118ml,Generic/Unlisted,Treat,Face,17200,BuyBetter,https://buybetter.ng/product/advanced-clinicals-crepey-skin-wrinkle-smoothing-cream-serum-118ml/
ADVANCED CLINICALS Collagen (skin rescue) Cream 16 oz (1LB) 454g,Generic/Unlisted,Moisturize,Face,14500,BuyBetter,https://buybetter.ng/product/advanced-clinicals-collagen-skin-rescue-cream-16-oz-1lb-454g/
ADVANCED CLINICALS Hyaluronic Acid Cream 16 oz 454g,Generic/Unlisted,Treat,Face,15000,BuyBetter,https://buybetter.ng/product/advanced-clinicals-hyaluronic-acid-cream-16-oz-454g/
MEDIX 5.5 Vitamin C + Turmeric Cream 444ml,Generic/Unlisted,Treat,Face,17400,BuyBetter,https://buybetter.ng/product/medix-55-vitamin-c-turmeric-cream-444ml/
COSRX The 6 Peptide skin booster serum 150ml,COSRX,Treat,Face,17200,BuyBetter,https://buybetter.ng/product/cosrx-the-6-peptide-skin-booster-serum-150ml/
Olay Tone Correcting BHA & Vitamin C Serum Complex Body Wash 20 FL 0Z(591 mL),Generic/Unlisted,Cleanse,Body,14950,BeautyByDaz,https://beautybydaz.com/shop/bath-body/bath-wash-gels/olay-tone-correcting-bha-vitamin-c-serum-complex-body-wash-20-fl-0z591-ml/
Nars Soft Matte Advanced Perfecting  Powder,Generic/Unlisted,Other,Makeup,54000,BeautyByDaz,https://beautybydaz.com/shop/makeup/face-makeup/powders/nars-soft-matte-advanced-perfecting-powder/
One Size On ‘Til Dawn Mattifying Waterproof Setting Spray,Generic/Unlisted,Uncategorized,Face,65000,BeautyByDaz,https://beautybydaz.com/shop/makeup/face-makeup/setting-spray/one-size-on-til-dawn-mattifying-waterproof-setting-spray-143ml/
One Size Ultimate Setting Powder 34.5g,Generic/Unlisted,Other,Makeup,65000,BeautyByDaz,https://beautybydaz.com/shop/makeup/face-makeup/powders/one-size-ultimate-setting-powder-34-5g/
Aziderm Azelaic Acid 20% Cream,Generic/Unlisted,Treat,Face,6500,BeautyByDaz,https://beautybydaz.com/shop/hair-care/styling-products/creams-mousses/aziderm-azelaic-acid-20-cream/
Nars Radiant Creamy Concealer 6ml,Generic/Unlisted,Other,Makeup,39850,BeautyByDaz,https://beautybydaz.com/shop/makeup/face-makeup/concealer/nars-radiant-creamy-concealer-6ml/
Skin By Zaron Salicylic Acid 2% Toner,Generic/Unlisted,Treat,Face,10500,BeautyByDaz,https://beautybydaz.com/shop/face/skin-by-zaron-salicylic-acid-2-toner/
Skin By Zaron Moisture Boost Hydrating Essence,Generic/Unlisted,Treat,Face,10500,BeautyByDaz,https://beautybydaz.com/shop/face/skin-by-zaron-moisture-boost-hydrating-essence/
"Skin By Zaron Glycolic Acid 7% (Exfoliating, Brightening, Smoothing) Toner 150ml",Generic/Unlisted,Treat,Face,10500,BeautyByDaz,https://beautybydaz.com/shop/face/skin-by-zaron-glycolic-acid-7-exfoliating-brightening-smoothing-toner-150ml/
Blossom 24K Pink Lip Gloss,Generic/Unlisted,Other,Makeup,2000,BeautyByDaz,https://beautybydaz.com/shop/makeup/lips-makeup/lipstick-lipgloss/blossom-24k-pink-lip-gloss/
Simple Hydrating Micellar Water 400ml,Generic/Unlisted,Cleanse,Face,5950,BeautyByDaz,https://beautybydaz.com/shop/face/simple-hydrating-micellar-water-400ml/
Dr Teal’s Kids 3-in-1 Sleep Bath with Melatonin & Essential Oil 20FL OZ/591ML,Generic/Unlisted,Moisturize,Face,7500,BeautyByDaz,https://beautybydaz.com/shop/bath-body/bath-wash-gels/dr-teals-kids-3-in-1-sleep-bath-with-melatonin-essential-oil-20fl-oz-591ml/
Dr teal’s Relax And Relief Body Wash With Eucalyptus and Spearmint Oil 24fl OZ/710ml,Generic/Unlisted,Cleanse,Body,7500,BeautyByDaz,https://beautybydaz.com/shop/bath-body/bath-wash-gels/dr-teals-relax-and-relief-body-wash-with-eucalyptus-and-spearmint-oil-24fl-oz-710ml/
"Dr Teal’s Sleep Body Wash with Pure Epsom Salt, Melatonin, Lavender & Chamomile Essential Oil Blend, 24 fl oz",Generic/Unlisted,Cleanse,Body,7500,BeautyByDaz,https://beautybydaz.com/shop/bath-body/bath-wash-gels/dr-teals-sleep-body-wash-with-pure-epsom-salt-melatonin-lavender-chamomile-essential-oil-blend-24-fl-oz/
Milani Conceal + Perfect Smooth Finish Cream Powder,Generic/Unlisted,Other,Makeup,14500,BeautyByDaz,https://beautybydaz.com/shop/makeup/face-makeup/powders/milani-conceal-perfect-smooth-finish-cream-powder/
Dr Althea 345 Relief Serum 15ml,Generic/Unlisted,Treat,Face,9999,BeautyByDaz,https://beautybydaz.com/shop/face/serums/dr-althea-345-relief-serum-15ml/
Numbuzin NAD+ Retinol Volumetox Eye Cream 10ml,Numbuzin,Treat,Eye Care,13500,BeautyByDaz,https://beautybydaz.com/shop/face/eyes/numbuzin-nad-retinol-volumetox-eye-cream-10ml/
Purito Retinol Retinal 2000 NAD+ Serum 30ml,Purito,Treat,Face,13850,BeautyByDaz,https://beautybydaz.com/shop/face/serums/purito-retinol-retinal-2000-nad-serum-30ml/
Advanced Korean Skin Brighter Face cream 100g,Generic/Unlisted,Moisturize,Face,10500,BeautyByDaz,https://beautybydaz.com/shop/face/moisturizers/advanced-korean-skin-brighter-face-cream-100g/
Monkids Makeup Cotton Pads 150pcs,Generic/Unlisted,Other,Makeup,2500,BeautyByDaz,https://beautybydaz.com/shop/makeup/monkids-makeup-cotton-pads-150pcs/
Monkids Makeup Cotton Pads 100pcs,Generic/Unlisted,Other,Makeup,2000,BeautyByDaz,https://beautybydaz.com/shop/face/monkids-makeup-cotton-pads-100pcs/
Classy Glow Retinol And Kojic Acid Hand Cream 100g,Generic/Unlisted,Treat,Body,4800,BeautyByDaz,https://beautybydaz.com/shop/bath-body/personal-care/classy-glow-retinol-and-kojic-acid-hand-cream-100g/
Classy Glow Vitamin C And Niacinamide Brightening Hand Cream 100g,Generic/Unlisted,Treat,Body,4800,BeautyByDaz,https://beautybydaz.com/shop/bath-body/personal-care/classy-glow-vitamin-c-and-niacinamide-brightening-hand-cream-100g/
Classy Glow Retinol And Kojic Acid Body Wash 1000ml,Generic/Unlisted,Cleanse,Body,7500,BeautyByDaz,https://beautybydaz.com/shop/bath-body/bath-wash-gels/classy-glow-retinol-and-kojic-acid-body-wash-1000ml/
Classy Glow Retinol And Kojic Acid Body Lotion 500ml,Generic/Unlisted,Treat,Body,8000,BeautyByDaz,https://beautybydaz.com/shop/bath-body/creams-lotions/classy-glow-retinol-and-kojic-acid-body-lotion-500ml/
Classy Glow Vitamin C And Niacinamide Brightening Body Wash 1000ml,Generic/Unlisted,Cleanse,Body,7500,BeautyByDaz,https://beautybydaz.com/shop/bath-body/bath-wash-gels/classy-glow-vitamin-c-and-niacinamide-brightening-body-wash-1000ml/
Classy Glow Vitamin c And Niacinamide Brightening Body Lotion 500ml,Generic/Unlisted,Treat,Body,8000,BeautyByDaz,https://beautybydaz.com/shop/bath-body/creams-lotions/classy-glow-vitamin-c-and-niacinamide-brightening-body-lotion-500ml/
Purito Wonder Releaf Centella Toner 200ml,Purito,Treat,Face,15950,BeautyByDaz,https://beautybydaz.com/shop/face/purito-wonder-releaf-centella-toner-200ml/
Olay Super Serum (Bumpy and Rough Skin) Body Wash,Generic/Unlisted,Cleanse,Body,20850,BeautyByDaz,https://beautybydaz.com/shop/bath-body/creams-lotions/olay-super-serum-body-wash-for-rough-bumpy-skin-hydrating-renewing-serum-complex-with-exfoliating-minerals-for-luminous-skin-18-5-fl-oz/
Olay Age Defying Niacinamide Body Lotion,Generic/Unlisted,Treat,Body,14950,BeautyByDaz,https://beautybydaz.com/shop/bath-body/creams-lotions/olay-age-defying-niacinamide-body-lotion/
Sol de janeiro Delicia Drench Jet set 3in1 (Cheirosa 59),Generic/Unlisted,Uncategorized,Face,46800,BeautyByDaz,https://beautybydaz.com/shop/bath-body/creams-lotions/sol-de-janeiro-delicia-drench-jet-set-3in1-cheirosa-59/
Sol De Janeiro  Bum Bum Summer Jet Set | Travel Shower Kit,Generic/Unlisted,Uncategorized,Body,46800,BeautyByDaz,https://beautybydaz.com/shop/bath-body/creams-lotions/sol-de-janeiro-bum-bum-summer-jet-set-travel-shower-kit/
Indigo Hair Growth Oil  200ml,Generic/Unlisted,Other,Hair Care,7850,BeautyByDaz,https://beautybydaz.com/shop/hair-care/hair-treatment/indigo-hair-growth-oil-200ml/
Juba Cosmetics Matte Finishing Spray  150ml,Generic/Unlisted,Uncategorized,Face,11850,BeautyByDaz,https://beautybydaz.com/shop/makeup/face-makeup/setting-spray/juba-cosmetics-matte-finishing-spray-150ml/
Juba Cosmetics Setting Spray 150ml,Generic/Unlisted,Uncategorized,Face,11850,BeautyByDaz,https://beautybydaz.com/shop/makeup/face-makeup/setting-spray/juba-cosmetics-setting-spray-150ml/
Wishtrend Mandelic Acid Gentle Exfoliating Toner 150ml,Generic/Unlisted,Treat,Face,13750,BeautyByDaz,https://beautybydaz.com/shop/face/wishtrend-mandelic-acid-gentle-exfoliating-toner-150ml/
Imagic PROfessional Cosmetics Multipack Lash Clusters,Generic/Unlisted,Uncategorized,Face,5500,BeautyByDaz,https://beautybydaz.com/shop/makeup/eye-makeup/lashes/imagic-professional-cosmetics-multipack-lash-clusters/
Imagic PROfessional Falsies Eyelash Curly Clusters,Generic/Unlisted,Uncategorized,Eye Care,5500,BeautyByDaz,https://beautybydaz.com/shop/makeup/eye-makeup/lashes/imagic-professional-falsies-eyelash-curly-clusters/
IMAGIC PROFESSIONAL GEL EYELINER WATERPROOF E01 BLACK,Generic/Unlisted,Uncategorized,Eye Care,5500,BeautyByDaz,https://beautybydaz.com/shop/makeup/eye-makeup/eyeliner/imagic-professional-gel-eyeliner-waterproof-e01-black/
Imagic PROfessional Cosmetics DO THE BEST 12 Colors Face and Body Paint,Generic/Unlisted,Uncategorized,Body,14500,BeautyByDaz,https://beautybydaz.com/shop/makeup/lips-makeup/lipstick-lipgloss/imagic-professional-cosmetics-do-the-best-12-colors-face-and-body-paint/
"Imagic PROfessional Highlight, Blush And Contour Palette",Generic/Unlisted,Other,Makeup,9000,BeautyByDaz,https://beautybydaz.com/shop/makeup/face-makeup/blush/imagic-professional-highlight-blush-and-contour-palette/
IMAGIC PROfessional WEDDING DREAM EYESHADOW PALETTE 15.8g,Generic/Unlisted,Other,Makeup,7950,BeautyByDaz,https://beautybydaz.com/shop/makeup/eye-makeup/eyeshadow/imagic-professional-wedding-dream-eyeshadow-palette-15-8g/
Imagic PROfessional Cosmetics 16 Color Eyeshadaw 28.8g,Generic/Unlisted,Uncategorized,Eye Care,11500,BeautyByDaz,https://beautybydaz.com/shop/makeup/eye-makeup/eyeshadow/imagic-professional-cosmetics-16-color-eyeshadaw-28-8g/
IMAGIC Professional Cosmetics Hereiam Style 16 Color Eye-Shadow Palette,Generic/Unlisted,Other,Makeup,11500,BeautyByDaz,https://beautybydaz.com/shop/makeup/eye-makeup/eyeshadow/imagic-professional-cosmetics-hereiam-style-16-color-eye-shadow-palette/
Dr Althea Green Tea Fresh Sunscreen SPF50+ PA++++,Generic/Unlisted,Protect,Face,14500,BeautyByDaz,https://beautybydaz.com/shop/face/sunscreens/dr-althea-green-tea-fresh-sunscreen-spf50-pa/
Dr Althea Aqua Marine Watery Cream 50ml,Generic/Unlisted,Moisturize,Face,12950,BeautyByDaz,https://beautybydaz.com/shop/face/moisturizers/dr-althea-aqua-marine-watery-cream-50ml/
Centellian24 Expert Madeca Cream Active Renew PDRN,Generic/Unlisted,Moisturize,Face,12500,BeautyByDaz,https://beautybydaz.com/shop/face/moisturizers/centellian24-expert-madeca-cream-active-renew-pdrn/
Haru Haru wonder Black Rice Moisture 5.5 Soft Cleansing Gel 100ml,Generic/Unlisted,Cleanse,Face,10500,BeautyByDaz,https://beautybydaz.com/shop/face/haru-haru-wonder-black-rice-moisture-5-5-soft-cleansing-gel-100ml/
Aveeno Baby Daily Moisture Lotion 18 FL OZ 532ml,Generic/Unlisted,Moisturize,Face,19850,BeautyByDaz,https://beautybydaz.com/shop/bath-body/creams-lotions/aveeno-baby-daily-moisture-lotion-18-fl-oz-532ml/
Cerave Baby Moisturizing Lotion 16 FL OZ 473ml,CeraVe,Moisturize,Face,22800,BeautyByDaz,https://beautybydaz.com/shop/bath-body/creams-lotions/cerave-baby-moisturizing-lotion-16-fl-oz-473ml/
Cerave Baby Wash And Shampoo 16 FL OZ 473ml,CeraVe,Other,Hair Care,22500,BeautyByDaz,https://beautybydaz.com/shop/hair-care/shampoos/cerave-baby-wash-and-shampoo-16-fl-oz-473ml/
Amlactin Calm And Renew Body Butter 11 oz (312g),Generic/Unlisted,Moisturize,Body,21800,BeautyByDaz,https://beautybydaz.com/shop/bath-body/creams-lotions/amlactin-calm-and-renew-body-butter-11-oz-312g/
Amlactin Calm And Renew Lotion 400g,Generic/Unlisted,Moisturize,Face,21800,BeautyByDaz,https://beautybydaz.com/shop/bath-body/creams-lotions/amlactin-calm-and-renew-lotion-400g/
Neutrogena Oil-Free Acne Wash 9.1 FL.0Z (269ml),Generic/Unlisted,Cleanse,Face,14850,BeautyByDaz,https://beautybydaz.com/shop/face/neutrogena-oil-free-acne-wash-9-1-fl-0z-269ml/
Voan Beauties Faux Mink Lash Set,Generic/Unlisted,Uncategorized,Face,2160,BeautyByDaz,https://beautybydaz.com/shop/makeup/eye-makeup/lashes/voan-beauties-faux-mink-lash-set/
Voan Beauties 4 in 1  Faux Lash Set,Generic/Unlisted,Uncategorized,Face,2400,BeautyByDaz,https://beautybydaz.com/shop/makeup/eye-makeup/lashes/voan-beauties-4-in-1-faux-lash-set/
Voan Beauties 14 in 1 Mink Set Lashes,Generic/Unlisted,Uncategorized,Face,9000,BeautyByDaz,https://beautybydaz.com/shop/makeup/eye-makeup/lashes/voan-beauties-14-in-1-mink-set-lashes/
Voan Beauties 8 in 1 Faux Mink Set Barbie Doll Collection,Generic/Unlisted,Uncategorized,Face,4600,BeautyByDaz,https://beautybydaz.com/shop/makeup/eye-makeup/lashes/voan-beauties-8-in-1-faux-mink-set-barbie-doll-collection/
Voan Beauties 20 pairs Mink Set La Femme,Generic/Unlisted,Uncategorized,Face,8400,BeautyByDaz,https://beautybydaz.com/shop/makeup/eye-makeup/lashes/voan-beauties-20-pairs-mink-set-la-femme/
Voan Beauties 8 in 1 Faux Mink Set Rich Chic,Generic/Unlisted,Uncategorized,Face,4600,BeautyByDaz,https://beautybydaz.com/shop/makeup/eye-makeup/lashes/voan-beauties-8-in-1-faux-mink-set-rich-chic/
Voan Beauties 16 in 1 Mink Set Lash,Generic/Unlisted,Uncategorized,Face,9000,BeautyByDaz,https://beautybydaz.com/shop/makeup/eye-makeup/lashes/voan-beauties-16-in-1-mink-set-lash/
Voan Beauties 16 in 1 Mink Set (Lash Attack),Generic/Unlisted,Uncategorized,Face,10200,BeautyByDaz,https://beautybydaz.com/shop/makeup/eye-makeup/lashes/voan-beauties-16-in-1-mink-set-lash-attack/
Voan Beauties HYBRID 20-in-1 Mink Lash Set,Generic/Unlisted,Uncategorized,Face,8400,BeautyByDaz,https://beautybydaz.com/shop/makeup/eye-makeup/lashes/voan-beauties-hybrid-20-in-1-mink-lash-set/
AQUA RICH Vitamin C Brightening Face Cream 100g,Generic/Unlisted,Treat,Face,9500,BeautyByDaz,https://beautybydaz.com/shop/face/moisturizers/aqua-rich-vitamin-c-brightening-face-cream-100g/
Mary and May Spicule Retinol PDRN Cream 15g,Generic/Unlisted,Treat,Face,10800,BeautyByDaz,https://beautybydaz.com/shop/face/treatment/mary-and-may-spicule-retinol-pdrn-cream-15g/
Nineless Root Biome  Caffeine Scalp Ampoule 20ml,Generic/Unlisted,Other,Hair Care,9500,BeautyByDaz,https://beautybydaz.com/shop/hair-care/hair-treatment/nineless-root-biome-caffeine-scalp-ampoule-20ml/
Dr althea Aqua Marine Deep Serum 30ml,Generic/Unlisted,Treat,Face,12500,BeautyByDaz,https://beautybydaz.com/shop/face/serums/dr-althea-aqua-marine-deep-serum-30ml/
Dove Body Love Essential Care Body Milk,Generic/Unlisted,Uncategorized,Body,6999,BeautyByDaz,https://beautybydaz.com/shop/bath-body/creams-lotions/dove-body-love-essential-care-body-milk/
Powder Puff 1pc,Generic/Unlisted,Other,Makeup,2500,BeautyByDaz,https://beautybydaz.com/shop/makeup/face-makeup/girlz-korner-powder-puff-1pc/
Girlz Korner beauty blender,Generic/Unlisted,Uncategorized,Face,2500,BeautyByDaz,https://beautybydaz.com/shop/makeup/girlz-korner-beauty-blender/
Traditional Medicinals Organic Spearmint Tea,Generic/Unlisted,Uncategorized,Face,13850,BeautyByDaz,https://beautybydaz.com/shop/face/supplements/traditional-medicinals-organic-spearmint-tea/
I’m From Seaweed Watery Sun Cream 50ml,Generic/Unlisted,Protect,Face,13850,BeautyByDaz,https://beautybydaz.com/shop/face/sunscreens/im-from-seaweed-watery-sun-cream-50ml/
Tree Hut Aurora Nights Shea Sugar Scrub,Generic/Unlisted,Cleanse,Lip Care,16500,BeautyByDaz,https://beautybydaz.com/shop/bath-body/body-scrubs-exfoliators/tree-hut-aurora-nights-shea-sugar-scrub/
Nubiance Baume Corp Hydratant Body Balm 450ml,Generic/Unlisted,Moisturize,Body,20850,BeautyByDaz,https://beautybydaz.com/shop/bath-body/creams-lotions/nubiance-baume-corp-hydratant-body-balm-450ml/
La roche Posay Vitamin c Gel Moussant Purifying Cleanser 200ml,Generic/Unlisted,Cleanse,Face,21500,BeautyByDaz,https://beautybydaz.com/shop/face/la-roche-posay-vitamin-c-gel-moussant-purifying-cleanser-200ml/
Tresemme Keratin Smooth Weightless Conditioner 828 ml,Generic/Unlisted,Other,Hair Care,7950,BeautyByDaz,https://beautybydaz.com/shop/hair-care/conditioners/tresemme-keratin-smooth-weightless-conditioner-828-ml/
Tresemme Keratin Smooth Weightless Shampoo  828 ml,Generic/Unlisted,Other,Hair Care,7950,BeautyByDaz,https://beautybydaz.com/shop/hair-care/shampoos/tresemme-keratin-smooth-weightless-shampoo-828-ml/
Dove Nourishing Bar (4 Bars),Generic/Unlisted,Uncategorized,Face,4999,BeautyByDaz,https://beautybydaz.com/shop/bath-body/soaps/dove-nourishing-bar-4-bars/
Nuhanciam Brightening Anti-Dark Spot Body Milk 500ml,Generic/Unlisted,Uncategorized,Body,39850,BeautyByDaz,https://beautybydaz.com/shop/bath-body/creams-lotions/nuhanciam-brightening-anti-dark-spot-body-milk-500ml/
Zaron Maxsheen gloss,Generic/Unlisted,Uncategorized,Face,4950,BeautyByDaz,https://beautybydaz.com/shop/makeup/lips-makeup/lipstick-lipgloss/zaron-maxsheen-gloss/
ANUA 10% Niacinamide + 4% TXA Acid Serum 30ml,Anua,Treat,Face,18500,BuyBetter,https://buybetter.ng/product/anua-10-niacinamide-4-txa-acid-serum/
OLAY Retinol + B3 Hydrating Body Wash 20fl oz 591ml,Generic/Unlisted,Cleanse,Body,15265,BuyBetter,https://buybetter.ng/product/olay-retinol-b3-hydrating-body-wash-20fl-oz-591ml/
ADVANCED CLINICALS Retinol (Advanced Firming) Cream 16 oz 454g,Generic/Unlisted,Treat,Face,14600,BuyBetter,https://buybetter.ng/product/advanced-clinicals-retinol-advanced-firming-cream-16-oz-454g/
ADVANCED CLINICALS Vit C Brightening Gel Cream 74ml,Generic/Unlisted,Moisturize,Face,13000,BuyBetter,https://buybetter.ng/product/advanced-clinicals-vitamin-c-brightening-gel-cream-59ml/
ADVANCED CLINICALS Vitamin C (Anti-aging) Serum 52ml,Generic/Unlisted,Treat,Face,12000,BuyBetter,https://buybetter.ng/product/advanced-clinicals-vitamin-c-anti-aging-serum-52ml/
ADVANCED CLINICALS Vitamin C Brightening Body Oil 112ml,Generic/Unlisted,Treat,Body,15000,BuyBetter,https://buybetter.ng/product/advanced-clinicals-vitamin-c-brightening-body-oil-112ml/
ADVANCED KOREAN SKIN Bright And Clear (Papaya And Mulberry) Body Gel Wash 42.3 oz 1200ml,Generic/Unlisted,Cleanse,Body,11950,BuyBetter,https://buybetter.ng/product/advanced-korean-skin-bright-and-clear-papaya-mulberry-body-gel-wash-42-3-oz-1200ml/
ADVANCED KOREAN SKIN Bright And Dewy Radiance Body Lotion 17.6 oz 500ml,Generic/Unlisted,Moisturize,Body,12800,BuyBetter,https://buybetter.ng/product/advanced-korean-skin-bright-and-dewy-radiance-body-lotion-17-6-oz-500ml/
"ADVANCED KOREAN SKIN Bright And Exfoliate (Glycolic, Vitamin C And Mint Leaf) Body Gel Wash 42.3 oz 1200ml",Generic/Unlisted,Cleanse,Body,11950,BuyBetter,https://buybetter.ng/product/advanced-korean-skin-bright-and-exfoliate-glycolic-vitamin-c-mint-leaf-body-gel-wash-42-3-oz-1200ml/
ADVANCED KOREAN SKIN Bright And Moisture Body Lotion 17.6 oz 500ml,Generic/Unlisted,Moisturize,Body,12800,BuyBetter,https://buybetter.ng/product/advanced-korean-skin-bright-moisture-body-lotion-17-6-oz-500ml/
AFRICAN RHAPSODY Acne Control Plant Essence,Generic/Unlisted,Treat,Face,19000,BuyBetter,https://buybetter.ng/product/african-rhapsody-acne-control-plant-essence/
AFRICAN RHAPSODY Stretch Marks Corrector 150g,Generic/Unlisted,Uncategorized,Face,19999,BuyBetter,https://buybetter.ng/product/african-rhaspsody-stretch-marks-corrector-150g/
ALADA Bar Soap,Generic/Unlisted,Cleanse,Face,9500,BuyBetter,https://buybetter.ng/product/alada-bar-soap-2/
ALPHA SKIN CARE Intensive Renewal Serum 14% Glycolic AHA 59ml,Generic/Unlisted,Treat,Face,15199,BuyBetter,https://buybetter.ng/product/alpha-skin-care-intensive-renewal-serum-14-glycolic-aha-59ml/
FACEFACTS Ceramide Blemish Clarifying Foaming Cleanser 400ml,Generic/Unlisted,Cleanse,Face,7847.5,BuyBetter,https://buybetter.ng/product/facefacts-ceramide-blemish-clarifying-foaming-cleanser-400ml-2/
ALPHA SKIN CARE Moisturizing Sea Mist Body Wash 354ml,Generic/Unlisted,Cleanse,Body,13760,BuyBetter,https://buybetter.ng/product/alpha-skincare-moisturizing-body-wash-sea-mist-354ml/
AMELIORATE Transforming Body Exfoliant 300ml,Generic/Unlisted,Uncategorized,Body,29025,BuyBetter,https://buybetter.ng/product/ameliorate-transforming-body-exfoliant-300ml/
AMELIORATE Transforming Body Lotion (Fragrance Free) 300ml,Generic/Unlisted,Moisturize,Body,38000,BuyBetter,https://buybetter.ng/product/ameliorate-transforming-body-lotion-fragrance-free-300ml/
AMELIORATE Transforming Body Lotion 300ml,Generic/Unlisted,Moisturize,Body,38000,BuyBetter,https://buybetter.ng/product/ameliorate-transforming-body-lotion-300ml/
AMELIORATE Transforming Body Lotion 500ml,Generic/Unlisted,Moisturize,Body,67500,BuyBetter,https://buybetter.ng/product/ameliorate-transforming-body-lotion-500ml/
AMELIORATE Transforming Body Lotion Illuminating Glow 300ml,Generic/Unlisted,Moisturize,Body,49000,BuyBetter,https://buybetter.ng/product/ameliorate-transforming-body-lotion-illuminating-glow-300ml/
AMELIORATE Transforming Body Wash 300ml,Generic/Unlisted,Cleanse,Body,21500,BuyBetter,https://buybetter.ng/product/ameliorate-transforming-body-wash-300ml/
AMELIORATE Transforming Body Wash 500ml,Generic/Unlisted,Cleanse,Body,38500,BuyBetter,https://buybetter.ng/product/ameliorate-transforming-body-wash-500ml/
AMIKA The Kure Shampoo 275ml,Generic/Unlisted,Other,Hair Care,35690,BuyBetter,https://buybetter.ng/product/amika-the-kure-shampoo-275ml/
AMLACTIN Daily Nourish 12% Lactic Acid lotion 14.1 oz 400g,Generic/Unlisted,Treat,Face,30638,BuyBetter,https://buybetter.ng/product/amlactin-daily-nourish-12-with-12-lactic-acid-lotion-400g/
AMLACTIN Daily Nourish 5% Lactic Acid (Normal To Dry Skin) Lotion 225g,Generic/Unlisted,Treat,Face,23650,BuyBetter,https://buybetter.ng/product/amlactin-daily-nourish-5-normal-to-dry-skin/
AMLACTIN Daily Nourishing 12% Lactic Acid Moisturizing Lotion 7.9 oz 225ML,Generic/Unlisted,Treat,Face,20000,BuyBetter,https://buybetter.ng/product/amlactin-daily-nourish-12-lactic-acid-225g/
"AMLACTIN Foot Repair 15% Lactic Acid (Rough, Dry Feet) Cream 85g",Generic/Unlisted,Treat,Body,14190,BuyBetter,https://buybetter.ng/product/amlactin-foot-repair-15-lactic-acid-rough-dry-feet-cream-85g/
AMLACTIN Intensive Healing 15% Lactic Acid Lotion 7.9 oz 225g,Generic/Unlisted,Treat,Face,22500,BuyBetter,https://buybetter.ng/product/amlactin-intensive-healing-15-lactic-acid-225g/
AMLACTIN KP Bumps Be Gone Cream with 15% Lactic Acid AHA 140g,Generic/Unlisted,Treat,Face,18500,BuyBetter,https://buybetter.ng/product/amlactin-ultra-smoothing-with-15-lactic-acid/
ANUA AZELAIC ACID 10% Hyaluron Redness Soothing Serum 30ml,Anua,Treat,Face,19135,BuyBetter,https://buybetter.ng/product/anua-azelaic-acid-10-hyaluron-redness-soothing-serum-30ml/
ANUA Heartleaf Pore Control Cleansing Oil 200ml,Anua,Cleanse,Face,15319,BuyBetter,https://buybetter.ng/product/anua-heartleaf-pore-control-cleansing-oil-200ml-2/
ANUA Heartleaf Quercetinol Pore Deep Cleansing Foam 150ml,Anua,Cleanse,Face,11718,BuyBetter,https://buybetter.ng/product/anua-heartleaf-quercetinol-pore-deep-cleansing-foam-150ml/
ANUA Heartleaf Silky Moisture Sunscreen SPF 50+++ 50ml,Anua,Protect,Face,14943,BuyBetter,https://buybetter.ng/product/anua-heartleaf-silky-moisture-suncream-spf-50-50ml/
ANUA RETINOL 0.3 Niacin Renewing Serum 30ml,Anua,Treat,Face,21500,BuyBetter,https://buybetter.ng/product/anua-retinol-0-3-niacin-renewing-serum-30ml/
ANUA Rice 70 Glow Collagen Mask 38g(1 Piece),Anua,Treat,Face,4515,BuyBetter,https://buybetter.ng/product/anua-rice-70-glow-collagen-mask-38g1-piece/
ANUA Zero Cast Moisturizing Finnish Sunscreen 50ml,Anua,Protect,Face,14190,BuyBetter,https://buybetter.ng/product/anua-zero-cast-moisturizing-finnish-sunscreen-50ml/
APLB Ferulic Acid Vitamin C Ampoule Serum 40ml,Generic/Unlisted,Treat,Face,9500,BuyBetter,https://buybetter.ng/product/aplb-ferulic-acid-vitamin-c-ampoule-serum-40ml-2/
APLB Kojic Acid Vitamin C Ampoule Serum 40ml,Generic/Unlisted,Treat,Face,9500,BuyBetter,https://buybetter.ng/product/aplb-kojic-acid-vitamin-c-ampoule-serum-40ml-2/
APLB Kojic Acid Vitamin C Facial Cream 55ml,Generic/Unlisted,Treat,Face,9500,BuyBetter,https://buybetter.ng/product/aplb-kojic-acid-vitamin-c-facial-cream-55ml-2/
AQUA RICH Bright + Glow Body Gel Wash (Licorice Mulberry Root Extract) 1000ml,Generic/Unlisted,Cleanse,Body,11288,BuyBetter,https://buybetter.ng/product/aqua-rich-bright-glow-body-gel-wash-licorice-mulberry-root-extract-1000ml/
AQUA RICH Bright+Balance (Niacinamide+Alpha Arbutin+TXA) Body Gel Wash 1000ml,Generic/Unlisted,Cleanse,Body,10750,BuyBetter,https://buybetter.ng/product/aqua-rich-bright-balance-body-gel-wash-1000ml/
AQUA RICH Hydrate + Protect  Body Lotion (Ceramide) 500ml,Generic/Unlisted,Moisturize,Body,12800,BuyBetter,https://buybetter.ng/product/aqua-rich-hydrate-protect-body-lotion-ceramide-500ml/
AQUA RICH Hydrating Bright Turmeric + Vitamin C Body Gel Wash 1000ml,Generic/Unlisted,Cleanse,Body,10750,BuyBetter,https://buybetter.ng/product/aqua-rich-hydrating-bright-body-gel-wash-1000ml/
AQUA RICH Hydrating Bright Turmeric And Vitamin C Body Lotion 500ml,Generic/Unlisted,Treat,Body,10750,BuyBetter,https://buybetter.ng/product/aqua-rich-hydrate-protect-body-lotion-ceramide-500ml-2/
AQUAFRESH Active Fresh Toothpaste 100ml,Generic/Unlisted,Uncategorized,Face,3763,BuyBetter,https://buybetter.ng/product/aquafresh-active-fresh-toothpaste-100ml/
AQUAFRESH Active White Toothpaste 100ml,Generic/Unlisted,Uncategorized,Face,3763,BuyBetter,https://buybetter.ng/product/aquafresh-active-white-toothpaste-100ml/
AQUAFRESH Triple Protection Toothpaste 100ml,Generic/Unlisted,Uncategorized,Face,3763,BuyBetter,https://buybetter.ng/product/aquafresh-triple-protection-toothpaste-100ml/
ARAMI Ivory Butter OUD Of Eden 200g,Generic/Unlisted,Moisturize,Face,13300,BuyBetter,https://buybetter.ng/product/arami-ivory-butter-oud-of-eden-200g/
ARENCIA Vitamin C Booster Shot Face And Eye Moisturizer 30ml,Generic/Unlisted,Treat,Eye Care,17415,BuyBetter,https://buybetter.ng/product/arencia-vitamin-c-booster-shot-face-and-eye-moisturizer-30ml/
SIMPLE Moisturizing Facial Wash 150ml,Generic/Unlisted,Cleanse,Face,4800,BuyBetter,https://buybetter.ng/product/simple-moisturizing-facial-wash-150ml/
ARM AND HAMMER -(Coconut Geranium) deodorant oval 71g,Generic/Unlisted,Uncategorized,Body,10000,BuyBetter,https://buybetter.ng/product/arm-and-hammer-essentials-deodorant-coconut-geranium-71g/
ARM AND HAMMER -ULTRA MAX (Powder Fresh) deodorant Oval 73g,Generic/Unlisted,Other,Makeup,10750,BuyBetter,https://buybetter.ng/product/arm-and-hammer-ultra-max-powder-fresh-deodorant-oval-73g-2/
ARM AND HAMMER (Advanced White) Toothpaste single 6.0 oz 170g,Generic/Unlisted,Uncategorized,Face,11610,BuyBetter,https://buybetter.ng/product/arm-and-hammer-advance-white-toothpaste-170g/
ARM AND HAMMER (Advanced White) Toothpaste Twin 12.0 oz 340g,Generic/Unlisted,Uncategorized,Face,16125,BuyBetter,https://buybetter.ng/product/arm-and-hammer-advanced-white-toothpaste-twin-12-0-oz-340g/
ARM AND HAMMER (Juniper Berry) Deodorant wide 71g,Generic/Unlisted,Uncategorized,Body,10000,BuyBetter,https://buybetter.ng/product/arm-amp-hammer-essentials-deodorant-juniper-berry-71g/
ARM AND HAMMER (Magnesium) Deodorant Oval 71g,Generic/Unlisted,Uncategorized,Body,10000,BuyBetter,https://buybetter.ng/product/arm-and-hammer-magnesium-deodorant-oval-71g/
ARM AND HAMMER (Orange Citrus ) Deodorant Oval 71g,Generic/Unlisted,Uncategorized,Body,10000,BuyBetter,https://buybetter.ng/product/arm-amp-hammer-essentials-deodorant-crisp-orange-citrus/
ARM AND HAMMER (Rosemary Lavender) deodorant oval 71g,Generic/Unlisted,Uncategorized,Body,10000,BuyBetter,https://buybetter.ng/product/arm-and-hammer-rosemary-lavender-deodorant-oval-71g/
ARM AND HAMMER (Rosemary Lavender) Deodorant Wide 71g,Generic/Unlisted,Uncategorized,Body,10000,BuyBetter,https://buybetter.ng/product/arm-and-hammer-rosemary-lavender-deodorant-wide-71g/
ARM And HAMMER + THERABREATH Breath Freshners Twin Pack 312g,Generic/Unlisted,Uncategorized,Face,20425,BuyBetter,https://buybetter.ng/product/arm-and-hammer-plus-therabreath-breath-fresheners-toothpaste-twin-11-0-oz-312g/
ARM AND HAMMER ULTRA MAX (Active Sport) deodorant wide 73g,Generic/Unlisted,Uncategorized,Body,10750,BuyBetter,https://buybetter.ng/product/arm-and-hammer-ultra-max-active-sport-deodorant-wide-73g-2/
AROMER ReCover Blooming Serum 30ml,Generic/Unlisted,Treat,Face,7955,BuyBetter,https://buybetter.ng/product/aromer-re-cover-blooming-serum-30ml/
ATHENA Glow Restore Shower Oil 532ml,Generic/Unlisted,Moisturize,Body,28918,BuyBetter,https://buybetter.ng/product/athena-glow-restore-shower-oil-532ml/
AVEENO Daily Moisturizing Body Oil Mist (Oat And Jojoba Oil) 200ml,Generic/Unlisted,Moisturize,Body,16448,BuyBetter,https://buybetter.ng/product/aveeno-daily-moisturizing-body-oil-mist-oat-amp-jojoba-oil-200ml/
AXIS Y Quinoa one-step balanced gel cleanser 180ml,Generic/Unlisted,Cleanse,Face,14298,BuyBetter,https://buybetter.ng/product/axis-y-quinoa-one-step-balanced-gel-cleanser-180ml/
AXIS-Y Dark Spot Correcting Glow Serum 50ml,Axis-Y,Treat,Face,11503,BuyBetter,https://buybetter.ng/product/axis-y-dark-spot-correcting-glow-serum-50ml/
AXIS-Y Mugwort Pore Clarifying Wash Off pack 100ml,Axis-Y,Cleanse,Face,23000,BuyBetter,https://buybetter.ng/product/axis-y-mugwort-pore-clarifying-wash-off-pack-100ml/
AXIS-Y New Skin Resolution Gel Mask 100ml,Axis-Y,Treat,Face,19135,BuyBetter,https://buybetter.ng/product/axis-y-new-skin-resolution-gel-mask-100ml/
B:LAB Perfect Balance Rosehip (7:3) Please Youthful Serum 30ml,Generic/Unlisted,Treat,Face,10750,BuyBetter,https://buybetter.ng/product/b-lab-perfect-balance-rosehip-73-youthful-serum-30m/
BABY ORGANIC -Fair Child (Oat and Soya Milk) Kids Body Lotion 500ml,Generic/Unlisted,Moisturize,Body,9460,BuyBetter,https://buybetter.ng/product/baby-organic-fair-child-oat-soya-milk-kids-body-lotion-500ml/
BABY ORGANIC -Fair Child (rice milk and pearl) Kids Body Lotion 500ml,Generic/Unlisted,Moisturize,Body,9460,BuyBetter,https://buybetter.ng/product/baby-organic-fair-child-rice-milk-pearl-kids-body-lotion-500ml/
BABY ORGANICS Fair Child (Apple And Honey) Kids Shower Milk 1000ml,Generic/Unlisted,Uncategorized,Body,9460,BuyBetter,https://buybetter.ng/product/baby-organics-fair-child-apple-and-honey-kids-shower-milk-1000ml/
BABY ORGANICS Fair Child (Milk And Banana) Kids Shower Milk 1000ml,Generic/Unlisted,Uncategorized,Body,9460,BuyBetter,https://buybetter.ng/product/baby-organic-fair-child-milk-banana-kids-shower-milk-1000ml/
BABY SECRET Amino Acid Mummy Love Baby (Head To Toe) OIL 120ML,Generic/Unlisted,Treat,Face,3440,BuyBetter,https://buybetter.ng/product/baby-secret-amino-acid-mummy-love-baby-oil-120ml/
BALANCE Active Formula Alpha Arbutin Corrective Serum Anti Pigmentation 30ml,Generic/Unlisted,Treat,Face,11879,BuyBetter,https://buybetter.ng/product/balance-active-formula-alpha-arbutin-corrective-serum-anti-pigmentation-30ml/
BALANCE Active Formula Ceramides Barrier Fluid Protect SPF50++ 50ml,Generic/Unlisted,Protect,Face,13450,BuyBetter,https://buybetter.ng/product/balance-active-formula-ceramides-barrier-fluid-spf50-50ml/
BALANCE AHA 10% BHA 2% (Resurface And Brighten) 30ml,Generic/Unlisted,Treat,Face,8400,BuyBetter,https://buybetter.ng/product/balance-aha-10-bha-2-resurface-and-brighten-30ml/
BALANCE Dragon’s Blood (Lift And Firm) Instant Eye Lift Balm 15ml,Generic/Unlisted,Moisturize,Eye Care,9000,BuyBetter,https://buybetter.ng/product/balance-dragons-blood-lift-firm-instant-eye-lift-balm-15ml/
BALANCE GLYCOLIC ACID (Resurface And Brighten) Exfoliating Toner 200ml,Generic/Unlisted,Treat,Face,9200,BuyBetter,https://buybetter.ng/product/balance-glycolic-acid-resurface-brighten-exfoliating-toner-200ml/
BALANCE GOLD + MARINE COLLAGEN REJUVENATING SERUM 30ml,Generic/Unlisted,Treat,Face,8400,BuyBetter,https://buybetter.ng/product/balance-gold-marine-collagen-rejuvenating-serum-30ml/
BALANCE Salicylic Acid + Zinc Clarifying Toner 7.039 oz 200ml,Generic/Unlisted,Treat,Face,8400,BuyBetter,https://buybetter.ng/product/balance-salicylic-acid-zinc-clarifying-toner-7-039-oz-200ml/
BALANCE Snake Venom (Anti-ageing) Wrinkle Freeze Serum 30ml,Generic/Unlisted,Treat,Face,10000,BuyBetter,https://buybetter.ng/product/balance-snake-venom-anti-ageing-wrinke-freeze-serum-30ml/
BALANCE Snake Venom (Anti-aging) Eye Cream 15ml,Generic/Unlisted,Moisturize,Eye Care,9000,BuyBetter,https://buybetter.ng/product/balance-snake-venom-anti-aging-eye-cream-15ml/
BASIC ROUTINE COMBO,Generic/Unlisted,Uncategorized,Face,20658,BuyBetter,https://buybetter.ng/product/basic-routine-combo/
BEAUTY FORMULAS (Vitamin A + Retinol) Smoothing Body Lotion 500ml,Generic/Unlisted,Treat,Body,8063,BuyBetter,https://buybetter.ng/product/beauty-formulas-vitamin-a-retinol-smoothing-body-lotion-500ml/
BEAUTY FORMULAS (Vitamin A + Retinol) Smoothing Body Wash 750ml,Generic/Unlisted,Cleanse,Body,8063,BuyBetter,https://buybetter.ng/product/beauty-formulas-vitamin-a-retinol-smoothing-body-wash-750ml/
BEAUTY FORMULAS Active Charcoal Facial Wipes,Generic/Unlisted,Cleanse,Face,2903,BuyBetter,https://buybetter.ng/product/beauty-formulas-active-charcoal-facial-wipes/
BEAUTY FORMULAS Argan Oil Cleansing Facial Wipes 30 Wipes,Generic/Unlisted,Cleanse,Face,2903,BuyBetter,https://buybetter.ng/product/beauty-formulas-argan-oil-cleansing-facial-wipes-30-wipes/
BEAUTY FORMULAS Ceramides Recharging Toner 150ml,Generic/Unlisted,Treat,Face,4300,BuyBetter,https://buybetter.ng/product/beauty-formulas-ceramides-recharging-toner-150ml/
BEAUTY FORMULAS Foaming (Aloe vera) Make-Up Remover Wipes 30pcs,Generic/Unlisted,Cleanse,Face,2903,BuyBetter,https://buybetter.ng/product/beauty-formulas-foaming-aloe-vera-make-up-remover-wipes-30pcs/
BEAUTY FORMULAS Gentle Soft Apricot Cleansing Facial Wipes 30pcs,Generic/Unlisted,Cleanse,Face,2903,BuyBetter,https://buybetter.ng/product/beauty-formulas-gentle-soft-apricot-cleansing-facial-wipes-30pcs/
BEAUTY FORMULAS Ginger And Turmeric SUPERFOOD Facial Scrub 4.9 oz 150ml,Generic/Unlisted,Cleanse,Lip Care,3225,BuyBetter,https://buybetter.ng/product/beauty-formulas-ginger-turmeric-superfood-facial-scrub-4-9-oz-150ml/
BEAUTY FORMULAS Glowing Serum 2% Vitamin C 30ml,Generic/Unlisted,Treat,Face,3118,BuyBetter,https://buybetter.ng/product/beauty-formulas-vitamin-c-serum-30ml/
BEAUTY FORMULAS Micellar Cleansing Facial Wipes,Generic/Unlisted,Cleanse,Face,2903,BuyBetter,https://buybetter.ng/product/beauty-formulas-micellar-cleansing-facial-wipes/
BEAUTY FORMULAS Moisture Serum1% Hyaluronic Acid 30ml,Generic/Unlisted,Treat,Face,3118,BuyBetter,https://buybetter.ng/product/beauty-formulas-hyaluronic-acid-1-serum-30ml/
BEAUTY FORMULAS Moisturizing Hair Removal Cream (Rose Flower Oil) 100ml,Generic/Unlisted,Other,Hair Care,4676,BuyBetter,https://buybetter.ng/product/beauty-formulas-hair-removal-cream-100ml/
BEAUTY FORMULAS Moisturizing Hair Removal Cream (Shea Butter) 100ml,Generic/Unlisted,Other,Hair Care,4676,BuyBetter,https://buybetter.ng/product/beauty-formulas-moisturising-hair-removal-cream-shea-butter-100ml/
BEAUTY FORMULAS Moisturizing Hair Removal Cream (Watermelon Extract And Oat) 100ml,Generic/Unlisted,Other,Hair Care,4676.25,BuyBetter,https://buybetter.ng/product/beauty-formulas-moisturising-hair-removal-cream-water-melon-extract-oat-100ml/
BEAUTY OF JOSEON Ginseng Essence Water 150ml,Beauty of Joseon,Treat,Face,13760,BuyBetter,https://buybetter.ng/product/beauty-of-joseon-ginseng-essence-water-150ml/
BEAUTY OF JOSEON Glow Serum (Propolis + Niacinamide) 30ml,Beauty of Joseon,Treat,Face,13438,BuyBetter,https://buybetter.ng/product/beauty-of-joseon-glow-serum-propolis-niacinamide-30ml/
BEAUTY OF JOSEON Matte Sun Stick: Mugwort + Camelia SPF50+ 18gX2,Beauty of Joseon,Protect,Face,30000,BuyBetter,https://buybetter.ng/product/beauty-of-joseon-matte-sun-stick-mugwort-camelia-spf50-18g/
BEAUTY OF JOSEON Revive Eye Serum (Ginseng + Retinal) 30ml,Beauty of Joseon,Treat,Eye Care,13330,BuyBetter,https://buybetter.ng/product/beauty-of-joseon-revive-eye-serum-ginseng-retinal-30ml/
BEAUTY OF JOSEON Revive Serum (Ginseng + Snail Mucin) 30ml,Beauty of Joseon,Treat,Face,13330,BuyBetter,https://buybetter.ng/product/beauty-of-joseon-revive-serum-ginseng-snail-mucin/
BEESLINE APITHERAPHY Anti-Wrinkle And Radiant Serum 30ml,Generic/Unlisted,Treat,Face,15587.5,BuyBetter,https://buybetter.ng/product/beesline-anti-wrinkle-radiance-serum-niacinamide-30ml/
BEESLINE APITHERAPHY Sebum Control Balancing Serum 30ml,Generic/Unlisted,Treat,Face,15587.5,BuyBetter,https://buybetter.ng/product/beesline-sebum-control-balancing-serum-30ml/
BEESLINE APITHERAPHY Super Hydrating Serum 30ml,Generic/Unlisted,Treat,Face,15587.5,BuyBetter,https://buybetter.ng/product/beesline-super-hydrating-serum-hyaluronic-30ml/
BEESLINE APITHERAPHY Underarm Serum (Jouri Rose) 150ml,Generic/Unlisted,Treat,Body,9138,BuyBetter,https://buybetter.ng/product/beesline-apitheraphy-radiant-bright-underarm-serum-150ml/
BEESLINE APITHERAPHY Unifying Brightening Serum 30ml,Generic/Unlisted,Treat,Face,16125,BuyBetter,https://buybetter.ng/product/beesline-unifying-brightening-serum-vitamin-c-30ml/
BEESLINE APITHERAPY -Whitening ROLL-ON DEODORANT-(PACIFIC ISLANDS) 50ml,Generic/Unlisted,Uncategorized,Body,6450,BuyBetter,https://buybetter.ng/product/beesline-apitherapy-whitening-roll-on-deodorant-pacific-islands/
BEESLINE APITHERAPY DEO Whitening (INVISIBLE TOUCH) 72Hr Anti-Perspirant Can Spray 150ml,Generic/Unlisted,Uncategorized,Face,6450,BuyBetter,https://buybetter.ng/product/beesline-apitherapy-deo-whitening-invisible-touch-72hr-anti-perspirant-can-spray-150ml/
BEESLINE APITHERAPY DEO Whitening (SPORT PULSE) 72Hr Anti-Perspirant Can Spray 150ml,Generic/Unlisted,Uncategorized,Face,6450,BuyBetter,https://buybetter.ng/product/beesline-apitherapy-deo-whitening-sport-pulse-72hr-anti-perspirant-can-spray-150ml/
BEESLINE APITHERAPY Whitening ROLL-ON DEODORANT (ARABIAN OUD) 50ml,Generic/Unlisted,Uncategorized,Body,6450,BuyBetter,https://buybetter.ng/product/beesline-apitherapy-whitening-roll-on-deodorant-arabian-oud-50ml/
BEESLINE APITHERAPY Whitening ROLL-ON DEODORANT (BEAUTY PEARL) 48hr Anti-Perspirant 50ml,Generic/Unlisted,Uncategorized,Body,6450,BuyBetter,https://buybetter.ng/product/beesline-apitherapy-whitening-roll-on-deodorant-beauty-pearl-48hr-anti-perspirant-50ml/
BEESLINE APITHERAPY Whitening ROLL-ON DEODORANT (COOL BREEZE) 50ml,Generic/Unlisted,Uncategorized,Body,6450,BuyBetter,https://buybetter.ng/product/beesline-whitening-roll-on-deodorant-cool-breez-50ml/
BEESLINE APITHERAPY Whitening ROLL-ON DEODORANT (ELDER ROSE) 48hr Anti-Perspirant 50ml,Generic/Unlisted,Uncategorized,Body,6450,BuyBetter,https://buybetter.ng/product/beesline-whitening-roll-on-deodorant-elder-rose-50ml/
BEESLINE APITHERAPY Whitening ROLL-ON DEODORANT (INVINCIBLE TOUCH) 50ml,Generic/Unlisted,Uncategorized,Body,6450,BuyBetter,https://buybetter.ng/product/beesline-apitherapy-whitening-roll-on-deodorant-invisible-touch-50ml/
BEESLINE APITHERAPY Whitening ROLL-ON DEODORANT (SPORT PULSE) 50ml,Generic/Unlisted,Uncategorized,Body,6450,BuyBetter,https://buybetter.ng/product/beesline-apitherapy-whitening-roll-on-deodorant-sport-pulse-50ml/
BEESLINE APITHERAPY Whitening Sensitive Zone (Sensi Fresh) 150ml,Generic/Unlisted,Uncategorized,Face,6450,BuyBetter,https://buybetter.ng/product/beesline-apitherapy-whitening-sensitive-zone-sensi-fresh-150ml/
BEESLINE Lip Care (Coolips) 4g,Generic/Unlisted,Uncategorized,Lip Care,5644,BuyBetter,https://buybetter.ng/product/beesline-lip-care-coolips-4g/
BEESLINE Lip Care (Flavor Free) 4g,Generic/Unlisted,Uncategorized,Lip Care,5644,BuyBetter,https://buybetter.ng/product/beesline-lip-care-flavour-free-4g/
BEESLINE Lip Care (Shea Butter And Avocado Oil) 4g,Generic/Unlisted,Moisturize,Lip Care,5644,BuyBetter,https://buybetter.ng/product/beesline-lip-care-shea-butter-and-avocado-oil-4g/
BEESLINE Lip Care (Shimmery Cherry) 4g,Generic/Unlisted,Uncategorized,Lip Care,5644,BuyBetter,https://buybetter.ng/product/beesline-lip-care-shimmery-cherry-4g/
BEESLINE Lip Care (Soothing Jouri Rose) 4g,Generic/Unlisted,Uncategorized,Lip Care,5644,BuyBetter,https://buybetter.ng/product/beesline-lip-care-soothing-jouri-rose-4g-2/
BEESLINE Special Discount Combo,Generic/Unlisted,Uncategorized,Face,32439.2,BuyBetter,https://buybetter.ng/product/beesline-special-discount-combo/
BEESLINE Underarm Serum (Cucumber And Green Tea) 150ml,Generic/Unlisted,Treat,Body,9138,BuyBetter,https://buybetter.ng/product/beesline-underarm-serum-cucumber-and-green-tea-150ml/
BEESLINE Underarm Serum (Instant Bright) 150ml,Generic/Unlisted,Treat,Body,9138,BuyBetter,https://buybetter.ng/product/beesline-underarm-serum-instant-bright-150ml/
BEESLINE Underarm Serum (Powder Soft) 150ml,Generic/Unlisted,Other,Makeup,9138,BuyBetter,https://buybetter.ng/product/beesline-underarm-serum-powder-soft-150ml/
BENTON Honest Cleansing Foam 150g,Benton,Cleanse,Face,9675,BuyBetter,https://buybetter.ng/product/benton-honest-cleansing-foam-5-29-oz-150g/
BENTON Snail Bee Ultimate Eye Cream 30g,Benton,Moisturize,Eye Care,15050,BuyBetter,https://buybetter.ng/product/benton-snail-bee-ultimate-eye-cream-30g/
BIOBALANCE Aknsun Face Cream Mattifying Face Aqua Fusion SPF50+ 40ml,Generic/Unlisted,Protect,Face,15275,BuyBetter,https://buybetter.ng/product/biobalance-aknsun-face-cream-mattifying-face-aqua-fusion-spf50-40ml/
BIOBALANCE Atosense Ultra Restoring Soothing Balm 150ml,Generic/Unlisted,Moisturize,Lip Care,20563,BuyBetter,https://buybetter.ng/product/biobalance-atosense-ultra-restoring-soothing-balm-150ml/
BIOBALANCE Derma Age Rejuvenating Skin Care Cream 55ml,Generic/Unlisted,Protect,Face,11163,BuyBetter,https://buybetter.ng/product/bio-balance-derma-age-rejuvenating-skin-care-cream-55ml/
BIOBALANCE Dermasebum Purifying Facial Cleansing Gel 250ml,Generic/Unlisted,Cleanse,Face,11515,BuyBetter,https://buybetter.ng/product/biobalance-dermasebum-purifying-facial-cleansing-gel-250ml/
BIOBALANCE Dermasebum Purifying Skin Care Cream 55ml,Generic/Unlisted,Moisturize,Face,11163,BuyBetter,https://buybetter.ng/product/biobalance-dermasebum-purifying-skin-care-cream-55ml/
BIOBALANCE Dermasoothe Soothing Facial Cleansing Gel 250ml,Generic/Unlisted,Cleanse,Face,11515,BuyBetter,https://buybetter.ng/product/biobalance-demasoothe-soothing-facial-cleansing-gel-250ml/
BIOBALANCE Dermasoothe Soothing Skin Care Cream 55ml,Generic/Unlisted,Moisturize,Face,11163,BuyBetter,https://buybetter.ng/product/biobalance-dermasoothe-soothing-skin-care-cream-55ml/
BIOBALANCE Hello Clean Deep Brightening Cleansing Balm 100ml,Generic/Unlisted,Cleanse,Lip Care,15275,BuyBetter,https://buybetter.ng/product/biobalance-hello-clean-deep-brightening-cleansing-balm-100ml/
BIOBALANCE Super (AHA PEELING) GLYCOLIC ACID 8% serums 30ML,Generic/Unlisted,Treat,Face,13160,BuyBetter,https://buybetter.ng/product/biobalance-super-aha-peeling-glycolic-acid-8-serums-30ml/
BIOBALANCE Super (PURE VITAMIN C) L-ASCORBIC ACID 10% Serums 30ML,Generic/Unlisted,Treat,Face,13160,BuyBetter,https://buybetter.ng/product/biobalance-super-pure-vitamin-c-l-ascorbic-acid-10-serums-30ml/
BIOBALANCE Super Pure Gel Cream 50ml,Generic/Unlisted,Moisturize,Face,18565,BuyBetter,https://buybetter.ng/product/biobalance-super-pure-gel-cream-50ml/
BIOBALANCE Super Serum Multi Molecular Hyaluronic Acid 30ml,Generic/Unlisted,Treat,Face,13160,BuyBetter,https://buybetter.ng/product/bio-balance-super-serum-multi-molecular-hyaluronic-acid-30ml/
BIODERMA Atoderm Gel Douche (Gentle Cleansing Gel) 200ml,Generic/Unlisted,Cleanse,Face,18200,BuyBetter,https://buybetter.ng/product/bioderma-atoderm-gel-douche-gentle-gleansing-gel-200ml/
BIODERMA Cicabio Baume Lavant Soothing Protective Cleansing Balm 200ml,Generic/Unlisted,Cleanse,Lip Care,21500,BuyBetter,https://buybetter.ng/product/bioderma-cicabio-baume-lavant-soothing-protective-cleansing-balm-200ml/
BIODERMA Pigmentbio Foaming Cream 500ml,Generic/Unlisted,Cleanse,Face,32600,BuyBetter,https://buybetter.ng/product/bioderma-pigmentbio-foaming-cream-500ml/
BIODERMA Sebium Hydra Soothing Cleansing balm 200ml,Generic/Unlisted,Cleanse,Lip Care,16125,BuyBetter,https://buybetter.ng/product/bioderma-sebium-hydra-soothing-cleansing-balm-200ml/
BIODERMA Sebium Kerato ( Anti Blemish Gel Cream) 30ml,Generic/Unlisted,Moisturize,Face,17500,BuyBetter,https://buybetter.ng/product/bioderma-sebium-kerato-anti-blemish-gel-cream-30ml/
BLACK GIRL SPF 30 Sunscreen Lotion 89ml,Generic/Unlisted,Protect,Face,20500,BuyBetter,https://buybetter.ng/product/black-girl-sunscreen-spf-30-lotion-89ml/
BLACK GIRL SPF 50++ Kids Sunscreen Lotion 89ml,Generic/Unlisted,Protect,Face,14500,BuyBetter,https://buybetter.ng/product/black-girl-sunscreen-spf-50-kids-lotion-89ml/
BONDI SANDS Juicy Watermelon SPF50+ Sunscreen Lip Care 0.35 oz 10g,Generic/Unlisted,Protect,Lip Care,8493,BuyBetter,https://buybetter.ng/product/bondi-sands-juicy-watermelon-spf50-sunscreen-lip-care-0-35-oz-10g/
BONDI SANDS Tropical Mango SPF50+ Sunscreen Lip Care 0.35 oz 10g,Generic/Unlisted,Protect,Lip Care,8493,BuyBetter,https://buybetter.ng/product/bondi-sands-tropical-mango-spf50-sunscreen-lip-care-0-35-oz-10g/
BOOTS Collagen Cleansing Balm 100ml,Generic/Unlisted,Cleanse,Lip Care,33863,BuyBetter,https://buybetter.ng/product/boots-collagen-cleansing-balm-100ml/
Boots Derma Care Moisturizing Replenishing Mist 100ml,Generic/Unlisted,Uncategorized,Face,23650,BuyBetter,https://buybetter.ng/product/boots-dermacare-ceramide-replenishing-mist-100ml/
BOOTS Vitamin C brightening Cleansing Gel 6.7 oz 200ml,Generic/Unlisted,Cleanse,Face,15000,BuyBetter,https://buybetter.ng/product/boots-vitamin-c-brightening-cleansing-gel-6-7-oz-200ml/
BOOTS Vitamin C Brightening Day Cream,Generic/Unlisted,Treat,Face,15000,BuyBetter,https://buybetter.ng/product/boots-vitamin-c-brightening-day-cream-spf50-30ml/
BRUT -Deodorant Identity 200ml,Generic/Unlisted,Uncategorized,Body,3978,BuyBetter,https://buybetter.ng/product/brut-deodorant-identity-200ml/
BRUT -Deodorant Musk 200ml,Generic/Unlisted,Uncategorized,Body,3978,BuyBetter,https://buybetter.ng/product/brut-deodorant-musk-200ml/
BRUT -Deodorant Oceans 200ml,Generic/Unlisted,Uncategorized,Body,3978,BuyBetter,https://buybetter.ng/product/brut-deodorant-oceans-200ml/
BuyBetter Branded Gift Boxes (Empty) (BIG),Generic/Unlisted,Uncategorized,Face,4000,BuyBetter,https://buybetter.ng/product/buybetter-branded-gift-boxes-2/
Buybetter Gift Card,Generic/Unlisted,Uncategorized,Face,1000000,BuyBetter,https://buybetter.ng/product/buybetter-gift-card/
CANTU Shea Butter Grow Strong Strenghtening Treatment 173g,Generic/Unlisted,Treat,Face,7848,BuyBetter,https://buybetter.ng/product/cantu-shea-butter-grow-strong-strenghtening-treatment-453g/
CAPE AND COCO Sunflexx Sunscreen Oil Spf 50 100ml,Generic/Unlisted,Protect,Face,15991,BuyBetter,https://buybetter.ng/product/cape-and-coco-sunflexx-sunscreen-oil-spf-50-100ml/
CECRED Moisturizing Deep Conditioner 300ml,Generic/Unlisted,Other,Hair Care,139750,BuyBetter,https://buybetter.ng/product/cecred-moisturising-deep-conditioner-300ml/
CELIMAX -Dual Barrier Skin Wearable Cream 1.69 oz 50ml,Celimax,Moisturize,Face,21000,BuyBetter,https://buybetter.ng/product/celimax-dual-barrier-skin-wearable-cream-50ml/
CELIMAX -Pore + Dark Spot Brightening Serum 30ml,Celimax,Treat,Face,14943,BuyBetter,https://buybetter.ng/product/celimax-pore-dark-spot-brightening-serum-30ml/
CELIMAX -The Real NONI Acne Bubble Cleanser 155ml,Celimax,Cleanse,Face,14728,BuyBetter,https://buybetter.ng/product/celimax-the-real-noni-acne-bubble-cleanser-155ml/
CELIMAX -The Real NONI ENERGY Ampoule 30ml,Celimax,Treat,Face,19350,BuyBetter,https://buybetter.ng/product/celimax-the-real-noni-energy-ampoule-30ml/
CENTRUM Silver Men 50+ 275Tabs,Generic/Unlisted,Uncategorized,Face,53750,BuyBetter,https://buybetter.ng/product/centrum-sliver-men-50-275tab/
CENTRUM Silver Women 50+ 275Tabs,Generic/Unlisted,Uncategorized,Face,53750,BuyBetter,https://buybetter.ng/product/centrum-sliver-women-50-275tab/
CERAVE 2 in 1 Anti Dandruff Hydrating Shampoo And Conditioner 12 oz 355ml,CeraVe,Other,Hair Care,20900,BuyBetter,https://buybetter.ng/product/cerave-2-in-1-anti-dandruff-hydrating-shampoo-and-conditioner-12-oz-355ml/
CERAVE Acne Foaming Cream Cleanser 4% Benzoyl Peroxide 150ml,CeraVe,Cleanse,Face,24000,BuyBetter,https://buybetter.ng/product/cerave-acne-foaming-cream-cleanser-4-benzoyl-peroxide-150ml/
CERAVE Acne Foaming Cream Wash 10% Benzoyl Peroxide 150ml,CeraVe,Cleanse,Face,24000,BuyBetter,https://buybetter.ng/product/cerave-acne-control-cleanser-5-oz-150ml/
CERAVE Baby Healing Ointment 85g,CeraVe,Uncategorized,Face,25500,BuyBetter,https://buybetter.ng/product/cerave-baby-healing-ointment-85g/
CERAVE Baby Moisturizing Cream 8oz 22g,CeraVe,Moisturize,Face,30638,BuyBetter,https://buybetter.ng/product/cerave-baby-moisturizing-cream-8oz-22g/
CERAVE Baby Moisturizing Lotion 16 oz 473ml,CeraVe,Moisturize,Face,20500,BuyBetter,https://buybetter.ng/product/cerave-baby-moisturizing-lotion-16-oz-473ml/
CERAVE Foaming Cleanser Normal and Oily Skin 236 ml,CeraVe,Cleanse,Face,14298,BuyBetter,https://buybetter.ng/product/cerave-foaming-cleanser-daily-face-body-amp-hand-wash-for-normal-to-oily-skin-cleanser-with-niacinamide-236-ml/
CERAVE Foaming Facial Cleanser 355ml (US),CeraVe,Cleanse,Face,24833,BuyBetter,https://buybetter.ng/product/cerave-foaming-facial-cleanser-355ml/
CERAVE Hydrating Facial Cleanser 355ml (US),CeraVe,Cleanse,Face,24833,BuyBetter,https://buybetter.ng/product/cerave-hydrating-facial-cleanser-355ml/
CERAVE Intensive Moisturizing Lotion 5% Hydro Urea 8oz 236ml,CeraVe,Moisturize,Face,30000,BuyBetter,https://buybetter.ng/product/cerave-intensive-moisturizing-lotion-5-hydro-urea-8oz-237ml/
CERAVE Moisturizing Cream With Hyaluronic Acid and Ceramides 340g,CeraVe,Treat,Face,15910,BuyBetter,https://buybetter.ng/product/cerave-moisturizing-cream-body-and-face-moisturizer-for-dry-skin-body-cream-with-hyaluronic-acid-and-ceramides-340g/
CERAVE Moisturizing Lotion Very Dry Skin 473ML,CeraVe,Moisturize,Face,18812.5,BuyBetter,https://buybetter.ng/product/cerave-moisturizing-lotion-daily-face-amp-body-moisturizer-for-dry-to-very-dry-skin-473ml/
CERAVE SA Smoothing Cleanser 236 ml,CeraVe,Cleanse,Face,14212,BuyBetter,https://buybetter.ng/product/cerave-sa-smoothing-cleanser-236-ml/
"CERAVE SA Smoothing Cream | Renewing Salicylic Acid Body Cream for Dry, Rough And Bumpy Skin | 340g",CeraVe,Treat,Body,20210,BuyBetter,https://buybetter.ng/product/cerave-sa-smoothing-cream-renewing-salicylic-acid-body-cream-for-dry-rough-amp-bumpy-skin-340g/
CETAPHIL -Daily Facial Cleanser (Normal to Oily Skin) 591ml,Generic/Unlisted,Cleanse,Face,26338,BuyBetter,https://buybetter.ng/product/cetaphil-daily-facial-cleanser-normal-to-oily-skin-591ml/
CETAPHIL Moisturizing Cream Ultimate 453g (New Look),Generic/Unlisted,Moisturize,Face,18000,BuyBetter,https://buybetter.ng/product/cetaphil-moisturizing-cream-ultimate-453g-new-look/
CETAPHIL Moisturizing Cream Ultimate 566g (New Look),Generic/Unlisted,Moisturize,Face,20500,BuyBetter,https://buybetter.ng/product/cetaphil-moisturing-cream-ultimate-566g-new-look/
CLEAN IT ZERO Cica-Relief Calming Cleansing Balm 100ml,Generic/Unlisted,Cleanse,Lip Care,17200,BuyBetter,https://buybetter.ng/product/clean-it-zero-cica-relief-calming-cleansing-balm-100ml/
CLEAN IT ZERO Ginseng Glow Nourishing Cleansing Balm 100ml,Generic/Unlisted,Cleanse,Lip Care,16985,BuyBetter,https://buybetter.ng/product/clean-it-zero-ginseng-glow-nourishing-cleansing-balm-100ml/
CLEAN IT ZERO Ginseng Tea Tree-EX Cleansing Balm 100ml,Generic/Unlisted,Cleanse,Lip Care,16985,BuyBetter,https://buybetter.ng/product/clean-it-zero-tea-tree-ex-pore-clarifying-cleansing-balm-3-38-oz-100ml/
CONSCIOUS CHEMIST Daily Dissolve Ultra Light Oil Cleanser 130ml,Generic/Unlisted,Cleanse,Face,11610,BuyBetter,https://buybetter.ng/product/conscious-chemist-daily-dissolve-ultra-light-oil-cleanser-130ml/
CONSCIOUS CHEMIST Moisture Melt Multi-Oil Nourishing Body Wash 300ml,Generic/Unlisted,Cleanse,Body,11073,BuyBetter,https://buybetter.ng/product/conscious-chemist-moisture-melt-multi-oil-nourishing-body-wash-300ml/
CONSCIOUS CHEMIST Rapid Relief Acne Spot Corrector Gel 15ml,Generic/Unlisted,Uncategorized,Face,10965,BuyBetter,https://buybetter.ng/product/conscious-chemist-rapid-relief-acne-spot-corrector-gel-15ml/
CONSCIOUS CHEMIST Self Dissolving Acne Clearing Microneedle Patch(8 Patches),Generic/Unlisted,Treat,Face,13438,BuyBetter,https://buybetter.ng/product/conscious-chemist-self-dissolving-acne-clearing-microneedle-patch8-patches/
CONSCIOUS CHEMIST Snail Magic Barrier Repair ALL-IN-ONE Cream 50gm,Generic/Unlisted,Moisturize,Face,10965,BuyBetter,https://buybetter.ng/product/conscious-chemist-snail-magic-barrier-repair-all-in-one-cream-50gm/
CONSCIOUS CHEMIST TRUBIOM (pigmentation corrector cream) 50g,Generic/Unlisted,Moisturize,Face,10015.21,BuyBetter,https://buybetter.ng/product/conscious-chemist-trubiom-pigmentation-corrector-cream-50gm-2/
COS DE BAHA [AL] Alpha Arbutin Licorice Root Extract Serum 30ml,Generic/Unlisted,Treat,Face,12470,BuyBetter,https://buybetter.ng/product/cos-de-baha-al-alpha-arbutin-licorice-root-extract-serum-30ml/
COS DE BAHA [AN] Arbutin Niacinamide 5% Serum 30ml,Generic/Unlisted,Treat,Face,12470,BuyBetter,https://buybetter.ng/product/cos-de-baha-an-arbutin-niacinamide-5-serum-30ml/
COS DE BAHA [AZ] Azelaic Acid 10% Serum 30ml,Generic/Unlisted,Treat,Face,12470,BuyBetter,https://buybetter.ng/product/cos-de-baha-az-azelaic-acid-10-serum-30ml/
COS DE BAHA [AZ15] Azelaic Acid 15 MSM Serum 30ml,Generic/Unlisted,Treat,Face,12470,BuyBetter,https://buybetter.ng/product/cos-de-baha-az15-azelaic-acid-15-msm-serum-30ml/
COS DE BAHA [C1] Ceramide 1% Cream 45ml,Generic/Unlisted,Treat,Face,13900,BuyBetter,https://buybetter.ng/product/cos-de-baha-c1-ceramide-1-cream-45ml/
COS DE BAHA [HB] Hydroquinone Brightening Serum 30ml,Generic/Unlisted,Treat,Face,12470,BuyBetter,https://buybetter.ng/product/cos-de-baha-hb-hydroquinone-brightening-serum-30ml/
COS DE BAHA [T15] Tranexamic Acid 15% Glutathione Serum 30ml,Generic/Unlisted,Treat,Face,12470,BuyBetter,https://buybetter.ng/product/cos-de-baha-t15-tranexamic-acid-15-glutathione-serum-30ml/
COS DE BAHA [TN] Tranexamic Acid Niacinamide 30ml,Generic/Unlisted,Treat,Face,12470,BuyBetter,https://buybetter.ng/product/cos-de-baha-tn-tranexamic-acid-niacinamide-30ml/
COS DE BAHA [TT] Tranexamic Acid 10% Serum,Generic/Unlisted,Treat,Face,12470,BuyBetter,https://buybetter.ng/product/cos-de-baha-tt-tranexamic-acid-10-serum/
COS DE BAHA [VA] Vitamin C 15% Ascorbic Acid Serum 30ml,Generic/Unlisted,Treat,Face,12470,BuyBetter,https://buybetter.ng/product/cos-de-baha-va-vitamin-c-15-ascorbic-acid-serum-30ml/
COS DE BAHA [VM] Vitamin C MSM Serum 30ml,Generic/Unlisted,Treat,Face,12470,BuyBetter,https://buybetter.ng/product/cos-de-baha-vm-vitamin-c-msm-serum-30ml/
COSMO -Whitening Roll-On (Active Sport) Deodorant 48Hr Anti-perspirant 1.69 oz 50ml,Generic/Unlisted,Uncategorized,Body,5053,BuyBetter,https://buybetter.ng/product/cosmo-whitening-roll-on-active-sport-deodorant-48hr-anti-perspirant-1-69-oz-50ml/
COSMO -Whitening Roll-On (Fresh Breeze) Deodorant 48Hr Anti-perspirant 1.69 oz 50ml,Generic/Unlisted,Uncategorized,Body,5053,BuyBetter,https://buybetter.ng/product/cosmo-whitening-roll-on-fresh-breeze-deodorant-48hr-anti-perspirant-1-69-oz-50ml/
COSMO -Whitening Roll-On (Pink Blossom) Deodorant 48Hr Anti-perspirant 1.69 oz 50ml,Generic/Unlisted,Uncategorized,Body,5053,BuyBetter,https://buybetter.ng/product/cosmo-whitening-roll-on-pink-blossom-deodorant-48hr-anti-perspirant-1-69-oz-50ml/
COSRX -Hyaluronic Acid Intensive Cream 100G,COSRX,Treat,Face,14000,BuyBetter,https://buybetter.ng/product/cosrx-hyaluronic-acid-intensive-cream-100g/
COSRX Acne Pimple Master Patch (24 Patches),COSRX,Treat,Face,4945,BuyBetter,https://buybetter.ng/product/cosrx-acne-pimple-master-patch-24-patches/
COSRX Advanced Snail Mucin Gel Cleanser 150ml,COSRX,Cleanse,Face,13975,BuyBetter,https://buybetter.ng/product/cosrx-advanced-snail-mucin-gel-cleanser-150ml/
COSRX Advanced Snail Peptide Eye Cream 25ml,COSRX,Moisturize,Eye Care,16663,BuyBetter,https://buybetter.ng/product/cosrx-advanced-snail-peptide-eye-cream-25ml/
COSRX Advanced Snail Radiance Dual Essence 80ml,COSRX,Treat,Face,20500,BuyBetter,https://buybetter.ng/product/cosrx-advanced-snail-radiance-dual-essence-80ml/
COSRX AHA 7 Whitehead Power Liquid 100ml,COSRX,Treat,Face,11800,BuyBetter,https://buybetter.ng/product/cosrx-aha-7-whitehead-power-liquid-100ml/
COSRX AHA/BHA Clarifying Treatment Toner 100ml,COSRX,Treat,Face,8500,BuyBetter,https://buybetter.ng/product/cosrx-aha-bha-clarifying-treatment-toner-100ml/
COSRX Aloe Soothing Sun Cream SPF 50++ 50ml,COSRX,Protect,Face,11500,BuyBetter,https://buybetter.ng/product/cosrx-aloe-soothing-sun-cream-spf-50-50ml/
COSRX BHA Blackhead Power Liquid 100ml,COSRX,Treat,Face,12000,BuyBetter,https://buybetter.ng/product/cosrx-bha-blackhead-power-liquid-100ml/
COSRX Full Fit Propolis Light Cream 65ml,COSRX,Moisturize,Face,17500,BuyBetter,https://buybetter.ng/product/cosrx-full-fit-propolis-light-cream-65ml-2/
COSRX Full Fit Propolis Synergy Toner 150ml,COSRX,Treat,Face,11000,BuyBetter,https://buybetter.ng/product/cosrx-full-fit-propolis-synergy-toner-150ml/
COSRX Hyaluronic Acid 3 Serum 20ml,COSRX,Treat,Face,14800,BuyBetter,https://buybetter.ng/product/cosrx-hyaluronic-acid-3-serum-20ml/
COSRX HYALURONIC ACID HYDRA POWER ESSENCE 100ML,COSRX,Treat,Face,12900,BuyBetter,https://buybetter.ng/product/cosrx-hyaluronic-hydra-power-essence100ml/
COSRX The Alpha Arbutin 2% Discoloration Care 1.69 oz 50ml,COSRX,Treat,Face,18275,BuyBetter,https://buybetter.ng/product/cosrx-alpha-arbutin-2-discoloration-care-1-69-oz-50ml/
COSRX The Niacinamide 15 Serum 20ml,COSRX,Treat,Face,15600,BuyBetter,https://buybetter.ng/product/cosrx-the-niacinamide-15-serum-20ml-2/
COSRX The Retinol 0.1 Cream 20ml,COSRX,Treat,Face,16985,BuyBetter,https://buybetter.ng/product/cosrx-retinol-01-cream-20ml/
COSRX The Retinol 0.5 Oil 20ml,COSRX,Treat,Face,16800,BuyBetter,https://buybetter.ng/product/cosrx-the-retinol-05-oil-20ml/
CREIGHTONS Salicylic Acid Exfoliating Tonic 200ml,Generic/Unlisted,Treat,Face,6400,BuyBetter,https://buybetter.ng/product/creightons-salicylic-acid-exfoliating-tonic-200ml/
CREIGHTONS Vitamin C Superfruits (2% Bright) Eye Serum 15ml,Generic/Unlisted,Treat,Eye Care,7364,BuyBetter,https://buybetter.ng/product/creightons-vitamin-c-superfruits-2-bright-eye-serum-30ml/
CREIGHTONS Vitamin C Superfruits (2% Hydrate and Glow) Serum 30ml,Generic/Unlisted,Treat,Face,8224,BuyBetter,https://buybetter.ng/product/creightons-vitamin-c-superfruits-2-hydrate-and-glow-serum-30ml/
CREME OF NATURE -Argan oil (Apple Cider Vinegar) Clarifying Rinse 15.5 oz 460ml,Generic/Unlisted,Moisturize,Face,13975,BuyBetter,https://buybetter.ng/product/creme-of-nature-argan-oil-apple-cider-vinegar-clarifying-rinse-15-5-oz-460ml/
Creme of Nature Argan Oil Apple Intensive Conditioning Treatment 354ml,Generic/Unlisted,Treat,Face,11825,BuyBetter,https://buybetter.ng/product/creme-of-nature-argan-oil-intensive-conditioning-treatment-354ml/
CRYSTAL -3D Strong Whitening Cleansing (cool mint) Charcoal Toothpaste 130g,Generic/Unlisted,Cleanse,Face,3440,BuyBetter,https://buybetter.ng/product/crystal-3d-strong-whitening-cleansing-cool-mint-charcoal-toothpaste-130g/
DAISE HAPPY -Grape and Amber Fragrance Body Mist 3.38 oz 100ml,Generic/Unlisted,Uncategorized,Body,19028,BuyBetter,https://buybetter.ng/product/daise-happy-grape-and-amber-fragrance-body-mist-3-38-oz-100ml/
DANG -Exfoliating And Moisturizing Shower Gel 450ml (EXOTIC FRUITS),Generic/Unlisted,Uncategorized,Body,17925,BuyBetter,https://buybetter.ng/product/dang-exfoliating-and-moistrizing-shower-gel-450ml-exotic-fruits/
DEAR BOO Brightening Vita C Hyaluronic Cream 50ml,Generic/Unlisted,Moisturize,Face,13975,BuyBetter,https://buybetter.ng/product/dear-boo-brightening-vita-c-hyaluronic-cream-50ml/
DEAR BOO Brightening Vita C Hyaluronic Serum 60ml,Generic/Unlisted,Treat,Face,14083,BuyBetter,https://buybetter.ng/product/dearboo-brightening-vita-c-hyaluronic-serum-60ml/
DEAR BOO Brightening Vita C Hyaluronic Toner 150ml,Generic/Unlisted,Treat,Face,14190,BuyBetter,https://buybetter.ng/product/dearboo-brightening-vita-c-hyaluronic-toner-150ml/
DEAR BOO Dark Spot Care Vita C Cream 80g,Generic/Unlisted,Moisturize,Face,14620,BuyBetter,https://buybetter.ng/product/dearboo-dark-spot-care-vita-c-cream-80g/
DEAR BOO Dark Spot Care Vita C Serum 100ml,Generic/Unlisted,Treat,Face,13975,BuyBetter,https://buybetter.ng/product/dearboo-dark-spot-care-vita-c-serum-100ml/
DEAR BOO Dark Spot Care Vita C Toner 250ml,Generic/Unlisted,Treat,Face,14728,BuyBetter,https://buybetter.ng/product/dearboo-dark-spot-care-vita-c-toner-250ml/
DEAR BOO Glass Skin Snail Mucin Cream 80g,Generic/Unlisted,Moisturize,Face,14620,BuyBetter,https://buybetter.ng/product/dear-boo-glass-skin-snail-mucin-cream-80g/
DEAR BOO Glass Skin Snail Mucin serum 100ml,Generic/Unlisted,Treat,Face,13545,BuyBetter,https://buybetter.ng/product/dear-boo-glass-skin-snail-mucin-serum-100ml/
DEAR BOO Rejuvenating Retinol And Hyaluronic Night Toner 150ml,Generic/Unlisted,Protect,Face,14083,BuyBetter,https://buybetter.ng/product/dearboo-rejuvenating-retinol-hyaluronic-night-toner-150ml/
DEMELAN+ Cream 20g,Generic/Unlisted,Moisturize,Face,8400,BuyBetter,https://buybetter.ng/product/demelan-cream-20g/
DERMA 55 -Vitamin C + Turmeric Body Treatment Cream 15.2 oz 450ml,Generic/Unlisted,Treat,Body,7500,BuyBetter,https://buybetter.ng/product/derma-vitamin-c-turmeric-cream/
DERMAREST Eczema Medicated Lotion 4FL OZ 118ML,Generic/Unlisted,Moisturize,Face,16800,BuyBetter,https://buybetter.ng/product/dermarest-eczema-medicated-lotion-4fl-oz-118ml/
DIFFERIN -Cleanse Daily Oil Free Hydrating Cleanser 177ml,Generic/Unlisted,Cleanse,Face,19700,BuyBetter,https://buybetter.ng/product/differin-daily-oil-free-hydrating-cleanser-177ml/
DISAAR -(Argan Oil Whitening Moisturizing) Oil 100ml,Generic/Unlisted,Moisturize,Face,2688,BuyBetter,https://buybetter.ng/product/disaar-argan-oil-whitening-moisturizing-oil-100ml/
DISAAR -Almond Oil (Whitening and Moisturizing Oil)100ml,Generic/Unlisted,Moisturize,Face,2688,BuyBetter,https://buybetter.ng/product/disaar-almond-oil-whitening-and-moisturizing-oil-100ml/
DISAAR -Carrot Miracle (Whitening and Moisturizing Oil) 100ml,Generic/Unlisted,Moisturize,Face,2688,BuyBetter,https://buybetter.ng/product/disaar-carrot-miracle-100ml/
DISAAR -Coconut (Whitening and Moisturizing) Oil 100ml,Generic/Unlisted,Moisturize,Face,2688,BuyBetter,https://buybetter.ng/product/disaar-coconut-oil-whitening-and-moisturizing-oil-100ml/
DISAAR -Jojoba Oil (Whitening and Moisturizing Oil) 100ml,Generic/Unlisted,Moisturize,Face,2688,BuyBetter,https://buybetter.ng/product/disaar-jojoba-oil/
DISAAR -Papaya Miracle (Whitening Moisturizing Oil) 100ml,Generic/Unlisted,Moisturize,Face,2688,BuyBetter,https://buybetter.ng/product/disaar-papaya-miracle-whitening-moisturizing-oil-100ml/
DISAAR -Vitamin C Skin Brightening Body Lotion 480ml,Generic/Unlisted,Treat,Body,4891,BuyBetter,https://buybetter.ng/product/disaar-vitamin-c-skin-brightening-body-lotion-480ml/
DISAAR (Cocoa Deep Moisturizing) Body oil gel 200ml,Generic/Unlisted,Moisturize,Body,4461,BuyBetter,https://buybetter.ng/product/disaar-cocoa-deep-moisturizing-body-oil-gel-200ml-2/
DOVE -Sugar Cookie Sprinkle Antiperspirant 74g,Generic/Unlisted,Uncategorized,Face,20318,BuyBetter,https://buybetter.ng/product/dove-sugar-cookie-sprinkle-antiperspirant-74g/
DOVE Acne Clear Body Wash 547ml,Generic/Unlisted,Cleanse,Body,22600,BuyBetter,https://buybetter.ng/product/dove-acne-clear-3-body-wash-547ml/
DOVE CALMING MOISTURE 3% Body Wash 547ml,Generic/Unlisted,Cleanse,Body,22600,BuyBetter,https://buybetter.ng/product/dove-calming-moisture-3-body-wash-547ml/
DOVE GLOW RECHARGE 3% Body Wash 547ml,Generic/Unlisted,Cleanse,Body,22600,BuyBetter,https://buybetter.ng/product/dove-glow-recharge-3-542ml/
DOVE HYDRATION BOOST 6% Body Wash 547ml,Generic/Unlisted,Cleanse,Body,22600,BuyBetter,https://buybetter.ng/product/dove-hydration-boost-6-body-wash-547ml/
DOVE MELANIN EVEN TONE 5% Body Wash 547ml,Generic/Unlisted,Cleanse,Body,22600,BuyBetter,https://buybetter.ng/product/dove-melanin-even-tone-5-body-wash-547ml/
DOVE MELANIN RADIANCE 5% Body Wash 547ml,Generic/Unlisted,Cleanse,Body,22600,BuyBetter,https://buybetter.ng/product/dove-melanin-radiance-5-body-wash-547ml/
DOVE SKIN REPLENISH 2% Body Wash 547ml,Generic/Unlisted,Cleanse,Body,22600,BuyBetter,https://buybetter.ng/product/dove-skin-replenish-2-body-wash-547ml/
DOVE SOOTHING RELIEF 5% Body Wash 547ml,Generic/Unlisted,Cleanse,Body,22600,BuyBetter,https://buybetter.ng/product/dove-soothing-relief-5-body-wash-547ml/
DOVE VITALITY RENEWAL 4% Body Wash 547ml,Generic/Unlisted,Cleanse,Body,22600,BuyBetter,https://buybetter.ng/product/dove-vitality-renewal-4-body-wash-547ml/
DR ALTHEA 0.1% Gentle Retinol Serum 30ml,Generic/Unlisted,Treat,Face,15271,BuyBetter,https://buybetter.ng/product/dr-althea-0-1-gentle-retionl-serum-30ml/
DR ALTHEA 345 Relief Cream 50ml,Generic/Unlisted,Moisturize,Face,18000,BuyBetter,https://buybetter.ng/product/dr-althea-345-relief-cream-50ml/
DR ALTHEA 345 Relief Cream Mist 100ml,Generic/Unlisted,Moisturize,Face,15050,BuyBetter,https://buybetter.ng/product/dr-althea-345-relief-cream-mist-100ml/
DR ALTHEA Melaclear Cream 30ml,Generic/Unlisted,Moisturize,Face,16663,BuyBetter,https://buybetter.ng/product/dr-althea-melaclear-cream-30ml/
DR ALTHEA Natural Radiance Essence 30ml,Generic/Unlisted,Treat,Face,11825,BuyBetter,https://buybetter.ng/product/dr-althea-natural-radiance-essence-30ml/
DR ALTHEA PDRN Reju 5000 Cream 30ml,Generic/Unlisted,Moisturize,Face,18060,BuyBetter,https://buybetter.ng/product/dr-althea-pdrn-reju-5000-cream-30ml/
DR CEURACLE -Royl Vital Propolis Anti-Oxidant mask 1.01 oz 30 ml,Generic/Unlisted,Treat,Face,5160,BuyBetter,https://buybetter.ng/product/dr-ceuracle-royal-vital-propolis-anti-oxidant-mask-1-01-oz-30-ml/
DR JART+ Cryo Rubber Moisture Mask Masque Hydratant,Generic/Unlisted,Treat,Face,13223,BuyBetter,https://buybetter.ng/product/dr-jart-cryo-rubber-moisture-mask-masque-hydratant/
DR MEINAIER Sugar Scrub (AHA Intensive AHA) 650g,Generic/Unlisted,Cleanse,Lip Care,3900,BuyBetter,https://buybetter.ng/product/dr-meinaier-sugar-scrub-aha-intesive-aha-650g/
DR RASHEL -Vitamin C Brightening Face cream 50g,Generic/Unlisted,Treat,Face,3763,BuyBetter,https://buybetter.ng/product/dr-rashel-vitamin-c-brightening-face-cream-50g/
DR TEALS (Calm Your Mind) Body Wash 34 oz 1000ml,Generic/Unlisted,Cleanse,Body,9900,BuyBetter,https://buybetter.ng/product/dr-teals-calm-your-mind-body-wash-34-oz-1000ml/
DR TEALS (Glow and Hydrate) Body Wash 34 oz 1000ml,Generic/Unlisted,Cleanse,Body,9900,BuyBetter,https://buybetter.ng/product/dr-teals-glow-and-hydrate-body-wash-34-oz-1000ml/
DR TEALS (Prebiotic Lemon Balm) Body Lotion Moisture Oil 532ml,Generic/Unlisted,Moisturize,Body,7848,BuyBetter,https://buybetter.ng/product/dr-teals-body-lotion-prebiotic-lemon-balm/
DR TEALS (Prebiotic Lemon Balm) Body Wash 34 oz 1000ml,Generic/Unlisted,Cleanse,Body,9900,BuyBetter,https://buybetter.ng/product/dr-teals-prebiotic-lemon-balm-body-wash-34-oz-1000ml/
DR TEALS (Vitamin C And Citrus) Body Lotion with Essential oil 532ml,Generic/Unlisted,Treat,Body,7848,BuyBetter,https://buybetter.ng/product/dr-teals-body-lotion-with-vitamin-c-532ml/
DR TEALS Aluminium Free Deodorant Magnesium(Lavender Vanilla),Generic/Unlisted,Uncategorized,Body,7200,BuyBetter,https://buybetter.ng/product/dr-teals-aluminium-free-deodorant-magnesiumlavender-vanilla/
DR TEALS Aluminum Free Deodorant Rose And Milk And Essential Oils 75G,Generic/Unlisted,Moisturize,Body,7200,BuyBetter,https://buybetter.ng/product/dr-teals-aluminum-free-deodorant-rose-milk-essential-oils-75g/
DR TEALS COLLAGEN + RADIANT SKIN (Coconut Milk And Almond Milk) Milk Bath 946ml,Generic/Unlisted,Uncategorized,Face,20425,BuyBetter,https://buybetter.ng/product/dr-teals-coconut-milk-and-almond-milk-bath/
DR TEALS Foaming Bath (Glow And Radiance)1000ml,Generic/Unlisted,Cleanse,Face,9900,BuyBetter,https://buybetter.ng/product/dr-teals-foaming-bath-glow-radiance1000ml/
DR TEALS Foaming Bath (Pomegranate And Black Currant)1000ml,Generic/Unlisted,Cleanse,Face,9900,BuyBetter,https://buybetter.ng/product/dr-teals-foaming-bath-pomegranate-black-currant1000ml/
"DR TEALS KIDS (Elderberry Bath And Vitamin C) Bubble Bath, Body Wash And Shampoo 591ml",Generic/Unlisted,Other,Hair Care,7471,BuyBetter,https://buybetter.ng/product/dr-teals-kids-elderberry-bath-vitamin-c-bubble-bath-body-wash-shampoo-591ml/
"DR TEALS KIDS (Oat And Milk) Bubble Bath, Body Wash And Shampoo 591ml",Generic/Unlisted,Other,Hair Care,7471,BuyBetter,https://buybetter.ng/product/dr-teals-kids-oat-milk-bubble-bath-body-wash-shampoo-591ml/
"DR TEALS KIDS (SLEEP BATH) Bubble Bath, Body Wash And Shampoo 591ml",Generic/Unlisted,Other,Hair Care,7471,BuyBetter,https://buybetter.ng/product/dr-teals-kids-sleep-bath-bubble-bath-body-wash-shampoo-591ml/
DR TEALS Moisturizing (SLEEP BLEND) bath and Body Oil 260ml,Generic/Unlisted,Moisturize,Body,7900,BuyBetter,https://buybetter.ng/product/dr-teals-moisturizing-sleep-blend-bath-and-body-oil-260ml/
DR TEALS Shea Sugar Scrub (Citrus Essential Oils With Vitamin C) 538g,Generic/Unlisted,Cleanse,Lip Care,11288,BuyBetter,https://buybetter.ng/product/dr-teals-shea-sugar-scrub-with-vitamin-c-538g/
DR TEALS Shea Sugar Scrub (Prebiotic Lemon Balm) 538g,Generic/Unlisted,Cleanse,Lip Care,11200,BuyBetter,https://buybetter.ng/product/dr-teals-shea-sugar-prebiotic-lemon-balm-body-scrub-538g/
DR TEALS Stress Relief Foaming Bath 1000ml,Generic/Unlisted,Cleanse,Face,9900,BuyBetter,https://buybetter.ng/product/dr-teals-stress-relief-foaming-bath-1000ml/
DRY SKIN ROUTINE COMBO,Generic/Unlisted,Uncategorized,Face,32495,BuyBetter,https://buybetter.ng/product/dry-skin-routine-combo/
E45 Moisturizing Cream 350g,Generic/Unlisted,Moisturize,Face,11825,BuyBetter,https://buybetter.ng/product/e45-moisturizing-cream/
E45 Moisturizing Lotion 500ML,Generic/Unlisted,Moisturize,Face,10428,BuyBetter,https://buybetter.ng/product/e45-moisturizing-lotion-500ml/
EBUNDERMA BP5 (5% Benzoyl Peroxide + Glycerin) Leave on Gel 50ml,Generic/Unlisted,Uncategorized,Face,14996,BuyBetter,https://buybetter.ng/product/ebunderma-bp5-5-benzoyl-peroxide-glycerin-leave-on-gel-50ml/
EBUNDERMA BP5 Cleanser 100ml,Generic/Unlisted,Cleanse,Face,19941,BuyBetter,https://buybetter.ng/product/ebunderma-bp5-cleanser-100ml/
EBUNDERMA Fader 30ml,Generic/Unlisted,Uncategorized,Face,26875,BuyBetter,https://buybetter.ng/product/ebunderma-fader-plus-30ml/
EBUNDERMA GS 5.2 Acne Prone,Generic/Unlisted,Uncategorized,Face,19995,BuyBetter,https://buybetter.ng/product/ebunderma-gs-5-2-acne-prone/
EBUNDERMA UNCLOG Facial Toner 120ml,Generic/Unlisted,Treat,Face,44989,BuyBetter,https://buybetter.ng/product/ebunderma-unclog-facial-toner-120ml/
EFAMOL Pure Evening Primrose Oil 1000MG x 30Caps,Generic/Unlisted,Moisturize,Face,19000,BuyBetter,https://buybetter.ng/product/efamol-pure-evening-primrose-oil-1000mg-x-30/
EFAMOL Pure Evening Primrose Oil 500MG x 90Caps,Generic/Unlisted,Moisturize,Face,26875,BuyBetter,https://buybetter.ng/product/efamol-pure-evening-primrose-oil-500mg-x-90/
ELF Holy Hydration SPF 30 Broad Spectrum Sunscreen Face Cream 50g,Generic/Unlisted,Protect,Face,31121,BuyBetter,https://buybetter.ng/product/elf-holy-hydration-spf-30-broad-spectrum-sunscreen-face-cream-50g/
ELF Youth Boosting Advanced Light Retinol Serum 29.5ml,Generic/Unlisted,Treat,Face,43800,BuyBetter,https://buybetter.ng/product/elf-youth-boosting-advanced-light-retinol-serum-29-5ml/
ELMO Baby Orajel Tooth And Gum Cleanser – 1.0oz (VERTICAL WITH FINGER BRUSH) (Single),Generic/Unlisted,Cleanse,Face,8250,BuyBetter,https://buybetter.ng/product/elmo-baby-orajel-tooth-gum-cleanser-1-0oz-vertical-with-finger-brush-single/
ELMO Baby Orajel Tooth And Gum Cleanser – 1.0oz (WITH TOOTHBRUSH) (Single),Generic/Unlisted,Cleanse,Face,8250,BuyBetter,https://buybetter.ng/product/elmo-baby-orajel-tooth-gum-cleanser-1-0oz-cocomelon-with-toothbrush-single/
ELTA MD Skincare UV Daily Broad-Spectrum SPF 40 48g,Generic/Unlisted,Protect,Face,62500,BuyBetter,https://buybetter.ng/product/elta-md-skincare-uv-daily-broad-spectrum-48g/
EOS 24h Moisture (Vanilla Bliss) Shave Cream 207ml,Generic/Unlisted,Moisturize,Face,23650,BuyBetter,https://buybetter.ng/product/eos-evolution-of-smooth-24h-moisture-vanilla-bliss-shave-cream-207ml/
EOS Cashmere Body Wash Fresh And Cozy 16oz/473ml,Generic/Unlisted,Cleanse,Body,19135,BuyBetter,https://buybetter.ng/product/eos-shea-better-cashmere-fresh-cozy-body-wash-473ml/
EOS Cashmere Shave Oil Fresh And cozy 177ml,Generic/Unlisted,Moisturize,Face,20425,BuyBetter,https://buybetter.ng/product/eos-evolution-of-smooth-cashmere-shave-oil-fresh-cozy-177ml/
EOS Evolution Of smooth Cashmere Body Wash Coconut Water 16oz/473ml,Generic/Unlisted,Cleanse,Body,19000,BuyBetter,https://buybetter.ng/product/eos-shea-better-cashmere-body-wash-coconut-waters-16-oz/
EOS Evolution Of smooth Cashmere Body Wash Vanilla Cashmere 16oz/473ml,Generic/Unlisted,Cleanse,Body,19000,BuyBetter,https://buybetter.ng/product/byoma-creamy-jelly-face-cleanser-unscented/
EOS PINK CHAMPAGNE Shave Oil 177ml,Generic/Unlisted,Moisturize,Face,19000,BuyBetter,https://buybetter.ng/product/eos-evolution-of-smooth-pink-champagne-body-oil-177ml/
EOS Shea Better 24H Moisture (Coconut Waters) Lotion 473ml,Generic/Unlisted,Moisturize,Face,18150,BuyBetter,https://buybetter.ng/product/eos-shea-better-24h-moisture-coconut-waters-lotion-473ml-2/
EOS Shea Better 24H Moisture (Fresh + Cozy) Lotion 473ml,Generic/Unlisted,Moisturize,Face,18150,BuyBetter,https://buybetter.ng/product/eos-shea-better-24h-moisture-fresh-cozy-lotion-473ml-2/
EOS Shea Better 24H Moisture (Pomegranate Raspberry) Lotion 473ml,Generic/Unlisted,Moisturize,Face,18150,BuyBetter,https://buybetter.ng/product/eos-shea-better-24h-moisture-pomegranate-raspberry-lotion-473ml-2/
EOS Shea Better Cashmere (Pink Champagne) Body Wash 473ml,Generic/Unlisted,Cleanse,Body,19000,BuyBetter,https://buybetter.ng/product/eos-shea-better-cashmere-body-wash-pink-champagne-16-oz/
EOS Shea Butter 24H Moisture (Jasmine Peach) Lotion 473ml,Generic/Unlisted,Moisturize,Face,18150,BuyBetter,https://buybetter.ng/product/eos-shea-better-24h-moisture-jasmine-peach-lotion-473ml-2/
EQQUALBERRY – Purple Rice Pore Smoothng Cleansing Oil 200ml,Generic/Unlisted,Cleanse,Face,19028,BuyBetter,https://buybetter.ng/product/eqqualberry-purple-pore-smoothing-cleansing-oil-200ml/
EQQUALBERRY Bakuchiol Plumping Cream 100g,Generic/Unlisted,Moisturize,Face,19888,BuyBetter,https://buybetter.ng/product/eqqualberry-bakuchiol-plumping-cream-100g/
EQQUALBERRY Bakuchiol Plumping Serum 30ml,Generic/Unlisted,Treat,Face,17738,BuyBetter,https://buybetter.ng/product/eqqualberry-bakuchiol-plumping-serum/
EQQUALBERRY Vitamin Illuminating Serum 30ml,Generic/Unlisted,Treat,Face,17738,BuyBetter,https://buybetter.ng/product/eqqualberry-vitamin-illuminating-serum-30ml/
EQQUALBERRY-Swimming Pool Toner 155ml,Generic/Unlisted,Treat,Face,12470,BuyBetter,https://buybetter.ng/product/eqqualberry-swimming-pool-toner-155ml/
ESTELIN (5D Hyaluronic Acid) Hydrating Face Serum 30ml,Generic/Unlisted,Treat,Face,3410,BuyBetter,https://buybetter.ng/product/estelin-5d-hyaluronic-acid-serum-30ml-2/
ESTELIN (Rice + Collagen) Firming Face serum 30ml,Generic/Unlisted,Treat,Face,3410,BuyBetter,https://buybetter.ng/product/estelin-rice-collagen-firming-face-serum-30ml/
ESTELIN (Rosehip Niacinamide) Spots Fading Face Serum 30ml,Generic/Unlisted,Treat,Face,3410,BuyBetter,https://buybetter.ng/product/estelin-rosehip-niacinamide-spots-fading-face-serum-30ml/
ESTELIN (Tea Tree Oil + Salicylic Acid) Shrink Pores Face Serum 30ml,Generic/Unlisted,Treat,Face,3410,BuyBetter,https://buybetter.ng/product/estelin-tea-tree-oil-salicylic-acid-shrink-pores-face-serum-30ml/
ESTELIN (Vitamin C + Turmeric) Brightening Face Serum 30ml,Generic/Unlisted,Treat,Face,3410,BuyBetter,https://buybetter.ng/product/estelin-vitamin-c-turmeric-brightening-face-serum-30ml-2/
ESTELIN ALL IN ONE MULTI-DEFENSE Tinted Sunscreen SPF 100+++ 100g,Generic/Unlisted,Other,Makeup,3548,BuyBetter,https://buybetter.ng/product/estelin-all-in-one-multi-defense-tinted-spf-100-sunscreen-100g/
ESTELIN ALL IN ONE MULTI-DEFENSE Tinted Sunscreen SPF 70+++ 50g,Generic/Unlisted,Other,Makeup,3548,BuyBetter,https://buybetter.ng/product/estelin-all-in-one-multi-defense-tinted-sunscreen-spf-70-50g/
ESTELIN ALPHA ARBUTIN + NIACINAMIDE (Whitening) Cream 7.05 oz 200g,Generic/Unlisted,Treat,Face,4485,BuyBetter,https://buybetter.ng/product/estelin-alpha-arbutin-niacinamide-whitening-cream-7-05-oz-200g/
ESTELIN B5 Ceramide Repairing Facial Serum 30ml,Generic/Unlisted,Treat,Face,3410,BuyBetter,https://buybetter.ng/product/estelin-b5-ceramide-repairing-facial-serum-30ml-2/
ESTELIN RETINOL (Collagen Peptides) Age-Defying Toner 13.52 oz 400ml,Generic/Unlisted,Treat,Face,4600,BuyBetter,https://buybetter.ng/product/estelin-retinol-collagen-peptides-age-defying-toner-13-52-oz-400ml/
ESTELIN Ultra Light Hydrating Invisible Sunscreen SPF 50+++ 50g,Generic/Unlisted,Protect,Face,3548,BuyBetter,https://buybetter.ng/product/estelin-ultra-light-hydrating-invisible-sunscreen-spf-50-50g/
ESTELIN Ultra Light Hydrating Invisible Sunscreen SPF 80+++ 100g,Generic/Unlisted,Protect,Face,3763,BuyBetter,https://buybetter.ng/product/estelin-ultra-light-hydrating-invisible-sunscreen-spf-80-100g/
ESTELIN Vitamin C (Turmeric + Hyaluronic Acid) Brightening Toner 13.52 oz 400ml,Generic/Unlisted,Treat,Face,4600,BuyBetter,https://buybetter.ng/product/estelin-vitamin-c-turmeric-hyaluronic-acid-brightening-toner-13-52-oz-400ml/
ETUDE -Moistfull Collagen Facial Sheet Mask 0.84 oz 25ml,Etude House,Treat,Face,5362,BuyBetter,https://buybetter.ng/product/etude-moistfull-collagen-facial-sheet-mask-0-84-oz-25ml/
EUCERIN -Dermo Purifyer Oil Control Adjunctive Soothing Cream 50ml,Generic/Unlisted,Moisturize,Face,23586,BuyBetter,https://buybetter.ng/product/eucerin-dermo-purifyer-oil-control-adjunctive-soothing-cream-50ml/
EUCERIN -Dermo Purifyer Oil Control Protective Fluid SPF 30++ 50ml,Generic/Unlisted,Protect,Face,28219,BuyBetter,https://buybetter.ng/product/eucerin-dermopurifyer-oil-control-protective-fluid-50ml/
EUCERIN -Dermo Purifyer Oil Control Skin Renewal Treatment 40ml,Generic/Unlisted,Treat,Face,19914,BuyBetter,https://buybetter.ng/product/eucerin-dermopure-skin-renewal-treatment-40ml/
EUCERIN -Dermo Purifyer Oil Control Toner 200ml,Generic/Unlisted,Treat,Face,21391,BuyBetter,https://buybetter.ng/product/eucerin-dermo-purifyer-oil-control-toner-200ml/
EUCERIN -DermoPurifyer Oil Control Triple Effect Serum 40ml,Generic/Unlisted,Treat,Face,28540,BuyBetter,https://buybetter.ng/product/eucerin-dermopurifyer-oil-control-2/
EUCERIN -Even Pigment Perfector Day Cream SPF 30++ 50ml,Generic/Unlisted,Protect,Face,28703,BuyBetter,https://buybetter.ng/product/eucerin-even-pigment-perfector-day-cream-spf-30-50ml/
EUCERIN Dermo Purifyer Oil Control Cleansing Gel 200ml,Generic/Unlisted,Cleanse,Face,14319,BuyBetter,https://buybetter.ng/product/eucerin-dermo-purifyer-oil-control-cleansing-gel-200ml/
EUCERIN Even Pigment Perfector Dual Serum 30ml,Generic/Unlisted,Treat,Face,44075,BuyBetter,https://buybetter.ng/product/eucerin-even-pigment-perfector-dual-serum-30ml/
EUCERIN Even Pigment Perfector Night Cream 50ml,Generic/Unlisted,Moisturize,Face,28487.5,BuyBetter,https://buybetter.ng/product/eucerin-even-pigment-perfector-night-cream-50ml/
EUCERIN Oil Control (DRY TOUCH) Sun Gel Cream Ultra-light 50ml,Generic/Unlisted,Protect,Face,18770,BuyBetter,https://buybetter.ng/product/eucerin-oil-control-dry-touch-sun-gel-cream-50ml/
EUCERIN Photo-Aging Control Anti-Age Sun Fluid 50ml,Generic/Unlisted,Uncategorized,Face,19500,BuyBetter,https://buybetter.ng/product/eucerin-photoaging-control-anti-age-sun-fluid/
EUCERIN Pigment Control (HYPERPIGMENTATION) Sun Fluid 50ml,Generic/Unlisted,Uncategorized,Face,20500,BuyBetter,https://buybetter.ng/product/eucerin-pigment-control-sun-fluid-50ml/
EUCERIN Sensitive Protect Sun Lotion SPF 50+ 150ml,Generic/Unlisted,Protect,Face,29702,BuyBetter,https://buybetter.ng/product/eucerin-sensitive-protect-sun-lotion-spf-50-150ml/
EUCERIN Urea Repair Plus 5% Urea Body Cream 450ml,Generic/Unlisted,Moisturize,Body,28488,BuyBetter,https://buybetter.ng/product/eucerin-urea-repair-plus-body-cream-450ml/
EUTHYMOL The UK ORIGINAL TOOTHPASTE 75ml,Generic/Unlisted,Uncategorized,Face,9675,BuyBetter,https://buybetter.ng/product/euthymol-the-uk-original-toothpaste-75ml/
FACEFACTS Bergamot and Pepper Body Scrub 400g,Generic/Unlisted,Cleanse,Body,5600,BuyBetter,https://buybetter.ng/product/facefacts-bergamot-and-pepper-body-scrub-400g/
FACEFACTS Bright + Clear Face Cream 75ml,Generic/Unlisted,Moisturize,Face,7525,BuyBetter,https://buybetter.ng/product/facefacts-bright-clear-face-cream-75ml/
FACEFACTS Brown Sugar Body Scrub 400g,Generic/Unlisted,Cleanse,Body,5600,BuyBetter,https://buybetter.ng/product/facefacts-brown-sugar-body-scrub-400g/
FACEFACTS Ceramide Moisturizing Cream 454ml,Generic/Unlisted,Moisturize,Face,7816,BuyBetter,https://buybetter.ng/product/facefacts-ceramide-moisturizing-cream-454ml-2/
FACEFACTS Ceramide Moisturizing Gel Cream 50ml,Generic/Unlisted,Moisturize,Face,3655,BuyBetter,https://buybetter.ng/product/facefacts-ceramide-moisturizing-gel-cream/
FACEFACTS CERAMIDE Oil Control Hydrating Toner 200ml,Generic/Unlisted,Treat,Face,5650,BuyBetter,https://buybetter.ng/product/facefacts-ceramide-oil-control-hydrating-toner-200ml/
FACEFACTS Firm And Renew Polypeptide Facial Serum 30ml,Generic/Unlisted,Treat,Face,3964,BuyBetter,https://buybetter.ng/product/facefacts-firm-renew-polypeptide-facial-serum-30ml/
FACEFACTS Firm And Revitalize Collagen Serum 30ml,Generic/Unlisted,Treat,Face,3548,BuyBetter,https://buybetter.ng/product/facefacts-collagen-firm-revitalise-facial-serum-30ml/
FACEFACTS Kiwi Paradise Body Scrub 400g,Generic/Unlisted,Cleanse,Body,5600,BuyBetter,https://buybetter.ng/product/facefacts-kiwi-paradise-body-scrub-400g/
FACEFACTS Lemon Swirl Body Scrub 400g,Generic/Unlisted,Cleanse,Body,5600,BuyBetter,https://buybetter.ng/product/facefacts-lemon-swirl-body-scrub-400g/
FACEFACTS Mango Butter Body Scrub 400g,Generic/Unlisted,Cleanse,Body,5600,BuyBetter,https://buybetter.ng/product/facefacts-mango-butter-body-scrub-400g/
FACEFACTS Revive And Refresh Hyaluronic Hydrating Facial Serum 30ml,Generic/Unlisted,Treat,Face,3548,BuyBetter,https://buybetter.ng/product/facefacts-hyaluronic-revive-refresh-hydrating-facial-serum-30ml/
FACEFACTS Salicylic Acid (Restore + Clarify) Facial Serum 30ml,Generic/Unlisted,Treat,Face,3200,BuyBetter,https://buybetter.ng/product/facefacts-salicylic-acid-restore-clarify-facial-serum-30ml/
FACEFACTS Soothe Glow (Niacinamide) Face Serum 30ml,Generic/Unlisted,Treat,Face,3999,BuyBetter,https://buybetter.ng/product/facefacts-niacinamide-face-serum-30ml/
FACEFACTS The routine (Superberry Radiance) Serum 30ML,Generic/Unlisted,Treat,Face,3870,BuyBetter,https://buybetter.ng/product/facefact-the-routine-superberry-radiance-serum-50ml/
FACEFACTS Vitamin C Body Lotion 400ml,Generic/Unlisted,Treat,Body,6665,BuyBetter,https://buybetter.ng/product/face-facts-vitamin-c-body-lotion-400ml-2/
FACEFACTS Vitamin C Brightening Facial Serum 30ml,Generic/Unlisted,Treat,Face,4000,BuyBetter,https://buybetter.ng/product/facefacts-vitamin-c-brightening-facial-serum-30ml-2/
FACEFACTS Wonder Cream (Instant Glow Reviver) 50ml,Generic/Unlisted,Moisturize,Face,7525,BuyBetter,https://buybetter.ng/product/facefacts-wonder-cream-instant-glow-reviver-50ml/
FARO -SCENTED CANDLES (MINI HEART),Generic/Unlisted,Uncategorized,Face,4838,BuyBetter,https://buybetter.ng/product/faro-scented-candles-mini-heart/
FEMFRESH Active WASH 250ml,Generic/Unlisted,Cleanse,Face,5913,BuyBetter,https://buybetter.ng/product/femfresh-intimate-care-active-wash-250ml/
FEMFRESH Daily Feminine Wash 150ml,Generic/Unlisted,Cleanse,Face,4300,BuyBetter,https://buybetter.ng/product/femfresh-daily-feminin-wash/
FEMFRESH DAILY FEMININE WASH 250ml,Generic/Unlisted,Cleanse,Face,5913,BuyBetter,https://buybetter.ng/product/femfresh-daily-feminine-wash-150ml/
FEMFRESH Pure And Fresh Feminine (0% Sensitive Wash) 250ml,Generic/Unlisted,Cleanse,Face,5912.25,BuyBetter,https://buybetter.ng/product/femfresh-pure-fresh-feminine-wash-250ml/
FEMFRESH Pure And Fresh Feminine Wash 150ml,Generic/Unlisted,Cleanse,Face,4300,BuyBetter,https://buybetter.ng/product/femfresh-pure-fresh-feminine-wash-150ml/
FENTY Skin – Vanilla Flower Body wash 350ml,Generic/Unlisted,Cleanse,Body,64500,BuyBetter,https://buybetter.ng/product/fenty-skin-vanilla-flower-body-wash-350ml/
FINE’RY I’m A MUSK Body Mist 150ml,Generic/Unlisted,Uncategorized,Body,48053,BuyBetter,https://buybetter.ng/product/finery-im-a-musk-body-mist-150ml/
GARNIER -Pure Active (Tea Tree + Salicylic Acid) Tissue Masks 23g,Generic/Unlisted,Treat,Face,3548,BuyBetter,https://buybetter.ng/product/garnier-pure-active-tea-tree-salicylic-acid-tissue-masks-23g/
GARNIER -PURE ACTIVE (Vitamin C) Brightening Liquid Care 120ml,Generic/Unlisted,Treat,Face,19350,BuyBetter,https://buybetter.ng/product/garnier-pure-active-vitamin-c-brightening-liquid-care-120ml/
GARNIER BODY -BRIGHT COMPLETE (VITAMIN C Body Serum Lotion) UV 400ml,Generic/Unlisted,Protect,Body,8439,BuyBetter,https://buybetter.ng/product/garnier-body-bright-complete-vitamin-c-body-serum-lotion-uv-400ml-2/
GARNIER BODY -SAKURA GLOW (Hyaluron Body Serum Lotion) serum milk UV 400ml,Generic/Unlisted,Protect,Body,8439,BuyBetter,https://buybetter.ng/product/garnier-body-sakura-glow-hyaluron-body-serum-lotion-serum-milk-uv-400ml-2/
GARNIER BODY BRIGHT COMPLETE EXTRA (Brightening And Moisturizing) serum milk UV 400ml,Generic/Unlisted,Protect,Body,8439,BuyBetter,https://buybetter.ng/product/garnier-body-bright-complete-extra-brightening-moisturizing-serum-milk-uv-400ml/
GARNIER Even And Bright Night Booster Serum 30ml,Generic/Unlisted,Treat,Face,14500,BuyBetter,https://buybetter.ng/product/garnier-even-and-bright-night-booster-serum-30ml/
GARNIER Even And Matte Dark Spots Corrector 30ml,Generic/Unlisted,Uncategorized,Face,6880,BuyBetter,https://buybetter.ng/product/garnier-even-and-matte-dark-spots-corrector-30ml/
GARNIER PURE ACTIVE (Salicylic) Skin Perfecting Liquid Care 120ml,Generic/Unlisted,Uncategorized,Face,15910,BuyBetter,https://buybetter.ng/product/garnier-pure-active-salicylic-skin-perfecting-liquid-care-120ml/
GARNIER Skin Active Micellar Cleansing Water 400ml,Generic/Unlisted,Cleanse,Face,8815,BuyBetter,https://buybetter.ng/product/garnier-skin-active-micellar-cleansing-water-400ml/
GARNIER SKinactive Micellar Cleansing Water 100ml,Generic/Unlisted,Cleanse,Face,5913,BuyBetter,https://buybetter.ng/product/garnier-skinactive-micellar-cleansing-water-100ml/
GARNIER Vitamin C (Brightening) Day Cream 50ml,Generic/Unlisted,Treat,Face,12728,BuyBetter,https://buybetter.ng/product/garnier-vitamin-c-bright-day-cream-50ml/
Gillette – Clear Shield 72hr Sweat Protection (Power Rush) 107g,Generic/Unlisted,Uncategorized,Face,14513,BuyBetter,https://buybetter.ng/product/gillette-clear-shield-sweat-protection-power-rush-72hr-deodorant-antiperspirant-3-8-oz-107g/
Gillette – Clinical Strength Advanced Solid (Ultimate Fresh) Antiperspirant 73g,Generic/Unlisted,Uncategorized,Face,22038,BuyBetter,https://buybetter.ng/product/gillette-clinical-protection-ultimate-fresh-soft-solid-deodorant-72hr-antiperspirant-2-6-oz-73g/
GILLETTE -After Shave Sensitive Skin 75ml,Generic/Unlisted,Uncategorized,Face,9675,BuyBetter,https://buybetter.ng/product/gillette-after-shave-sensitive-skin-75ml/
GLAMFOX -Black Snail Mucin Collagen Cream 50g,Generic/Unlisted,Moisturize,Face,12600,BuyBetter,https://buybetter.ng/product/glamfox-black-snail-mucin-collagen-cream-50g/
GLAMFOX -Black Snail Mucin Collagen Mask 23ml (1 Sheet),Generic/Unlisted,Treat,Face,2000,BuyBetter,https://buybetter.ng/product/glamfox-black-snail-mucin-collagen-mask-23ml-1-sheet/
GLAMFOX (Rosehip Oil + Hyaluronic) Hydra Nourishing Face Cream 50g,Generic/Unlisted,Moisturize,Face,12578,BuyBetter,https://buybetter.ng/product/glamfox-roseship-oil-niacinamide-10-hydra-nourishing-cream-50g/
GLAMFOX Black Snail Mucin Collagen Foam Cleanser 230g,Generic/Unlisted,Cleanse,Face,10200,BuyBetter,https://buybetter.ng/product/glamfox-black-snail-mucin-collagen-foam-cleanser-230g/
GLAMFOX Black Snail Mucin Collagen Toner 200ml,Generic/Unlisted,Treat,Face,12400,BuyBetter,https://buybetter.ng/product/glamfox-black-snail-mucin-collagen-toner-200ml/
GLAMFOX Double Effect (Retinol + Collagen) Eye Cream 30ml,Generic/Unlisted,Treat,Eye Care,14190,BuyBetter,https://buybetter.ng/product/glamfox-double-effect-eye-cream-retinol-collagen-30ml/
GLAMFOX Double Effect (Retinol + Collagen) Foam Cleanser 120ml,Generic/Unlisted,Cleanse,Face,10965,BuyBetter,https://buybetter.ng/product/glamfox-double-effect-retinol-collagen-foam-cleanser-120ml/
GLAMFOX Double Effect (Retinol + Collagen) Serum 50ml,Generic/Unlisted,Treat,Face,15588,BuyBetter,https://buybetter.ng/product/glamfox-retinol-collagen-serum-50ml/
GLAMFOX Double Effect (Retinol + Collagen) Sleeping Mask 100g,Generic/Unlisted,Treat,Face,12500,BuyBetter,https://buybetter.ng/product/glamfox-double-effect-retinol-collagen-sleeping-mask-100g/
GLAMFOX Glowing And Moisturizing Rice Niacinamide Mask 23ml (1 sheet),Generic/Unlisted,Treat,Face,1935,BuyBetter,https://buybetter.ng/product/glamfox-rice-glowing-moisturizing-niacinamide-mask-23ml/
GLAMFOX Glowing And Moisturizing Rice Niacinamide Serum 50ml,Generic/Unlisted,Treat,Face,11610,BuyBetter,https://buybetter.ng/product/glamfox-glowing-moisturizing-rice-niacinamide-serum-50ml/
GLAMFOX Glowing And Moisturizing Rice Niacinamide Toner Pad (90 pads) 180ml,Generic/Unlisted,Treat,Face,14620,BuyBetter,https://buybetter.ng/product/glamfox-glowing-moisturizing-rice-niacinamide-toner-pad-90-pads-180ml/
GLAMFOX Ice Aloe Vera Mask 23g (1 Sheet),Generic/Unlisted,Treat,Face,1290,BuyBetter,https://buybetter.ng/product/glamfox-ice-aloe-vera-mask-23g-1-sheet/
GLAMFOX Rice (Glowing And Moisturizing) Niacinamide Cleansing Oil 200ml,Generic/Unlisted,Cleanse,Face,15706,BuyBetter,https://buybetter.ng/product/glamfox-rice-glowing-moisturising-niacinamide-cleansing-oil-200ml/
GLAMFOX Ultra Glowing Vitamin Solution Mask 25g (1 sheets),Generic/Unlisted,Treat,Face,1290,BuyBetter,https://buybetter.ng/product/glamfox-ultra-glowing-vitamin-solution-mask-25g-1-sheets/
GLAMFOX Ultra Revital Collagen Solution Mask 25g (10 sheets),Generic/Unlisted,Treat,Face,1344,BuyBetter,https://buybetter.ng/product/glamfox-ultra-revital-collagen-solution-mask-25g-1-sheets/
GLAMFOX Velvety Shiny Hyaluronic And Vitamins Serum 50ml,Generic/Unlisted,Treat,Face,15588,BuyBetter,https://buybetter.ng/product/glamfox-velvety-shiny-hyaluronic-vitamins-serum-50ml/
GLOW RECIPE Watermelon Glow Niacinamide Dew Drops Serum,Generic/Unlisted,Treat,Face,68800,BuyBetter,https://buybetter.ng/product/glow-recipe-watermelon-glow-niacinamide-dew-drops-serum/
GLOW RECIPE Watermelon Glow Niacinamide Dewy Flush 12ml,Generic/Unlisted,Treat,Face,52675,BuyBetter,https://buybetter.ng/product/glow-recipe-watermelon-glow-niacinamide-dewy-flush-12ml/
GLOW RECIPE Watermelon Glow PHA + BHA Pore Tight Toner 150ml,Generic/Unlisted,Treat,Face,71488,BuyBetter,https://buybetter.ng/product/glow-recipe-watermelon-glow-pha-bha-pore-tight-toner-150ml/
GOOD MOLECULES Daily Brightening Serum,Generic/Unlisted,Treat,Face,11997,BuyBetter,https://buybetter.ng/product/good-molecules-daily-brightening-serum/
GOOD MOLECULES Discoloration Correcting Serum 30ml,Generic/Unlisted,Treat,Face,15749,BuyBetter,https://buybetter.ng/product/good-molecules-discoloration-serum-30ml/
GOOD MOLECULES Hyaluronic Acid Serum 30ml,Generic/Unlisted,Treat,Face,9890,BuyBetter,https://buybetter.ng/product/good-molecules-hyaluronic-acid-serum-30ml/
GOOD MOLECULES Niacinamide serum 30ml,Generic/Unlisted,Treat,Face,9890,BuyBetter,https://buybetter.ng/product/good-molecules-niacinamide-serum-30ml/
GOOD MOLECULES Overnight Exfoliating Treatment 30ml,Generic/Unlisted,Treat,Face,9890,BuyBetter,https://buybetter.ng/product/good-molecules-overnight-exfoliating-treatment-30ml/
GUANJING -Peeling (Lavender And Collagen)Whitening And Moisturizing Foot Mask 40g,Generic/Unlisted,Treat,Body,2900,BuyBetter,https://buybetter.ng/product/guanjing-peeling-lavender-and-collagenwhitening-and-moisturizing-foot-mask-40g/
HADALABO GokuJyun Premium Hydrating Lotion 170ML,Generic/Unlisted,Moisturize,Face,13900,BuyBetter,https://buybetter.ng/product/hadalabo-gokujyun-premium-hydrating-lotion-170ml/
HADALABO Shirojyun Premium Brightening Lotion 170ml,Generic/Unlisted,Moisturize,Face,15910,BuyBetter,https://buybetter.ng/product/hada-labo-shirojyun-premium-brightening-lotion-170ml-2/
HARUHARU WONDER Black Rice 10 Hyaluronic Cream 50ml,Haruharu Wonder,Moisturize,Face,11900,BuyBetter,https://buybetter.ng/product/haruharu-wonder-black-rice-10-hyaluronic-cream-50ml/
HARUHARU WONDER Black Rice Hyaluronic Toner (For Sensitive Skin) 150ml,Haruharu Wonder,Treat,Face,11500,BuyBetter,https://buybetter.ng/product/haruharu-black-rice-hyaluronic-toner-fragrance-free-150ml/
HARUHARU WONDER Black Rice Hyaluronic Toner (Fragrance Free) 300ml,Haruharu Wonder,Treat,Face,18500,BuyBetter,https://buybetter.ng/product/haruharu-wonder-black-rice-hyaluronic-toner-fragrance-free-300ml/
HARUHARU WONDER Black Rice Hyaluronic Toner 150ml,Haruharu Wonder,Treat,Face,10900,BuyBetter,https://buybetter.ng/product/haruharu-wonder-black-rice-hyaluronic-toner-150ml/
HARUHARU WONDER Black Rice Moisture Airyfit Daily Sunscreen (Unscented) 50ml,Haruharu Wonder,Protect,Face,12500,BuyBetter,https://buybetter.ng/product/haruharu-wonder-black-rice-moisture-airyfit-daily-sunscreen-unscented-50ml/
HARUHARU WONDER Black Rice Probiotics Barrier Essence(a.k.a Makgeolli) 120ml,Haruharu Wonder,Treat,Face,16000,BuyBetter,https://buybetter.ng/product/haruharu-wonder-black-rice-probiotics-barrier-essencea-k-a-makgeolli-120ml/
HEIMISH All Clean Gentle Exfoliating AHA/BHA Gel Cleanser 4.39 oz 130ml,Heimish,Cleanse,Face,14083,BuyBetter,https://buybetter.ng/product/heimish-all-clean-gentle-exfoliating-aha-bha-gel-cleanser-4-39-oz-130ml/
HEIMISH All Clean pH 5.5 Green Foam 5.29 oz 150g,Heimish,Cleanse,Face,12012,BuyBetter,https://buybetter.ng/product/heimish-all-clean-ph-5-5-green-foam-5-29-oz-150g/
HEIMISH All Clean White Clay Foam 5.29 oz 150g,Heimish,Cleanse,Face,12012,BuyBetter,https://buybetter.ng/product/heimish-all-clean-white-clay-foam-5-29-oz-150g/
HEIMISH MATCHA BIOME Amino Acne Cleansing Foam 5.29 oz 150g,Heimish,Cleanse,Face,12012,BuyBetter,https://buybetter.ng/product/heimish-matcha-biome-amino-acne-cleansing-foam-5-29-oz-150g/
HEIMISH RX AHA + BHA Facial Exfoliator Enzyme 4.39 oz 130g,Heimish,Treat,Face,17953,BuyBetter,https://buybetter.ng/product/heimish-rx-aha-bha-facial-exfoliator-enzyme-4-39-oz-130g/
HERO -Mighty Patch (The Original) 36 Hydrocolloid Patches,Generic/Unlisted,Treat,Face,24725,BuyBetter,https://buybetter.ng/product/hero-mighty-patch-the-original-36-hydrocolloid-patches/
HOLIKA HOLIKA -Pure Essence Sheet Mask 0.77 oz 23ml,Generic/Unlisted,Treat,Face,5899,BuyBetter,https://buybetter.ng/product/holika-holika-pure-essence-sheet-mask-0-77-oz-23ml/
HOLIKA HOLIKA Pure Essence Charcoal Mask Sheet 23ml,Generic/Unlisted,Treat,Face,5949,BuyBetter,https://buybetter.ng/product/holika-holika-pure-essence-charcoal-mask-sheet-23ml/
HYAAH -Licorice First Essence 6.76 200ml,Generic/Unlisted,Treat,Face,19350,BuyBetter,https://buybetter.ng/product/hyaah-licorice-first-essence-6-76-200ml/
I’M FROM RICE CREAM 15ml,Generic/Unlisted,Moisturize,Face,7848,BuyBetter,https://buybetter.ng/product/im-from-rice-cream-15ml/
I’M FROM Rice Toner,Generic/Unlisted,Treat,Face,14900,BuyBetter,https://buybetter.ng/product/im-from-rice-toner/
ILLIYOON Ceramide Ato Concentrate Cream 230ml,Illiyoon,Moisturize,Face,20640,BuyBetter,https://buybetter.ng/product/illiyoon-ceramide-ato-concentrate-cream-230ml/
INNISFREE -Cherry Blossom (Brighten + Glow) Glow Jelly Cream 50ml,Innisfree,Moisturize,Face,22100,BuyBetter,https://buybetter.ng/product/innisfree-cherry-blossom-glow-jelly-cream-brighten-glow-50ml/
INNISFREE -Green Tea (Hydrate + Soften) Hyaluronic Skin 170ml,Innisfree,Uncategorized,Face,19600,BuyBetter,https://buybetter.ng/product/innisfree-green-tea-hyaluronic-skin-hydrate-soften-170ml/
INNISFREE -Olive Vitamin E (Moisturize + Nourish) Real Skin 170ml,Innisfree,Uncategorized,Face,18800,BuyBetter,https://buybetter.ng/product/innisfree-olive-vitamin-e-real-skin-moisturize-nourish-170ml/
INNISFREE -Super Volcanic (Purify + Oil Control) Pore Clay Mask 100ml,Innisfree,Treat,Face,18800,BuyBetter,https://buybetter.ng/product/innisfree-super-volcanic-pore-clay-mask-purify-oil-control/
INNISFREE -Vitamin C Green Tea Enzyme (Brighten + Refine) Brightening Serum 30ml,Innisfree,Treat,Face,35000,BuyBetter,https://buybetter.ng/product/innisfree-vitamin-c-green-tea-enzyme-brightening-serum-brighten-refine-30ml/
INTIMATE ROSE BORIC BALANCE 100% Pure 30 Vaginal Suppositories,Generic/Unlisted,Uncategorized,Face,26875,BuyBetter,https://buybetter.ng/product/intimate-rose-boric-balance-30-vaginal-suppositories/
"Intimate Rose Myo and D – Chiro Inositol, 120 Vegeterian Capsules",Generic/Unlisted,Uncategorized,Face,31175,BuyBetter,https://buybetter.ng/product/intimate-rose-myo-and-d-chiro-inositol-120-vegeterian-capsules/
INTIMATE ROSE Myo And D-Chiro (Inositol Powder) Dietary Supplement 61.5g,Generic/Unlisted,Other,Makeup,31175,BuyBetter,https://buybetter.ng/product/intimate-rose-myo-and-d-chiro-inositol-powder-dietary-supplement-61-5g/
INTIMATE ROSE Vitex (Chasteberry) 60Vegetarian Capsules,Generic/Unlisted,Uncategorized,Face,26875,BuyBetter,https://buybetter.ng/product/intimate-rose-vitex-chasteberry-60-vegeterian-capsules/
ISISPHARMA -Neotone Radiance SPF 50+ 30ml,Generic/Unlisted,Protect,Face,43215,BuyBetter,https://buybetter.ng/product/isispharma-neotone-radiance-spf-50-30ml/
ISISPHARMA -Teen Derm Alpha -Pure 30ml,Generic/Unlisted,Treat,Face,19565,BuyBetter,https://buybetter.ng/product/isispharma-teen-derm-alpha-pure-30ml/
ISISPHARMA -Uveblock SPF 50+ Glow Serum 28ml,Generic/Unlisted,Protect,Face,43215,BuyBetter,https://buybetter.ng/product/isispharma-uveblock-spf-50-glow-serum-28ml/
ISNTREE C-NIACIN TONING AMPOULE_50ml,Isntree,Treat,Face,17953,BuyBetter,https://buybetter.ng/product/isntree-c-niacin-toning-ampoule_50ml/
ISNTREE GREEN TEA FRESH CLEANSER_120ml,Isntree,Cleanse,Face,11500,BuyBetter,https://buybetter.ng/product/isntree-green-tea-fresh-cleanser_120ml/
ISNTREE HYALURONIC ACID MOIST CREAM 100ml,Isntree,Treat,Face,13500,BuyBetter,https://buybetter.ng/product/isntree-hyaluronic-acid-moist-cream-100ml/
ISNTREE Hyper Niacinamide 20 Serum 20ml,Isntree,Treat,Face,15000,BuyBetter,https://buybetter.ng/product/isntree-hyper-niacinamide-20-serum-20ml/
ISNTREE Hyper Vitamin C 23 Serum 20ml,Isntree,Treat,Face,16000,BuyBetter,https://buybetter.ng/product/isntree-hyper-vitamin-c-23-serum-20ml/
ISNTREE ULTRA LOW MOLECULAR HYALURONIC ACID SERUM 50ml,Isntree,Treat,Face,16000,BuyBetter,https://buybetter.ng/product/isntree-ultra-low-molecular-hyaluronic-acid-serum_50ml/
JUMISO Anti-Oxidant Glow Facial Essence (Intense Radiance) 40ml,Jumiso,Treat,Face,22897.5,BuyBetter,https://buybetter.ng/product/jumiso-anti-oxidant-glow-facial-essence-intense-radiance-40ml/
JUMISO Blackhead Melting Softline Special Kit 150ml,Jumiso,Uncategorized,Face,16232.5,BuyBetter,https://buybetter.ng/product/jumiso-blackhead-melting-softline-special-kit-150ml/
JUMISO Niacinamide 20% Serum 40ml,Jumiso,Treat,Face,13500,BuyBetter,https://buybetter.ng/product/jumiso-niacinamide-20-serum-40ml/
KELL Nail Set,Generic/Unlisted,Uncategorized,Face,2500,BuyBetter,https://buybetter.ng/product/kell-nail-set/
KERACARE Dry And Itchy Conditioner 950ml,Generic/Unlisted,Other,Hair Care,38485,BuyBetter,https://buybetter.ng/product/keracare-no2-dry-and-itchy-scalp-anti-dandruff-moisturizing-conditioner-950ml/
KERACARE Dry And Itchy Shampoo 950ml,Generic/Unlisted,Other,Hair Care,35474,BuyBetter,https://buybetter.ng/product/keracare-no1-dry-and-itchy-scalp-anti-dandruff-moisturizing-shampoo-950ml/
KIKO FAMILY Beauty Blogger Soft Cotton Pads (200pcs),Generic/Unlisted,Treat,Face,5400,BuyBetter,https://buybetter.ng/product/kiko-family-beauty-blogger-soft-cotton-pads-200pcs/
KIRKLAND -Vitamin E 180mg (400 IU) Di Alpha E Dietary Supplements (500 softgels),Generic/Unlisted,Treat,Face,37625,BuyBetter,https://buybetter.ng/product/kirkland-vitamin-e-180mg-400-iu-di-alpha-e-dietary-supplements-500-softgels/
Klairs Freshly Juiced Vitamin Essence Toner 30ml,Dear Klairs,Treat,Face,13438,BuyBetter,https://buybetter.ng/product/klairs-freshly-juiced-vitamin-essence-toner-30ml/
Klairs Freshly Juiced Vitamin Mask Cleanser 20ml,Dear Klairs,Cleanse,Face,7848,BuyBetter,https://buybetter.ng/product/klairs-freshly-juiced-vitamin-mask-cleanser-20ml/
Klairs Midnight Blue Clearing Water Cream 20g,Dear Klairs,Moisturize,Face,10965,BuyBetter,https://buybetter.ng/product/klairs-midnight-blue-clearing-water-gel-cream-20g/
KOJI WHITE Bright Booster Underarm Serum 30ml,Generic/Unlisted,Treat,Body,15964,BuyBetter,https://buybetter.ng/product/koji-white-bright-booster-underarm-serum-30ml/
KOJI WHITE Kojic Acid Dark Spot Correcting Soap 100g 2bars,Generic/Unlisted,Cleanse,Face,15265,BuyBetter,https://buybetter.ng/product/koji-white-kojic-acid-dark-spot-correcting-soap-100g-2bars/
KOJIE SAN  Skin Lightening Facial Wash 100g,Generic/Unlisted,Cleanse,Face,7000,BuyBetter,https://buybetter.ng/product/kojie-san-skin-lightening-facial-wash-100g/
KOJIE SAN  Skin Lightening Super Serum Niacinamide + Kojic Acid 30ml,Generic/Unlisted,Treat,Face,18000,BuyBetter,https://buybetter.ng/product/kojie-san-skin-lightening-super-serum-niacinamide-kojic-acid-30ml/
KOJIE SAN -Skin lightening SPF 25 (hydro moist) body lotion 250g,Generic/Unlisted,Protect,Body,13500,BuyBetter,https://buybetter.ng/product/kojie-san-skin-lightening-spf-25-hydro-moist-body-lotion-250g/
KOJIE SAN Zero Pigment Light Single 135g,Generic/Unlisted,Uncategorized,Face,4000,BuyBetter,https://buybetter.ng/product/kojie-san-zero-pigment-light-single-135g/
Kojivit Ultra Gel 30g,Generic/Unlisted,Uncategorized,Face,10750,BuyBetter,https://buybetter.ng/product/kojivit-ultra-gel-30g/
KUMANO YUSHI HATOMUGI Refined White (Moisturizing And Facial Washing) Facial Wash 170g,Generic/Unlisted,Cleanse,Face,6988,BuyBetter,https://buybetter.ng/product/kumano-yushi-hatomugi-refined-white-moisturizing-facial-washing-facial-wash-170g/
KUMANO YUSHI HATOMUGI Refined White (UV Care And Tone-up) UV Milky Gel SPF31 PA+++ 250ml,Generic/Unlisted,Protect,Face,11825,BuyBetter,https://buybetter.ng/product/kumano-yushi-hatomugi-refined-white-tone-up-uv-milky-gel-spf31-pa-250ml/
KUMANO YUSHI REIHAKU Hatomugi UV Milky Gel SPF 50++ 80g,Generic/Unlisted,Protect,Face,9138,BuyBetter,https://buybetter.ng/product/kumano-yushi-reihaku-hatomugi-uv-milky-gel-spf-50-80g/
KUMANO YUSHI REIHAKU Hatomugi White (UV Care And Moisturizing) UV Milky Gel SPF 31 PA+++ 250ml,Generic/Unlisted,Protect,Face,11718,BuyBetter,https://buybetter.ng/product/kumano-yushi-reihaku-hatomugi-white-uv-care-moisturizing-uv-milky-gel-spf-31-pa-250ml/
KUU SPA TURMERIC SALT SCRUB BATH 450ML,Generic/Unlisted,Cleanse,Lip Care,3870,BuyBetter,https://buybetter.ng/product/kuu-spa-turmeric-salt-scrub-bath-450ml/
LA ROCHE-POSAY Anthelios Invisible SPF50+ Spray 200ml,Generic/Unlisted,Protect,Face,29348,BuyBetter,https://buybetter.ng/product/la-roche-posay-anthelios-invisible-spray-spf50-200ml/
LA ROCHE-POSAY EFFACLAR MAT 40ML,Generic/Unlisted,Uncategorized,Face,18597.5,BuyBetter,https://buybetter.ng/product/la-roche-posay-effaclar-mat-40ml/
LA ROCHE-POSAY TOLERIANE CLEANSER (Dermo-Nettoyant) 400ml,Generic/Unlisted,Cleanse,Face,35475,BuyBetter,https://buybetter.ng/product/la-roche-posay-toleriane-cleanser-dermo-nettoyant-400ml/
LEMME CURB Cravings Support Soft Chews Dietary Supplement 30 Wrapped Chews,Generic/Unlisted,Uncategorized,Face,50525,BuyBetter,https://buybetter.ng/product/lemme-curb-cravings-support-soft-chews-dietary-supplement-30-wrapped-chews/
LEMME DEBLOAT Daily Digestive Enzymes,Generic/Unlisted,Uncategorized,Face,55040,BuyBetter,https://buybetter.ng/product/lemme-debloat-daily-digestive-enzymes/
LEMME GROW Hair Growth Soft Chews 30 wrapped Chew,Generic/Unlisted,Other,Hair Care,69768,BuyBetter,https://buybetter.ng/product/lemme-grow-hair-growth-soft-chews-30-wrapped-chew/
LEMME MATCHA Energy B12 Dietary Supplement 60Gummies,Generic/Unlisted,Uncategorized,Face,55040,BuyBetter,https://buybetter.ng/product/lemme-matcha-energy-b12-dietary-supplement-60gummies/
LEMME MULTI Women’s Daily Dietary Supplement 60Gummies,Generic/Unlisted,Uncategorized,Face,55040,BuyBetter,https://buybetter.ng/product/lemme-multi-womens-daily-dietary-supplement-60gummies/
LEMME PURR Vaginal Prebiotic Gummies Dietary Supplements (60gummies),Generic/Unlisted,Uncategorized,Face,55040,BuyBetter,https://buybetter.ng/product/lemme-purr-vaginal-probiotic-gummies/
LEMME Sleep Tight Gummies 60 gummies,Generic/Unlisted,Uncategorized,Face,55040,BuyBetter,https://buybetter.ng/product/lemme-sleep-sleep-tight-gummies-dietary-supplement-60gummies/
LEMME TONE Daily Metabolism Gummies (Vitamin B12 And Ginger) 60 Dietary Supplement Gummies,Generic/Unlisted,Uncategorized,Face,55040,BuyBetter,https://buybetter.ng/product/lemme-tone-daily-metabolism-gummies-vitamin-b12-and-ginger-60-dietary-supplement-gummies/
LIPKISS -Lip Sleeping Mask 20g,Generic/Unlisted,Treat,Lip Care,9460,BuyBetter,https://buybetter.ng/product/lipkiss-lip-sleeping-mask-20g/
LISTERINE Cool Mint Antiseptic Antiaging/Antiplaque Mouth Wash 95ml,Generic/Unlisted,Cleanse,Face,10213,BuyBetter,https://buybetter.ng/product/listerine-cool-mint-antiseptic-antiaging-antiplaque-mouth-wash-95ml/
LISTERINE Total Care Anticavity Flouride Mouth Wash 95ml,Generic/Unlisted,Cleanse,Face,7955,BuyBetter,https://buybetter.ng/product/listerine-total-care-anticavity-flouride-mouth-wash-95ml/
LUVUM -Bamboo Hyaluronic Moisture Sun Cream SPF 50+ PA+++ 30ml,Generic/Unlisted,Protect,Face,13115,BuyBetter,https://buybetter.ng/product/bamboo-hyaluronic-moisture-suncream-30ml/
LUX -BOTANICALS Bright Skin (Sunflower And Aloe Vera) Body Wash 450ml,Generic/Unlisted,Cleanse,Body,8815,BuyBetter,https://buybetter.ng/product/lux-botanicals-bright-skin-sunflower-aloe-vera-body-wash-450ml/
LUX -BOTANICALS Skin Detox (Freesia And Tea Tree Oil) Body Wash 450ml,Generic/Unlisted,Cleanse,Body,8815,BuyBetter,https://buybetter.ng/product/lux-botanicals-skin-detox-freesia-tea-tree-oil-body-wash-450ml/
MacGregor – Natural Moisture Sheet Mask Aloe 23ml,Generic/Unlisted,Treat,Face,1500,BuyBetter,https://buybetter.ng/product/macgregor-natural-moisture-sheet-mask-aloe-23ml/
MacGregor – Natural Moisture Sheet Mask Charcoal 23ml,Generic/Unlisted,Treat,Face,1500,BuyBetter,https://buybetter.ng/product/macgregor-natural-moisture-sheet-mask-charcoal-23ml/
MacGregor – Natural Moisture Sheet Mask Collagen 23ml,Generic/Unlisted,Treat,Face,1500,BuyBetter,https://buybetter.ng/product/macgregor-natural-moisture-sheet-mask-collagen-23ml/
MacGregor – Natural Moisture Sheet Mask Cucumber 23ml,Generic/Unlisted,Treat,Face,1500,BuyBetter,https://buybetter.ng/product/macgregor-natural-moisture-sheet-mask-cucumber-23ml/
MacGregor – Natural Moisture Sheet Mask Honey 23ml,Generic/Unlisted,Treat,Face,1500,BuyBetter,https://buybetter.ng/product/macgregor-natural-moisture-sheet-mask-honey-23ml/
MacGregor – Natural Moisture Sheet Mask Pomegranate 23ml,Generic/Unlisted,Treat,Face,1500,BuyBetter,https://buybetter.ng/product/macgregor-natural-moisture-sheet-mask-pomegranate-23ml/
MacGregor – Natural Moisture Sheet Mask Snail 23ml,Generic/Unlisted,Treat,Face,1500,BuyBetter,https://buybetter.ng/product/macgregor-natural-moisture-sheet-mask-snail-23ml/
Macgregor – Natural Moisture Sheet Mask Vitamin C 23ml,Generic/Unlisted,Treat,Face,1500,BuyBetter,https://buybetter.ng/product/macgregor-natural-moisture-sheet-mask-vitamin-c-23ml/
MacGregor – Vitamin C Oxygen Bubble Blast Brightening Facial Mask 23ml,Generic/Unlisted,Treat,Face,2000,BuyBetter,https://buybetter.ng/product/macgregor-vitamin-c-oxygen-bubble-blast-brightening-facial-mask-23ml/
MacGregor All‑in‑One Brightening Cream 150ml,Generic/Unlisted,Moisturize,Face,17105,BuyBetter,https://buybetter.ng/product/macgregor-all-in-one-brightening-cream-150ml/
MacGregor All‑in‑One Brightening Cream 60ml,Generic/Unlisted,Moisturize,Face,10691,BuyBetter,https://buybetter.ng/product/macgregor-all-in-one-brightening-cream-60ml/
MacGregor Dark Spot Daily Brightening Serum 50ml,Generic/Unlisted,Treat,Face,12829,BuyBetter,https://buybetter.ng/product/macgregor-dark-spot-daily-brightening-serum-50ml/
MacGregor Kojic-C Skin Lightening Soap 150g,Generic/Unlisted,Cleanse,Face,5345,BuyBetter,https://buybetter.ng/product/macgregor-kojic-c-skin-lightening-soap-150g/
MacGregor Luminous Snail 95 Moisture Cream 100g,Generic/Unlisted,Moisturize,Face,13898,BuyBetter,https://buybetter.ng/product/macgregor-luminous-snail-95-moisture-cream-100g/
Macgregor Multi Sun Cream 70ml,Generic/Unlisted,Protect,Face,8063,BuyBetter,https://buybetter.ng/product/macgregor-multi-sun-cream-70ml/
MacGregor Reboncel Acne Gel 30ml,Generic/Unlisted,Uncategorized,Face,7484,BuyBetter,https://buybetter.ng/product/macgregor-reboncel-acne-gel-15ml/
MacGregor Snail 98 Mucin Premium Essence 100ml,Generic/Unlisted,Treat,Face,13898,BuyBetter,https://buybetter.ng/product/macgregor-snail-98-mucin-premium-essence-100ml/
"MacGregor Veluxe Blemish Repair Ampoule (Niacinamide 10%, Alpha Arbutin 4%, TXA 4%) 50ml",Generic/Unlisted,Treat,Face,13898,BuyBetter,https://buybetter.ng/product/macgregor-veluxe-blemish-repair-ampoule-niacinamide-10-alpha-arbutin-4-txa-4-50ml/
MacGregor Watery Moisture Sun Cream 120ml,Generic/Unlisted,Protect,Face,18170,BuyBetter,https://buybetter.ng/product/macgregor-watery-moisture-sun-cream-120ml/
MacGregor Watery Moisture Sunscreen Spf50 50ml,Generic/Unlisted,Protect,Face,10535,BuyBetter,https://buybetter.ng/product/macgregor-watery-moisture-sunscreen-spf50-50ml/
MACLEANS Fresh Mint Toothpaste 100ml,Generic/Unlisted,Uncategorized,Face,3978,BuyBetter,https://buybetter.ng/product/macleans-fresh-mint-toothpaste-100m/
MACLEANS White And Shine Toothpaste 100ml,Generic/Unlisted,Uncategorized,Face,3978,BuyBetter,https://buybetter.ng/product/macleans-white-and-shine-toothpaste-100m/
MARIO BADESCU Drying Lotion 29ml,Generic/Unlisted,Moisturize,Face,37625,BuyBetter,https://buybetter.ng/product/mario-badescu-drying-lotion-29ml/
MARY and MAY -CICA Tea Tree AHA PHA Blemish Toner 6.76 oz 200ml,Generic/Unlisted,Treat,Face,21767,BuyBetter,https://buybetter.ng/product/mary-may-cica-tea-tree-aha-pha-blemish-toner-6-76-oz-200ml/
MARY AND MAY Hyaluronic Serum 80ml,Generic/Unlisted,Treat,Face,15588,BuyBetter,https://buybetter.ng/product/mary-and-may-hyaluronic-serum-80ml/
MARY And MAY Marine Collagen (Youth And Glow) Serum 1.01 oz 30ml,Generic/Unlisted,Treat,Face,11000,BuyBetter,https://buybetter.ng/product/mary-may-marine-collagen-youth-glow-serum-1-01-oz-30ml/
MARY AND MAY Niacinamide + Chaenomeles Sinensis Serum 10ml,Generic/Unlisted,Treat,Face,10750,BuyBetter,https://buybetter.ng/product/mary-and-may-niacinamide-chaenomeles-sinensis-serum-10ml/
MARY And MAY Niacinamide + Chaenomeles Sinesis Serum 1.01 oz 30ml,Generic/Unlisted,Treat,Face,11500,BuyBetter,https://buybetter.ng/product/mary-may-niacinamide-chaenomeles-sinensis-serum-1-01-oz-30ml/
MARY And MAY Peptide Bakuchiol SPF50++ PA+++Sun Stick 0.63 oz 18g,Generic/Unlisted,Protect,Face,15500,BuyBetter,https://buybetter.ng/product/mary-may-peptide-bakuchiol-spf50-pasun-stick-0-63-oz-18g/
MARY And MAY Rose Collagen Mist Serum 3.38 oz 100ml,Generic/Unlisted,Treat,Face,16500,BuyBetter,https://buybetter.ng/product/mary-may-rose-collagen-mist-serum-3-38-oz-100ml/
Mary And May Spicule Retinol PDRN Cream 15g,Generic/Unlisted,Treat,Face,10800,BuyBetter,https://buybetter.ng/product/mary-and-may-spicule-retinol-pdrn-cream-15g/
MEDICUBE -Red serum 30ml,Generic/Unlisted,Treat,Face,16770,BuyBetter,https://buybetter.ng/product/medicube-red-serum-30ml/
MEDICUBE -Soymint Scaling Shampoo 490ml,Generic/Unlisted,Other,Hair Care,17830,BuyBetter,https://buybetter.ng/product/medicube-soymint-scaling-shampoo-490ml/
MEDICUBE AGE-R Glutathione Glow Capsule Cream 50ml,Generic/Unlisted,Moisturize,Face,17415,BuyBetter,https://buybetter.ng/product/medicube-age-r-glutathione-glow-capsule-cream/
MEDICUBE Collagen Glow Booster Serum 15ml,Generic/Unlisted,Treat,Face,22575,BuyBetter,https://buybetter.ng/product/medicube-collagen-glow-booster-serum-15ml/
MEDICUBE Collagen Night Wrapping Mask 75ml,Generic/Unlisted,Treat,Face,17501,BuyBetter,https://buybetter.ng/product/medicube-collagen-night-wrapping-mask-75ml/
MEDICUBE DEEP VITA C 14.5% AMPOULE 3-in-1,Generic/Unlisted,Treat,Face,25478,BuyBetter,https://buybetter.ng/product/medicube-deep-vita-c-ampoule-2/
MEDICUBE EGF Firming Serum 30ml,Generic/Unlisted,Treat,Face,14900,BuyBetter,https://buybetter.ng/product/medicube-egf-firming-serum-30ml/
MEDICUBE Exosome CICA Toner 210ml,Generic/Unlisted,Treat,Face,20359,BuyBetter,https://buybetter.ng/product/medicube-exosome-cica-toner-210ml/
MEDICUBE Glutathione Glow Serum 30ml,Generic/Unlisted,Treat,Face,14900,BuyBetter,https://buybetter.ng/product/medicube-age-r-glutathione-glow-serum-30ml/
MEDICUBE Hypochlorous Acid Daily Facial Spray 125ml,Generic/Unlisted,Treat,Face,17000,BuyBetter,https://buybetter.ng/product/medicube-hypochlorous-acid-daily-facial-spray-125ml/
MEDICUBE KOJIC ACID TURMERIC BRIGHTENING GEL MASK (1 sheet),Generic/Unlisted,Treat,Face,7000,BuyBetter,https://buybetter.ng/product/medicube-kojic-acid-turmeric-brightening-gel-mask-4ea/
MEDICUBE Kojic Acid Turmeric Niacinamide Serum 30ml,Generic/Unlisted,Treat,Face,15000,BuyBetter,https://buybetter.ng/product/medicube-kojic-acid-turmeric-niacinamide-serum-30ml/
MEDICUBE Kojic Acid Turmeric Night Wrapping Mask 75ml,Generic/Unlisted,Treat,Face,17630,BuyBetter,https://buybetter.ng/product/medicube-kojic-acid-turmeric-night-wrapping-mask-75ml/
MEDICUBE Kojic Acid Turmeric Resurfacing Toner 250ml,Generic/Unlisted,Treat,Face,13900,BuyBetter,https://buybetter.ng/product/medicube-kojic-acid-turmeric-resufacing-toner-250ml/
MEDICUBE One Day Exosome Shot 2000 30ml,Generic/Unlisted,Uncategorized,Face,21016,BuyBetter,https://buybetter.ng/product/medicube-one-day-exosome-shot-2000-30ml/
MEDICUBE One Day Exosome Shot Pore Serum 7500 30ml,Generic/Unlisted,Treat,Face,24725,BuyBetter,https://buybetter.ng/product/medicube-one-day-exosome-shot-pore-serum-7500-30ml/
MEDICUBE PDRN Pink Collagen Volume Multi Balm 10g,Generic/Unlisted,Moisturize,Lip Care,16900,BuyBetter,https://buybetter.ng/product/medicube-pdrn-pacink-collagen-volume-multi-balm-10g/
MEDICUBE PDRN Pink Glutathione Serum Mist 100ml,Generic/Unlisted,Treat,Face,19888,BuyBetter,https://buybetter.ng/product/medicube-pdrn-pink-glutathione-serum-mist-100ml/
MEDICUBE PDRN Pink Niacinamide Whip Cleanser 120g,Generic/Unlisted,Cleanse,Face,14000,BuyBetter,https://buybetter.ng/product/medicube-pdrn-pink-niacinamide-whip-cleanser-120g/
MEDICUBE PDRN Sleeping Mask 10g,Generic/Unlisted,Treat,Face,12500,BuyBetter,https://buybetter.ng/product/medicube-pdrn-sleeping-mask-10g/
MEDICUBE Red Acne (AHA|BHA|PHA| Niacinamide) Body Wash 400g,Generic/Unlisted,Cleanse,Body,22790,BuyBetter,https://buybetter.ng/product/medicube-red-acne-body-wash-ahabhapha-niacinamide-400g/
MEDICUBE Red Acne Succinic Acid Peel 40g,Generic/Unlisted,Treat,Face,21715,BuyBetter,https://buybetter.ng/product/medicube-red-acne-succinic-acid-peel-40g/
MEDICUBE Red Clear Cica Body Scrub,Generic/Unlisted,Cleanse,Body,16985,BuyBetter,https://buybetter.ng/product/medicube-red-clear-cica-body-scrub/
MEDICUBE Red Cream Plus 100ml,Generic/Unlisted,Moisturize,Face,19350,BuyBetter,https://buybetter.ng/product/medicube-red-cream-plus-100ml/
MEDICUBE Red Erasing cream 100ml,Generic/Unlisted,Moisturize,Face,22302,BuyBetter,https://buybetter.ng/product/medicube-red-erasing-cream-100ml/
MEDICUBE Red Erasing cream 50ml,Generic/Unlisted,Moisturize,Face,19046,BuyBetter,https://buybetter.ng/product/medicube-red-erasing-cream-50ml/
MEDICUBE Red Foam Cleanser 230ml,Generic/Unlisted,Cleanse,Face,19046,BuyBetter,https://buybetter.ng/product/medicube-red-foam-cleanser-230ml/
MEDICUBE Red Foaming Cleanser 120ml,Generic/Unlisted,Cleanse,Face,16731,BuyBetter,https://buybetter.ng/product/medicube-red-foaming-cleanser-120ml/
MEDICUBE Red Serum Plus 55ml,Generic/Unlisted,Treat,Face,19135,BuyBetter,https://buybetter.ng/product/medicube-red-serum-plus-55ml/
MEDICUBE Red Succinic Acid Niacinamide Serum 30ml,Generic/Unlisted,Treat,Face,20202,BuyBetter,https://buybetter.ng/product/medicube-red-succinic-acid-niacinamide-serum/
MEDICUBE Red Toner 100ml,Generic/Unlisted,Treat,Face,17888,BuyBetter,https://buybetter.ng/product/medicube-red-toner-100ml/
MEDICUBE Retinol NMN Boosting Serum 30ml,Generic/Unlisted,Treat,Face,15000,BuyBetter,https://buybetter.ng/product/medicube-retinol-nmn-boosting-serum-30ml/
MEDICUBE TXA + 5% Niacinamide Capsule Cream 55g,Generic/Unlisted,Treat,Face,19135,BuyBetter,https://buybetter.ng/product/medicube-txa-5-niacinamide-capsule-cream-55g/
MEDICUBE Zero Foam Cleanser 120ml,Generic/Unlisted,Cleanse,Face,18813,BuyBetter,https://buybetter.ng/product/medicube-zero-foam-cleanser-120ml/
MEDICUBE Zero Pore Black Head Mud Mask 100g,Generic/Unlisted,Treat,Face,13975,BuyBetter,https://buybetter.ng/product/medicube-zero-pore-black-head-mud-mask-100g/
MEDICUBE Zero Pore One Day Peptide Serum 30ml,Generic/Unlisted,Treat,Face,14900,BuyBetter,https://buybetter.ng/product/medicube-zero-pore-one-day-peptide-serum-30ml/
MEDICUBE Zero Pore One Day Serum 30ml,Generic/Unlisted,Treat,Face,13975,BuyBetter,https://buybetter.ng/product/medicube-zero-pore-one-day-serum-30ml/
MEDICUBE Zero Pore Toner 250ml,Generic/Unlisted,Treat,Face,13438,BuyBetter,https://buybetter.ng/product/medicube-zero-pore-toner-250g/
MEDICUBE- Collagen Lifting Mask 27g (1 Sheet),Generic/Unlisted,Treat,Face,6020,BuyBetter,https://buybetter.ng/product/medicube-collagen-lifting-mask-27g-1-sheet/
MEDIX -5.5 Hyaluronic + Cica Extract (Body Treatment Cream) 444ml,Generic/Unlisted,Treat,Body,18490,BuyBetter,https://buybetter.ng/product/medix-55-hyaluronic-cica-extract-body-treatment-cream-444ml/
MEDIX 5.5 Argan Oil + Vitamin E (Body Treatment Cream) 444ml,Generic/Unlisted,Treat,Body,18490,BuyBetter,https://buybetter.ng/product/medix-55-argan-oil-vitamin-e-body-treatment-cream-444-ml/
MEDIX 5.5 Collagen + Peptides (Age Control Moisturizer) 444ml,Generic/Unlisted,Moisturize,Face,17400,BuyBetter,https://buybetter.ng/product/medix-55-collagen-peptides-age-control-moisturizer-444ml/
MEDIX 5.5 Collagen Peptides (PLUMP + LIFT) Body Cream 444ml,Generic/Unlisted,Moisturize,Body,18490,BuyBetter,https://buybetter.ng/product/medix-5-5-collagen-peptides-plump-lift-body-cream-444ml/
MEDIX 5.5 Niacinamide (Body Treatment Cream) 444ml,Generic/Unlisted,Treat,Body,17400,BuyBetter,https://buybetter.ng/product/medix-5-5-niacinamide-body-treatment-cream-444ml/
MEDIX 5.5 Retinol + Ferulic Acid (Anti-Sagging Treatment) 444ml,Generic/Unlisted,Treat,Face,17400,BuyBetter,https://buybetter.ng/product/medix-55-retinol-ferulic-acid-anti-sagging-treatment-444ml/
MENARINI A-Ret Tretinoin 0.05% Gel 20g,Generic/Unlisted,Uncategorized,Face,5531,BuyBetter,https://buybetter.ng/product/menarini-a-ret-tretinoin-0-05-gel-20g/
MERGE – Retinol Smoothing Body Lotion 250ml,Generic/Unlisted,Treat,Body,23000,BuyBetter,https://buybetter.ng/product/merge-retinol-smoothing-body-lotion-250ml/
MERGE -Mandelic Urea Body Lotion,Generic/Unlisted,Moisturize,Body,23000,BuyBetter,https://buybetter.ng/product/merge-skincare-mandelic-acid-lactic-acid-urea-brightening-body-lotion-250ml/
METHOD BODY -(Cucumber + seaweed + green tea) Daily Zen Body Wash 18 oz 532ml,Generic/Unlisted,Cleanse,Body,18813,BuyBetter,https://buybetter.ng/product/method-body-cucumber-seaweed-green-tea-daily-zen-body-wash-18-oz-532ml/
MISSHA Airy Fit (Cucumber) Sheet Mask 19g,Missha,Treat,Face,3850,BuyBetter,https://buybetter.ng/product/missha-airy-fit-cucumber-sheet-mask-19g/
MISSHA Airy Fit (Lemon) Sheet Mask 19g,Missha,Treat,Face,3850,BuyBetter,https://buybetter.ng/product/missha-airy-fit-lemon-sheet-mask-19g/
MISSHA Airy Fit (Potato) Sheet Mask 19g,Missha,Treat,Face,3850,BuyBetter,https://buybetter.ng/product/missha-airy-fit-potato-sheet-mask-19g/
MISSHA All Around Safe Block Aqua Sun SPF50+ PA+++ 50ml,Missha,Protect,Face,9800,BuyBetter,https://buybetter.ng/product/missha-all-around-safe-block-aqua-sun-spf50-pa-new-50ml/
MISSHA ESSENCE All Around Safe Block Essence Sun SPF45 PA+++ 50ml,Missha,Protect,Face,11900,BuyBetter,https://buybetter.ng/product/missha-essence-all-around-safe-block-sun-spf45-pa-50ml/
MISSHA Mascure Whitening Solution Sheet Mask,Missha,Treat,Face,4193,BuyBetter,https://buybetter.ng/product/missha-mascure-whitening-solution-sheet-mask/
MISSHA Red Ginseng Airy Fit Sheet Mask,Missha,Treat,Face,3763,BuyBetter,https://buybetter.ng/product/missha-red-ginseng-airy-fit-sheet-mask/
MISSHA Super Aqua 10 Hyaluronic Acid Foaming Cleanser 6.76 oz 200ml,Missha,Cleanse,Face,10000,BuyBetter,https://buybetter.ng/product/missha-super-aqua-10-hyaluronic-acid-ultra-hyalron-foaming-cleanser-6-76-oz-200ml/
MISSHA Super Aqua 10 Hyaluronic Acid Ultra Hyalron Peeling Gel 3.38 oz 100ml,Missha,Treat,Face,10500,BuyBetter,https://buybetter.ng/product/missha-super-aqua-10-hyaluronic-acid-ultra-hyalron-peeling-gel-3-38-oz-100ml/
MISSHA Super Aqua Ultra Hyaluron Balm Cream Original 70ml,Missha,Moisturize,Lip Care,20425,BuyBetter,https://buybetter.ng/product/missha-super-aqua-ultra-hyaluron-balm-cream-original-70ml/
MISSHA Super Aqua Ultra Hyaluron Gel Cream 70ml,Missha,Moisturize,Face,20425,BuyBetter,https://buybetter.ng/product/missha-super-aqua-ultra-hyaluron-gel-cream-70ml/
MISSHA VITA C Ascorbic Acid Clear Complexion Foaming Cleanser 4.05 oz 120ml,Missha,Cleanse,Face,10900,BuyBetter,https://buybetter.ng/product/missha-vita-c-ascorbic-acid-clear-complexion-foaming-cleanser-4-05-oz-120ml/
MIXSOON -Bean Essence 1.01 oz 30ml,Mixsoon,Treat,Face,15587.5,BuyBetter,https://buybetter.ng/product/mixsoon-bean-essence-30ml/
MIXSOON -Bean Essence 50ml,Mixsoon,Treat,Face,15587.5,BuyBetter,https://buybetter.ng/product/mixsoon-bean-essence-50ml/
MIXSOON -Soondy Centella Asiatica Essence 100ml,Mixsoon,Treat,Face,27950,BuyBetter,https://buybetter.ng/product/mixsoon-soondy-centella-asiatica-essence-100ml/
MIZON -SNAIL REPAIRING FOAM CLEANSER 60ML,Generic/Unlisted,Cleanse,Face,9568,BuyBetter,https://buybetter.ng/product/mizon-snail-repairing-foam-cleanser/
MIZON PHYTO PLUMP COLLAGEN TONER 150ML,Generic/Unlisted,Treat,Face,19135,BuyBetter,https://buybetter.ng/product/mizon-phyto-plump-collagen-toner-150ml/
MIZON SNAIL RECOVERY GEL CREAM 45ML,Generic/Unlisted,Moisturize,Face,12040,BuyBetter,https://buybetter.ng/product/mizon-snail-recovery-gel-cream-45ml/
MIZON SNAIL REPAIR INTENSIVE TONER 100ML,Generic/Unlisted,Treat,Face,17200,BuyBetter,https://buybetter.ng/product/mizon-snail-repair-intensive-toner-100ml/
MIZON- Rice Real Cleansing Foam,Generic/Unlisted,Cleanse,Face,11300,BuyBetter,https://buybetter.ng/product/mizon-rice-real-cleansing-foam/
MONISTAT 7 -Vaginal Antifungal Combination Pack (45g tube + 15g tube + 7 applicators),Generic/Unlisted,Uncategorized,Face,21608,BuyBetter,https://buybetter.ng/product/monistat-7-miconazole-nitrate-vaginal-cream-2-vaginal-antifungal-1-59-oz-45g/
Monistat Care Chafing Relief Powder Gel 42g,Generic/Unlisted,Other,Makeup,10293.76,BuyBetter,https://buybetter.ng/product/monistat-care-chafing-relief-powder-gel-1-5-oz-42g/
MUSTELA Diaper Cream(Bio Organic Olive Oil) 75ml,Generic/Unlisted,Moisturize,Face,35475,BuyBetter,https://buybetter.ng/product/mustela-diaper-creambio-organic-olive-oil-75ml/
MUSTELA Gentle Cleansing Gel (Hair And Body) 50ml,Generic/Unlisted,Other,Hair Care,37625,BuyBetter,https://buybetter.ng/product/mustela-gentle-cleansing-gel-hair-and-body-50ml/
MUSTELA No Rinse Cleansing Water(With Avocado) 50ml,Generic/Unlisted,Cleanse,Face,37625,BuyBetter,https://buybetter.ng/product/mustela-no-rinse-cleansing-waterwith-avocado-50ml/
MUSTELA Stelatopia Cleansing Gel (Anti-Tightness) 200ml,Generic/Unlisted,Cleanse,Face,47300,BuyBetter,https://buybetter.ng/product/mustela-stelatopia-cleansing-gel-anti-tightness-200ml/
MUSTELA Vitamin Barrier Cream (Skin Discomfort),Generic/Unlisted,Moisturize,Face,29240,BuyBetter,https://buybetter.ng/product/mustela-vitamin-barrier-cream-skin-discomfort/
NACIFIC -Niacinamide Brightening Mask Pack,Generic/Unlisted,Treat,Face,3763,BuyBetter,https://buybetter.ng/product/nacific-niacinamide-brightening-mask-1-sheet/
NACIFIC -PINK AHABHA Serum 50ml,Generic/Unlisted,Treat,Face,18200,BuyBetter,https://buybetter.ng/product/nacific-pink-ahabha-serum-50ml/
NACIFIC -PINK AHABHA Toner 5.07 oz 150ml,Generic/Unlisted,Treat,Face,16200,BuyBetter,https://buybetter.ng/product/nacific-pink-ahabha-toner-5-07-oz-150ml/
NACIFIC -UYU (Jetu Milk Extract Moisturising) Cream Toner 150ml,Generic/Unlisted,Treat,Face,16200,BuyBetter,https://buybetter.ng/product/nacific-uyu-jetu-milk-extract-moisturising-cream-toner-150ml/
NAIR – Body Cream Hair Remover (Rich Cocoa Butter and Vitamin E) 224g,Generic/Unlisted,Other,Hair Care,14943,BuyBetter,https://buybetter.ng/product/nair-body-cream-hair-remover-rich-cocoa-butter-and-vitamin-e-224g/
NAIR Shower Cream 340g,Generic/Unlisted,Moisturize,Body,21900,BuyBetter,https://buybetter.ng/product/nair-shower-cream-340g/
NATURAL VITALITY CALM 325MG 567g,Generic/Unlisted,Uncategorized,Face,53750,BuyBetter,https://buybetter.ng/product/natural-vitality-calm-325mg-567g/
"NATURE’S BOUNTY Advanced Hair, Skin And Nails Gummies 6,000 mcg Biotin 80 Gummies",Generic/Unlisted,Other,Hair Care,23650,BuyBetter,https://buybetter.ng/product/natures-bounty-advanced-6000mcg-80-gummies/
"NATURE’S BOUNTY Hair, Skin And Nails Collagen And Biotin 100mg Collagen 80 Gummies",Generic/Unlisted,Other,Hair Care,21500,BuyBetter,https://buybetter.ng/product/natures-bounty-hair-skin-and-nails-gummies-collagen-amp-biotin-80gummies-100mg/
NATURE’S BOUNTY Vitamin B12 2500mcg 300 Quick Dissolve Tablets,Generic/Unlisted,Uncategorized,Face,47838,BuyBetter,https://buybetter.ng/product/natures-bounty-vitamin-b12-2500mcg-300-quick-dissolve-tablets/
"NatureMade – Iron 65mg, 365 Tablets",Generic/Unlisted,Uncategorized,Face,39775,BuyBetter,https://buybetter.ng/product/nature-made-iron-65mg-365-tablets/
NatureMade D3 1000IU  x650Softgel,Generic/Unlisted,Uncategorized,Face,39775,BuyBetter,https://buybetter.ng/product/naturemade-d3-1000iu-x650softgel/
NATUREMADE Super C with Vitamin D3 And Zinc Dietary Supplements (200 tablets),Generic/Unlisted,Uncategorized,Face,45473,BuyBetter,https://buybetter.ng/product/nature-made-super-c-with-vitamin-d3-zinc-dietary-supplements-200-tablets/
NATURES GENTLE TOUCH -Monoi Oil Natural Hair Conditioning Therapy (500ml),Generic/Unlisted,Other,Hair Care,5885,BuyBetter,https://buybetter.ng/product/natures-gentle-touch-monoi-oil-natural-hair-conditioning-therapy-500ml/
NATURES GENTLE TOUCH -Monoi Oil Natural Hair Restore Serum (500ml),Generic/Unlisted,Other,Hair Care,5885,BuyBetter,https://buybetter.ng/product/natures-gentle-touch-monoi-oil-natural-hair-restore-serum-500ml/
NATURES GENTLE TOUCH -Monoi Oil Natural Lock and Twist 425g,Generic/Unlisted,Moisturize,Face,7085,BuyBetter,https://buybetter.ng/product/natures-gentle-touch-monoi-oil-natural-lock-and-twist-425g/
NATURES GENTLE TOUCH -Nonstop Herbal Oil 180g,Generic/Unlisted,Moisturize,Face,3216,BuyBetter,https://buybetter.ng/product/natures-gentle-touch-nonstop-herbal-oil-180g/
NATURES GENTLE TOUCH -Tangerine Oil Bath And Shower Concentrate (500ml),Generic/Unlisted,Moisturize,Body,8470,BuyBetter,https://buybetter.ng/product/natures-gentle-touch-tangerine-oil-bath-shower-concentrate-500ml/
NATURES GENTLE TOUCH -Tea Tree Anti-Dandruff Instant Conditioner (250ml),Generic/Unlisted,Other,Hair Care,4070,BuyBetter,https://buybetter.ng/product/natures-gentle-touch-tea-tree-anti-dandruff-instant-conditioner-250ml/
NATURES GENTLE TOUCH -Tea Tree Anti-Dandruff Leave-in Treatment (250ml),Generic/Unlisted,Treat,Face,4070,BuyBetter,https://buybetter.ng/product/natures-gentle-touch-tea-tree-anti-dandruff-leave-in-treatment-250ml/
NATURES GENTLE TOUCH -Thai Basil Oil Bath And Shower Concentrate (500ml),Generic/Unlisted,Moisturize,Body,8470,BuyBetter,https://buybetter.ng/product/natures-gentle-touch-thai-basil-oil-bath-shower-concentrate-500ml/
NATURIUM Skin Renewing Retinol Body Lotion ( Fragrance free),Generic/Unlisted,Treat,Body,48000,BuyBetter,https://buybetter.ng/product/naturium-skin-renewing-retinol-body-lotion-fragrance-free/
NATURIUM The Booster Hyaluronic Acid Body Wash 500ml,Generic/Unlisted,Cleanse,Body,36500,BuyBetter,https://buybetter.ng/product/naturium-the-booster-hyaluronic-acid-body-wash-500ml/
NATURIUM The Brightener Vitamin C Body Wash 16.9 oz 500ml,Generic/Unlisted,Cleanse,Body,36500,BuyBetter,https://buybetter.ng/product/naturium-the-brightener-vitamin-c-body-wash-16-9-oz-500ml/
NATURIUM The Glow Getter Body Oil 3.4 oz 100ml,Generic/Unlisted,Moisturize,Body,50500,BuyBetter,https://buybetter.ng/product/naturium-the-glow-getter-body-oil-3-4-oz-100ml/
NATURIUM The Glow Getter Multi-Oil Body Butter 232ml,Generic/Unlisted,Moisturize,Body,45150,BuyBetter,https://buybetter.ng/product/naturium-the-glow-getter-multi-oil-body-butter-232ml/
NATURIUM The Glow Getter Multi-Oil Body Wash 16.9 oz 500ml,Generic/Unlisted,Cleanse,Body,36500,BuyBetter,https://buybetter.ng/product/naturium-the-glow-getter-multi-oil-body-wash-16-9-oz-500ml/
NATURIUM The Perfector Salicylic Acid Body Wash 16.9 oz 500ml,Generic/Unlisted,Cleanse,Body,36500,BuyBetter,https://buybetter.ng/product/naturium-the-perfector-salicylic-acid-body-wash-16-9-oz-500ml/
NATURIUM Urea 5% Body Serum ( Fragrance Free) 414ML,Generic/Unlisted,Treat,Body,43000,BuyBetter,https://buybetter.ng/product/naturium-urea-5-body-serum-fragrance-free-414ml/
NEUTROGENA -Body Clear (Pink Grapefruit) Body Wash 8.5 oz 250ml,Generic/Unlisted,Cleanse,Body,19135,BuyBetter,https://buybetter.ng/product/neutrogena-body-clear-body-wash-pink-grapefruit-250ml/
NEUTROGENA -Body Clear Body Scrub 8.5 oz 250ml,Generic/Unlisted,Cleanse,Body,18812.5,BuyBetter,https://buybetter.ng/product/neutrogena-body-clear-oil-free-body-acne-wash-4/
NEUTROGENA -Body Clear Body Wash 8.5 oz 250ml,Generic/Unlisted,Cleanse,Body,18812.5,BuyBetter,https://buybetter.ng/product/neutrogena-body-clear-oil-free-body-acne-wash/
NEUTROGENA -Oil Free Acne Wash (Pink Grapefruit) Facial Cleanser 9.1 oz 269ml,Generic/Unlisted,Cleanse,Face,24725,BuyBetter,https://buybetter.ng/product/neutrogena-acne-wash-pink-grapefruit-269ml/
NINELESS A-Control Heartleaf And BHA Cleanser 120ml,Generic/Unlisted,Cleanse,Face,10750,BuyBetter,https://buybetter.ng/product/nineless-a-control-heartleaf-bha-cleanser-120ml/
NINELESS B BOOST 10% NIACINAMIDE SERUM 30ML,Generic/Unlisted,Treat,Face,12900,BuyBetter,https://buybetter.ng/product/nineless-niacinamide-serum-30ml-2/
NINELESS B-BOOST (1% Kojic Acid) Serum 30ml,Generic/Unlisted,Treat,Face,12900,BuyBetter,https://buybetter.ng/product/nineless-b-boost-1-kojic-acid-serum-30ml/
NINELESS Ever-Youth Dual Effect Eye Cream 20ml,Generic/Unlisted,Moisturize,Eye Care,15050,BuyBetter,https://buybetter.ng/product/nineless-youth-dual-effect-eye-cream-20ml/
NINELESS MELA-PRO Rice And TXA Toner 200ml,Generic/Unlisted,Treat,Face,14500,BuyBetter,https://buybetter.ng/product/nineless-mela-pro-rice-txa-toner-200ml/
NINELESS MOLECULE-CLEAR (5% Glycolic Acid) Serum 30ml,Generic/Unlisted,Treat,Face,13222.5,BuyBetter,https://buybetter.ng/product/nineless-molecule-clear-5-glycolic-acid-serum-30ml/
NINELESS MOLECULE-CLEAR (5% Lactic Acid) Serum 1.01 oz 30ml,Generic/Unlisted,Treat,Face,14728,BuyBetter,https://buybetter.ng/product/nineless-molecule-clear-5-lactic-acid-serum-1-01-oz-30ml/
NINELESS MOLECULE-CLEAR (Salicylic Acid) Serum 1.01 oz 30ml,Generic/Unlisted,Treat,Face,14566,BuyBetter,https://buybetter.ng/product/nineless-molecule-clear-salicylic-acid-serum-1-01-oz-30ml/
NIU KIDS Gentle Care Wash And Shampoo 500ml,Generic/Unlisted,Other,Hair Care,6850,BuyBetter,https://buybetter.ng/product/niu-kids-gentle-care-wash-and-shampoo-500ml/
NIU KIDS Pure And Gentle Care Lotion 320ml,Generic/Unlisted,Moisturize,Face,6850,BuyBetter,https://buybetter.ng/product/niu-kids-pure-and-gentle-care-lotion-320ml/
NIU SKIN Bright And Clear Face Cream 50ml,Generic/Unlisted,Moisturize,Face,5400,BuyBetter,https://buybetter.ng/product/niu-skin-bright-and-clear-face-cream-50ml/
NIU SKIN Bright And Clear Sheet Mask,Generic/Unlisted,Treat,Face,1150,BuyBetter,https://buybetter.ng/product/niu-skin-bright-and-clear-sheet-mask/
"NIU SKIN Extra Plant Extracts More Luminous (With Alpha Arbutin, Niacinamide and Vitamin C) OUD WOOD Body Lotion 480ml",Generic/Unlisted,Treat,Body,6450,BuyBetter,https://buybetter.ng/product/niu-skin-extra-plant-extracts-more-luminous-480ml/
NIU SKIN Gentle Face Wash/Cleanser (Amino acid) 100ml,Generic/Unlisted,Cleanse,Face,4461,BuyBetter,https://buybetter.ng/product/niu-skin-gentle-face-wash-cleanser-amino-acid-100ml/
"NIU SKIN Glowing (Niacinamide, Vitamin C And AHA) Body Wash 800ml",Generic/Unlisted,Cleanse,Body,7418,BuyBetter,https://buybetter.ng/product/niu-skin-glowing-niacinamide-vitamin-c-aha-body-wash-800ml/
NIU SKIN Lip Gloss,Generic/Unlisted,Other,Makeup,2000,BuyBetter,https://buybetter.ng/product/niu-skin-lip-gloss/
"NIU SKIN More Vitamin Extra Radiance (With Alpha Arbutin, Niacinamide And Vitamin C) Body Lotion NO.5 480ML",Generic/Unlisted,Treat,Body,6450,BuyBetter,https://buybetter.ng/product/niu-skin-with-alpha-arbutin-niacinamide-and-vitamin-c-body-lotion-480ml-no-5/
NIU SKIN Total Effects Platinum White Face Essence Lotion SPF 20++ 50m,Generic/Unlisted,Protect,Face,4500,BuyBetter,https://buybetter.ng/product/niu-skin-platinum-white-face-essence-lotion/
NIU SKIN Total Effects Platinum white Intensive Serum 30ml,Generic/Unlisted,Treat,Face,4623,BuyBetter,https://buybetter.ng/product/niu-skin-platinum-white-intensive-serum-30ml/
NIVEA Body Lotion Nourishing Cocoa 400ml,Generic/Unlisted,Moisturize,Body,5000,BuyBetter,https://buybetter.ng/product/nivea-body-lotion-nourishing-cocoa-400ml/
NIVEA Deo Roll On (Black And White Invisible) For Men 50ml,Generic/Unlisted,Uncategorized,Face,2400,BuyBetter,https://buybetter.ng/product/nivea-deo-roll-on-black-white-invisible-for-men-50ml/
NIVEA Deo Roll On (Dry Comfort) For Men 50ml,Generic/Unlisted,Uncategorized,Face,2400,BuyBetter,https://buybetter.ng/product/nivea-deo-roll-on-dry-comfort-for-men-50ml/
NIVEA Fresh Energy Roll-On (Blue) 50ml,Generic/Unlisted,Uncategorized,Body,2400,BuyBetter,https://buybetter.ng/product/nivea-fresh-energy-roll-on-blue-50ml/
NIVEA Lip Care Hydro Care 5.5ml,Generic/Unlisted,Uncategorized,Lip Care,3900,BuyBetter,https://buybetter.ng/product/nivea-lip-care-hydro-care-5-5ml/
NIVEA Lip Care Original Care 5.5ml,Generic/Unlisted,Uncategorized,Lip Care,3900,BuyBetter,https://buybetter.ng/product/nivea-lip-care-original-care-5-5ml/
Nivea Lip Care Strawberry Shine 5.5ml,Generic/Unlisted,Uncategorized,Lip Care,3900,BuyBetter,https://buybetter.ng/product/nivea-lip-care-strawberry-5-5ml/
NIVEA Lip Care Watermelon 5.5ml,Generic/Unlisted,Uncategorized,Lip Care,3900,BuyBetter,https://buybetter.ng/product/nivea-lip-care-watermelon-5-5ml/
NIVEA Lip Fruity Shine Blackberry 5.5ml,Generic/Unlisted,Uncategorized,Lip Care,3900,BuyBetter,https://buybetter.ng/product/nivea-lip-fruity-shine-blackberry-5-5ml/
NIVEA MEN Black and White Invisible Original 48h 200ml,Generic/Unlisted,Uncategorized,Face,4900,BuyBetter,https://buybetter.ng/product/nivea-men-black-white-invisible-original-48h-200ml/
NIVEA Men Body Lotion Express Hydration 400ml,Generic/Unlisted,Moisturize,Body,5805,BuyBetter,https://buybetter.ng/product/nivea-men-body-lotion-express-hydration-400ml/
NIVEA Men Body Lotion Revitalizing Milk 400ml,Generic/Unlisted,Moisturize,Body,5000,BuyBetter,https://buybetter.ng/product/nivea-men-body-lotion-revitalizing-milk-400ml/
NIVEA Men Cool Kick Spray 200ml,Generic/Unlisted,Uncategorized,Face,4900,BuyBetter,https://buybetter.ng/product/nivea-men-cool-kick-spray-200ml/
NIVEA MEN Deep Body Lotion 48hr 400ml,Generic/Unlisted,Moisturize,Body,5300,BuyBetter,https://buybetter.ng/product/nivea-men-deep-body-lotion-48hr-400ml/
NIVEA MEN Deep Darkwood 72hr 50ml,Generic/Unlisted,Uncategorized,Face,2400,BuyBetter,https://buybetter.ng/product/nivea-men-deep-darkwood-72hr-50ml/
NIVEA MEN Deep Espresso 72hr 50ml,Generic/Unlisted,Uncategorized,Face,2400,BuyBetter,https://buybetter.ng/product/nivea-men-deep-espresso-72hr-50ml/
NIVEA Men Deo Roll On (Cool kick)50ml,Generic/Unlisted,Uncategorized,Face,2400,BuyBetter,https://buybetter.ng/product/nivea-deo-roll-on-cool-kick-for-men-50ml/
NIVEA MEN Dry Impact roll-on 72h 50ml,Generic/Unlisted,Uncategorized,Body,2400,BuyBetter,https://buybetter.ng/product/nivea-men-dry-impact-roll-on-72h-50ml/
NIVEA Men Fresh Active Spray 200ml,Generic/Unlisted,Uncategorized,Face,4900,BuyBetter,https://buybetter.ng/product/nivea-men-fresh-active-spray-200ml/
NIVEA Men Fresh Natural Spray 200ml,Generic/Unlisted,Uncategorized,Face,4900,BuyBetter,https://buybetter.ng/product/nivea-men-fresh-natural-spray-200ml/
NIVEA Men roll on Fresh Active 50ml,Generic/Unlisted,Uncategorized,Face,2400,BuyBetter,https://buybetter.ng/product/nivea-men-roll-on-fresh-active-50ml/
NIVEA Men Roll On Fresh Natural 50ml,Generic/Unlisted,Uncategorized,Face,2400,BuyBetter,https://buybetter.ng/product/nivea-men-roll-on-fresh-natural-50ml/
NIVEA Pearl And Beauty 72hr 50ml,Generic/Unlisted,Uncategorized,Face,2400,BuyBetter,https://buybetter.ng/product/nivea-pearl-beauty-72hr-50ml/
NIVEA Radiant + Beauty Even Skin Glow (95% Pure Vitamin C)Tone Body Lotion 400ml,Generic/Unlisted,Treat,Body,5000,BuyBetter,https://buybetter.ng/product/nivea-radiant-beauty-even-skin-glow-95-pure-vitamin-ctone-body-lotion-400ml/
NIVEA Radiant And Beauty Advance Care Promo Pack (With Roll On),Generic/Unlisted,Uncategorized,Face,6500,BuyBetter,https://buybetter.ng/product/nivea-radiant-and-beauty-advance-care-promo-pack-with-roll-on/
NIVEA Rich Nourishing 5-in-1 Body Lotion 400ml,Generic/Unlisted,Moisturize,Body,5000,BuyBetter,https://buybetter.ng/product/nivea-rich-nourishing-5-in-1-body-lotion-400ml/
NIZORAL Anti Dandruff Shampoo 200ml,Generic/Unlisted,Other,Hair Care,32250,BuyBetter,https://buybetter.ng/product/nizoral-anti-dandruff-shampoo-2/
OLAY -HYALURONIC + B3 (Nourishing) Body Lotion 502ml,Generic/Unlisted,Moisturize,Body,15910,BuyBetter,https://buybetter.ng/product/olay-hyaluronic-b3-nourishing-body-lotion-502ml/
OLAY -Soothing Dryness Relief Body Lotion 532ml,Generic/Unlisted,Moisturize,Body,20963,BuyBetter,https://buybetter.ng/product/olay-soothing-dryness-relief-body-lotion/
OLAY -Ultra Rich Moisture Body Lotion 532ml,Generic/Unlisted,Moisturize,Body,20963,BuyBetter,https://buybetter.ng/product/olay-ultra-rich-moisture-body-lotion-532ml/
OLAY Anti Wrinkle (Firm And Lift) Night Cream 50ml,Generic/Unlisted,Moisturize,Face,10965,BuyBetter,https://buybetter.ng/product/olay-anti-wrinkle-firm-lift-night-cream-50ml/
OLAY Cleaning Bump AHA Body Wash 591ml,Generic/Unlisted,Cleanse,Body,15910,BuyBetter,https://buybetter.ng/product/olay-cleaning-bump-aha-body-wash-591ml/
OLAY Collagen Firming And Hydrating Body Lotion 502ml,Generic/Unlisted,Moisturize,Body,15480,BuyBetter,https://buybetter.ng/product/olay-collagen-firming-hydrating-body-lotion-502ml/
OLAY Dark Spot Correcting (Vit C + AHA) Body Lotion 502ml,Generic/Unlisted,Treat,Body,15480,BuyBetter,https://buybetter.ng/product/olay-dark-spot-correcting-vit-c-aha-body-lotion-502ml/
OLAY Day And Night Restoring Body Lotion 532ml,Generic/Unlisted,Moisturize,Body,20963,BuyBetter,https://buybetter.ng/product/olay-day-night-restoring-body-lotion-532ml/
OLAY Intensely Hydrating Hyaluronic Serum Complex(Strawberry Fizz Scent) Body Wash 591ml,Generic/Unlisted,Cleanse,Body,18275,BuyBetter,https://buybetter.ng/product/olay-intensely-hydrating-hyaluronic-serum-complexstrawberry-fizz-scent-body-wash-591ml/
OLAY RETINOL24 + B3 (Smoothing) Body Lotion 502ml,Generic/Unlisted,Treat,Body,16125,BuyBetter,https://buybetter.ng/product/olay-retinol-24-b3-smoothing-body-lotion/
OLAY Super Serum (Normal Skin) Body Wash 18.5fl OZ 547ml,Generic/Unlisted,Cleanse,Body,20963,BuyBetter,https://buybetter.ng/product/olay-super-serum-normal-skin-body-wash-18-5fl-oz-547ml/
OLE HENRIKSEN Pout Preserve Peptide Lip Treatment – Cocoa Crème (0.4 oz / 12 ml),Generic/Unlisted,Treat,Lip Care,46225,BuyBetter,https://buybetter.ng/product/ole-henriksen-pout-preserve-peptide-lip-treatment-cocoa-creme-0-4-oz-12-ml/
OLE HENRIKSEN Pout Preserve Peptide Lip Treatment – Crème Brûlée (12 ml),Generic/Unlisted,Treat,Lip Care,46225,BuyBetter,https://buybetter.ng/product/ole-henriksen-pout-preserve-peptide-lip-treatment-creme-brulee-12-ml/
OLE HENRIKSEN Pout Preserve Peptide Lip Treatment – Strawberry Sorbet (12 ml),Generic/Unlisted,Treat,Lip Care,46225,BuyBetter,https://buybetter.ng/product/ole-henriksen-pout-preserve-peptide-lip-treatment-strawberry-sorbet-12-ml/
OLLY Goodbye Stress 42 Gummies,Generic/Unlisted,Uncategorized,Face,25800,BuyBetter,https://buybetter.ng/product/olly-goodbye-stress-gummy/
OLLY Happy Hoo-Ha Dietary Supplement 25capsules,Generic/Unlisted,Uncategorized,Face,30100,BuyBetter,https://buybetter.ng/product/olly-happy-hoo-ha-dietary-supplement-25capsules/
OOTD Brightening Vitamin C Body Lotion 750ml,Generic/Unlisted,Treat,Body,14000,BuyBetter,https://buybetter.ng/product/ootd-brightening-vitamin-c-body-lotion-750ml/
OOTD Brightening Vitamin C Body Wash 750ml,Generic/Unlisted,Cleanse,Body,14000,BuyBetter,https://buybetter.ng/product/ootd-brightening-vitamin-c-body-wash-750ml/
ORAJEL COCOMELON Baby Toothpaste And Toothbrush 1.0oz (WITH TOOTHBRUSH) (Single),Generic/Unlisted,Uncategorized,Face,8250,BuyBetter,https://buybetter.ng/product/orajel-cocomelon-baby-toothpaste-toothbrush-1-0oz-with-toothbrush-single/
ORAJEL CocoMelon Training Toothpaste (Natural Watermelon Flavor)42.5g,Generic/Unlisted,Uncategorized,Face,6750,BuyBetter,https://buybetter.ng/product/orajel-cocomelon-training-toothpaste-natural-watermelon-flavor42-5g/
ORAJEL Kids (Natural Berry Fruity) Training Toothpaste 42.5g,Generic/Unlisted,Uncategorized,Face,6750,BuyBetter,https://buybetter.ng/product/orajel-kids-training-tooth-paste-nickelodeon/
Orajel Kids (Natural Fruity Fun) Training Toothpaste Floride Free 42.5g,Generic/Unlisted,Uncategorized,Face,6750,BuyBetter,https://buybetter.ng/product/orajel-kids-natural-fruity-fun-training-toothpaste-floride-free-1-5-oz-42-5g/
OSESIVE Hydrating (Cranberry) Body Wash 500ml,Generic/Unlisted,Cleanse,Body,19500,BuyBetter,https://buybetter.ng/product/osesive-hydrating-cranberry-body-wash/
OSESIVE Hydrating (Ocean Kiss) Body Wash 500ml,Generic/Unlisted,Cleanse,Body,19500,BuyBetter,https://buybetter.ng/product/osesive-hydrating-ocean-kiss-body-wash-500ml/
OSESIVE Hydrating (Vanilla) Body Wash 500ml,Generic/Unlisted,Cleanse,Body,19500,BuyBetter,https://buybetter.ng/product/osesive-hydrating-vanilla-body-wash/
OSESIVE Renewing (Coconut Passion) Body Scrub 300g,Generic/Unlisted,Cleanse,Body,14170,BuyBetter,https://buybetter.ng/product/osesive-renewing-coconut-passion-body-scrub/
OSESIVE Renewing (Cranberry) Body Scrub 300g,Generic/Unlisted,Cleanse,Body,14170,BuyBetter,https://buybetter.ng/product/osesive-renewing-cranberry-body-scrub/
OSESIVE Renewing (Ocean Kiss) Body Scrub 300g,Generic/Unlisted,Cleanse,Body,14170,BuyBetter,https://buybetter.ng/product/osesive-renewing-ocean-kiss-body-scrub-300g/
OSESIVE Renewing (Vanilla) Body Scrub 300g,Generic/Unlisted,Cleanse,Body,14170,BuyBetter,https://buybetter.ng/product/osesive-renewing-vanilla-body-scrub-300g/
OSIRIS AVISE -Recovery Oil 100ml,Generic/Unlisted,Moisturize,Face,3763,BuyBetter,https://buybetter.ng/product/osiris-avise-recovery-oil-150ml/
PALMERS Brazilian Cocoa Cream Whipped 250g,Generic/Unlisted,Moisturize,Face,24900,BuyBetter,https://buybetter.ng/product/palmers-brazilian-cocoa-cream/
"PALMERS Brazilian Cocoa Firming Bum, Bust and Body Oil 192ml",Generic/Unlisted,Moisturize,Body,25500,BuyBetter,https://buybetter.ng/product/palmers-brazilian-cocoa-firming-bum-bust-and-body-oil-192ml/
PALMERS Cocoa Butter Body Scrub 200g,Generic/Unlisted,Cleanse,Body,14500,BuyBetter,https://buybetter.ng/product/palmers-cocoa-butter-body-scrub-200g/
PALMERS COCOA BUTTER NURSING BUTTER 30G,Generic/Unlisted,Moisturize,Face,9675,BuyBetter,https://buybetter.ng/product/palmers-cocoa-butter-nursing-butter-30g/
PALMERS Dark Spot Corrector (For All Skin) 30ml,Generic/Unlisted,Uncategorized,Face,18400,BuyBetter,https://buybetter.ng/product/palmers-dark-spot-corrector-for-all-skin-30ml/
PALMERS Even Tone Fade Cream 75g,Generic/Unlisted,Moisturize,Face,15500,BuyBetter,https://buybetter.ng/product/palmers-even-tone-fade-cream-75g/
PALMERS Healing Ointment Intensive Therapy 106g,Generic/Unlisted,Uncategorized,Face,14405,BuyBetter,https://buybetter.ng/product/palmers-healing-ointment-intensive-therapy-106g/
PALMERS Shimmer Radiance Body Gloss 155ml,Generic/Unlisted,Uncategorized,Body,16018,BuyBetter,https://buybetter.ng/product/palmers-shimmer-radiance-body-gloss-155ml/
PALMERS Shimmer Radiance Stick 30g,Generic/Unlisted,Uncategorized,Face,13100,BuyBetter,https://buybetter.ng/product/palmers-shimmer-radiance-stick-30g/
PALMERS SKIN SUCCESS EXTRA STRENGTH 10% NIACINAMIDE + AMINO SERUM 30ML,Generic/Unlisted,Treat,Face,14900,BuyBetter,https://buybetter.ng/product/palmers-skin-success-extra-strength-10-niacinamide-amino-serum-30ml/
PALMERS SKIN SUCCESS EXTRA STRENGTH ANTI-DARK SPOT CREAM 75G,Generic/Unlisted,Moisturize,Face,16878,BuyBetter,https://buybetter.ng/product/palmers-skin-success-extra-strength-anti-dark-spot-cream-75g/
PALMERS Tahitian Vanilla Body Oil 192ml,Generic/Unlisted,Moisturize,Body,20500,BuyBetter,https://buybetter.ng/product/palmers-tahitian-vanilla-body-oil-192ml/
PALMERS Tahitian Vanilla Cream 250g,Generic/Unlisted,Moisturize,Face,19888,BuyBetter,https://buybetter.ng/product/palmers-tahitian-vanilla-cream-250g/
PANOXYL Acne Foaming Wash Benzoyl Peroxide 10% 156g,Generic/Unlisted,Cleanse,Face,13250,BuyBetter,https://buybetter.ng/product/panoxyl-acne-foaming-wash-benzoyl-peroxide-10/
PANOXYL Acne Treatment 10% Bar Soap 113g,Generic/Unlisted,Cleanse,Face,14300,BuyBetter,https://buybetter.ng/product/panoxyl-acne-treatment-10-bar-soap-113g/
PANOXYL Clarifying Exfoliant 2% Salicylic Acid 118ml,Generic/Unlisted,Treat,Face,15500,BuyBetter,https://buybetter.ng/product/panoxyl-clarifying-exfoliant-2-salicylic-acid-118ml/
PAULA’S CHOICE 2% BHA Liquid Exfoliant (Salicylic Acid) 30ml,Generic/Unlisted,Treat,Face,25700,BuyBetter,https://buybetter.ng/product/paulas-choice-travel-size-2-bha-liquid-exfoliant-mini/
Phlur -Cherry Stem Parfum 50ml,Generic/Unlisted,Uncategorized,Face,172500,BuyBetter,https://buybetter.ng/product/phlur-cherry-stem-parfum-50ml/
PIXI SKintreats Glow Tonic 250ml,Generic/Unlisted,Treat,Face,28488,BuyBetter,https://buybetter.ng/product/pixi-skintreats-glow-tonic-250ml/
PRE-SEED -Fertility Lubricant (New Paraben Formula) 1.4 oz 40g,Generic/Unlisted,Uncategorized,Face,32250,BuyBetter,https://buybetter.ng/product/pre-seed-fertility-new-paraben-formula-lubricant-9-applicators-40g/
PREQUEL Cleanser + SA,Generic/Unlisted,Cleanse,Face,39775,BuyBetter,https://buybetter.ng/product/prequel-gleanser-sa-salicylic-acid-cleanser/
PREQUEL Gleanser + Glycolic Acid Cleanser 400ml,Generic/Unlisted,Cleanse,Face,37088,BuyBetter,https://buybetter.ng/product/prequel-gleanser-glycolic-acid-cleanser-400ml/
PREQUEL Gleanser Skin Non Drying Moisturizing Unscented,Generic/Unlisted,Uncategorized,Face,34400,BuyBetter,https://buybetter.ng/product/prequel-gleanser-non-drying-glycerin-cleanserfacebody/
PREQUEL Half And Half Peptides + Fluid Moisturizer,Generic/Unlisted,Moisturize,Face,47800,BuyBetter,https://buybetter.ng/product/prequel-half-half-peptides-ceramides-fluid-moisturiser-5-7-oz-168ml/
PREQUEL Multi Purpose Skin Perfectant 56.6g,Generic/Unlisted,Uncategorized,Face,40850,BuyBetter,https://buybetter.ng/product/prequel-multi-purpose-skin-perfectant-56-6g/
PREQUEL The Essentials Travel Skincare Duo,Generic/Unlisted,Uncategorized,Face,101588,BuyBetter,https://buybetter.ng/product/prequel-the-essentials-travel-skincare-duo/
PRETTY Cosmetic Cotton Pads,Generic/Unlisted,Treat,Face,2600,BuyBetter,https://buybetter.ng/product/pretty-cosmetic-pads-approx-80/
PRETTYSKIN 5 in 1 Arbutin Cream 50ml,Generic/Unlisted,Moisturize,Face,11900,BuyBetter,https://buybetter.ng/product/prettyskin-5-in-1-arbutin-cream-50ml/
PRETTYSKIN B3 Discoloration Repair Serum 50ml,Generic/Unlisted,Treat,Face,13000,BuyBetter,https://buybetter.ng/product/prettyskin-b3-discoloration-repair-serum-50ml/
PRETTYSKIN B3 Multi Active Toner 205ml,Generic/Unlisted,Treat,Face,14300,BuyBetter,https://buybetter.ng/product/prettyskin-b3-multi-active-toner-205ml/
PRETTYSKIN Daily 5-in-1 Retinol Cream 50ml,Generic/Unlisted,Treat,Face,11000,BuyBetter,https://buybetter.ng/product/prettyskin-daily-5-in-1-retinol-cream-50ml/
PRETTYSKIN Ginseng Extract And Retinol Multi Cream 100ml,Generic/Unlisted,Treat,Face,10300,BuyBetter,https://buybetter.ng/product/prettyskin-ginseng-extract-retinol-multi-cream-100ml/
PRETTYSKIN Ginseng Retinol Multi Serum 150ml,Generic/Unlisted,Treat,Face,10300,BuyBetter,https://buybetter.ng/product/prettyskin-ginseng-retinol-multi-serum-150ml/
PRETTYSKIN Rice Glow Body Lotion 25.36 oz 750ml,Generic/Unlisted,Moisturize,Body,12793,BuyBetter,https://buybetter.ng/product/prettyskin-rice-glow-body-lotion-750ml/
PRETTYSKIN Rice Glow Body Wash 33.81 oz 1000ml,Generic/Unlisted,Cleanse,Body,12793,BuyBetter,https://buybetter.ng/product/pretty-skin-rice-glow-body-wash-1000ml/
PRETTYSKIN Rice Multi Cream 100ml,Generic/Unlisted,Moisturize,Face,10428,BuyBetter,https://buybetter.ng/product/prettyskin-rice-multi-cream-100ml/
PRETTYSKIN Snail Multi Serum 150ml,Generic/Unlisted,Treat,Face,10000,BuyBetter,https://buybetter.ng/product/prettyskin-snail-multi-serum-150ml/
PURITO Azelaic Acid 10 Kojic Tea Tree Serum 30ml,Purito,Treat,Face,18000,BuyBetter,https://buybetter.ng/product/purito-azelaic-acid-10-kojic-tea-tree-serum-30ml/
PURITO Daily Soft Touch Suncreen SPF 50++ (Water Resistant) 60ml,Purito,Protect,Face,16700,BuyBetter,https://buybetter.ng/product/purito-daily-soft-touch-suncreen-spf-50-water-resistant-60ml/
PURITO From Green Deep Foaming Cleanser 150ml,Purito,Cleanse,Face,12800,BuyBetter,https://buybetter.ng/product/purito-from-green-deep-foaming-cleanser-150ml/
PURITO Galacto Niacin 97 Power Essence 60ml,Purito,Treat,Face,17000,BuyBetter,https://buybetter.ng/product/purito-galacto-niacin-97-power-essence-60ml/
PURITO Luminous Moisture Shea Butter Body Lotion (Cotton Dreamlight) 300ml,Purito,Moisturize,Body,19200,BuyBetter,https://buybetter.ng/product/purito-luminous-moisture-shea-butter-body-lotion-cotton-dreamlight-300ml/
PURITO Luminous Moisture Shea Butter Body Lotion (Midnight Romance) 300ml,Purito,Moisturize,Body,19200,BuyBetter,https://buybetter.ng/product/purito-luminous-moisture-shea-butter-body-lotion-midnight-romance-300ml/
PURITO Luminous Moisture Shea Butter Body Lotion (Ocean Breeze) 300ml,Purito,Moisturize,Body,19300,BuyBetter,https://buybetter.ng/product/purito-luminous-moisture-shea-butter-body-lotion-ocean-breeze-300ml/
PURITO Mighty Bamboo Panthenol Cream 100ml,Purito,Moisturize,Face,16500,BuyBetter,https://buybetter.ng/product/purito-mighty-bamboo-panthenol-cream-100ml/
PURITO Oat In Calming Gel Cream (Oat Seed Water) 100ml,Purito,Moisturize,Face,14900,BuyBetter,https://buybetter.ng/product/purito-oat-in-calming-gel-cream-oat-seed-water-100ml/
PURITO Pure Vitaminc C Serum 60ml,Purito,Treat,Face,15000,BuyBetter,https://buybetter.ng/product/purito-pure-vitaminc-c-serum-60ml/
PURITO Timeless Bloom Bakuchiol Serum 30ml,Purito,Treat,Face,18500,BuyBetter,https://buybetter.ng/product/purito-timeless-bloom-bakuchiol-serum-30ml/
PURITO Timeless Bloom Retinol Spot Cream 30ml,Purito,Treat,Face,18500,BuyBetter,https://buybetter.ng/product/purito-timeless-bloom-retinol-spot-cream-30ml/
PURITO TXA Niacinamide 10% Retinal Serum 30ml,Purito,Treat,Face,17800,BuyBetter,https://buybetter.ng/product/purito-txa-niacinamide-10-retinal-serum-30ml/
PURITO Wonder Releaf Centella Daily Sun Lotion SPF 50++ 60ml,Purito,Protect,Face,17000,BuyBetter,https://buybetter.ng/product/purito-wonder-releaf-centella-daily-sun-lotion-spf-50-60ml/
PURITO Wonder Releaf Centella Serum Unscented,Purito,Treat,Face,15500,BuyBetter,https://buybetter.ng/product/purito-wonder-releaf-centella-serum-unscented/
Q TIPS Cotton Swabs Home And Beauty Tool (170swabs),Generic/Unlisted,Uncategorized,Face,8063,BuyBetter,https://buybetter.ng/product/q-tips-cotton-swabs-home-and-beauty-tool-170swabs/
REGIRL Soft Girl 12Inches Black,Generic/Unlisted,Uncategorized,Face,50000,BuyBetter,https://buybetter.ng/product/regirl-soft-girl-12inches-black/
REGIRL Soft Girl 12Inches Natural Color,Generic/Unlisted,Uncategorized,Face,50000,BuyBetter,https://buybetter.ng/product/regirl-soft-girl-12inches-natural-color/
REGIRL Spicy Icon 12Inches Black Highlight Merlot,Generic/Unlisted,Uncategorized,Face,100000,BuyBetter,https://buybetter.ng/product/regirl-spicy-icon-12inches-black-highlight-merlot/
REGIRL Spicy Icon 12Inches Natural Color (Honey Blonde Highlights),Generic/Unlisted,Uncategorized,Face,100000,BuyBetter,https://buybetter.ng/product/regirl-spicy-icon-12inches-natural-color-honey-blonde-highlights/
REGIRL Urban Wonder 12Inches Black,Generic/Unlisted,Uncategorized,Face,35000,BuyBetter,https://buybetter.ng/product/regirl-urban-wonder-12inches-black/
REGIRL Urban Wonder 12Inches Natural Color,Generic/Unlisted,Uncategorized,Face,35000,BuyBetter,https://buybetter.ng/product/regirl-urban-wonder-12inches-natural-color/
RELUMINS Advance Nutrition Vitamin C Complex (Rose Hips And Bioflavonoids) 180VCaps,Generic/Unlisted,Treat,Face,58050,BuyBetter,https://buybetter.ng/product/relumins-advance-nutrition-vitamin-c-complex-rose-hips-bioflavonoids-180vcaps/
RELUMINS Advance White Advanced Skin Nutrients 1650mg (15x) 90VCaps,Generic/Unlisted,Uncategorized,Face,112766.43,BuyBetter,https://buybetter.ng/product/relumins-advance-white-advanced-skin-nutrients-1650mg-15x-90vcaps/
RELUMINS Advance White Melasma Treatment Serum 30ml,Generic/Unlisted,Treat,Face,51600,BuyBetter,https://buybetter.ng/product/relumins-advance-white-melasma-treatment-serum-30ml/
RELUMINS Collagen Nutritional Drink,Generic/Unlisted,Uncategorized,Face,88150,BuyBetter,https://buybetter.ng/product/relumins-collagen-nutritional-drink/
REPLENIX 10% Acne Wash + Aloe Vera (Benzoyl peroxide) Acne Wash 200ml,Generic/Unlisted,Cleanse,Face,30100,BuyBetter,https://buybetter.ng/product/replenix-bp-10-acne-wash-aloe-vera-200ml/
REPLENIX 5% Benzoyl Peroxide Acne wash 200ml,Generic/Unlisted,Cleanse,Face,30100,BuyBetter,https://buybetter.ng/product/replenix-bp-5-acne-wash-200ml/
REVOLUTION -Vitamin C Exfoliating and Brightening Mask,Generic/Unlisted,Treat,Face,4515,BuyBetter,https://buybetter.ng/product/revolution-vitamin-c-exfoliating-and-brightening-mask/
REVOX Help Anti Dark Spot Serum 30ml,Generic/Unlisted,Treat,Face,11000,BuyBetter,https://buybetter.ng/product/revox-help-anti-dark-spot-serum-30ml/
REVOX JUST Glycolic Acid 7% (Exfoliating) Toner 250ml,Generic/Unlisted,Treat,Face,11000,BuyBetter,https://buybetter.ng/product/revox-just-glycolic-acid-7-exfoliating-toner-250ml/
REVOX-Just Niacinamide 10% Daily Moisturizer 30ml,Generic/Unlisted,Treat,Face,11000,BuyBetter,https://buybetter.ng/product/revox-just-niacinamide-10-daily-moisturizer-30ml/
REXONA -Advance Protection Football Fanatics Spray 200ml,Generic/Unlisted,Uncategorized,Body,4300,BuyBetter,https://buybetter.ng/product/rexona-advance-protection-football-fanatics-spray-200ml/
REXONA Men Xtra Cool 72h 50ml,Generic/Unlisted,Uncategorized,Face,2473,BuyBetter,https://buybetter.ng/product/rexona-men-xtra-cool-72h-50ml/
RHODE -Peptide Lip Tint Espresso 10ml,Generic/Unlisted,Other,Makeup,39775,BuyBetter,https://buybetter.ng/product/rhode-peptide-lip-tint-espresso-10ml-2/
RHODE -Peptide Lip Tint Rhode Vanilla 10ml,Generic/Unlisted,Other,Makeup,39775,BuyBetter,https://buybetter.ng/product/rhode-peptide-lip-tint-rhode-vanilla-10ml/
RHODE -Peptide Lip Tint Toast 10ml,Generic/Unlisted,Other,Makeup,39775,BuyBetter,https://buybetter.ng/product/rhode-peptide-lip-tint-toast-10ml-2/
ROUND LAB -1025 DOKDO Cream 2.71 oz 80ml,Round Lab,Moisturize,Face,17200,BuyBetter,https://buybetter.ng/product/round-lab-1025-dokdo-cream-2-71-oz-80ml/
ROUND LAB -1025 DOKDO Mud pack 100ml,Round Lab,Uncategorized,Face,12793,BuyBetter,https://buybetter.ng/product/round-lab-1025-dokdo-mud-pack-100ml/
ROUND LAB -1025 DOKDO Toner 6.76 oz 200ml,Round Lab,Treat,Face,12900,BuyBetter,https://buybetter.ng/product/round-lab-1025-dokdo-toner-6-76-oz-200ml/
ROUND LAB -Birch Juice Moisturising Pad (80pads),Round Lab,Treat,Face,16125,BuyBetter,https://buybetter.ng/product/round-lab-birch-juice-moisturising-pad-80pads/
ROUND LAB -Mugwort Calming Cream 2.71 oz 80ml,Round Lab,Moisturize,Face,18060,BuyBetter,https://buybetter.ng/product/round-lab-mugwort-calming-cream-2-71-oz-80ml/
ROUND LAB -Soybean Nourishing Cream 2.71 oz 80ml,Round Lab,Moisturize,Face,18060,BuyBetter,https://buybetter.ng/product/round-lab-soybean-nourishing-cream-2-71-oz-80ml/
ROUND LAB -Vita Niacinamide Dark Spot Serum Mask (10ea),Round Lab,Treat,Face,13760,BuyBetter,https://buybetter.ng/product/round-lab-vita-niacinamide-dark-spot-serum-mask-10ea/
SADOER Damask Rose Exfoliating Foot Mask,Generic/Unlisted,Treat,Body,2526,BuyBetter,https://buybetter.ng/product/sadoer-damask-rose-exfoliating-foot-mask/
SADOER Natural Lavender Exfoliating Foot Mask 35g,Generic/Unlisted,Treat,Body,2526,BuyBetter,https://buybetter.ng/product/sadoer-natural-lavender-exfoliating-foot-mask-35g/
SALT AND STONE Bergamot And Hinoki Body Wash 450ml,Generic/Unlisted,Cleanse,Body,66650,BuyBetter,https://buybetter.ng/product/salt-and-stone-bergamot-and-hinoki-body-wash-450ml/
SALT AND STONE Bergamot And Hinoki Deodorant 75g,Generic/Unlisted,Uncategorized,Body,41925,BuyBetter,https://buybetter.ng/product/salt-and-stone-bergamot-and-hinoki-deodorant-75g/
SALT AND STONE Black Rose And Oud Deodorant 75g,Generic/Unlisted,Uncategorized,Body,41925,BuyBetter,https://buybetter.ng/product/salt-and-stone-black-rose-and-oud-deodorant-75g/
SALT AND STONE Lily And Yuzu Deodorant 75g,Generic/Unlisted,Uncategorized,Body,41925,BuyBetter,https://buybetter.ng/product/salt-and-stone-lily-and-yuzu-deodorant-75g/
SALT AND STONE Neroli And Basil Body Lotion 100ml,Generic/Unlisted,Moisturize,Body,39775,BuyBetter,https://buybetter.ng/product/salt-and-stone-neroli-and-basil-body-lotion-100ml/
SALT AND STONE Neroli And Basil Deodorant 75g,Generic/Unlisted,Uncategorized,Body,41925,BuyBetter,https://buybetter.ng/product/salt-and-stone-neroli-and-basil-deodorant-75g/
SALT AND STONE Santal And Vetiver Body Wash 450ml,Generic/Unlisted,Cleanse,Body,68800,BuyBetter,https://buybetter.ng/product/salt-and-stone-santal-and-vetiver-body-wash-450ml/
SALTAIR Santal Bloom Shimmering Body Oil 118ml,Generic/Unlisted,Moisturize,Body,48375,BuyBetter,https://buybetter.ng/product/saltair-santal-bloom-shimmering-body-oil-118ml/
SEAPURI Scalpy Hair Serum 20ml,Generic/Unlisted,Other,Hair Care,17200,BuyBetter,https://buybetter.ng/product/seapuri-scalpy-hair-serum-20ml/
SEOKYDA -Honey Blend Intensive Care Pure Calming Ampoule,Generic/Unlisted,Treat,Face,20200,BuyBetter,https://buybetter.ng/product/seokyda-honey-blend-intensive-care-pure-calming-ampoule/
SEOUL 1988 -Retinal Liposome 1% + Fermented Rice Cream 50ml,Generic/Unlisted,Moisturize,Lip Care,14500,BuyBetter,https://buybetter.ng/product/seoul-1988-cream-retinal-liposome-1-fermented-rice/
SEOUL 1988 -Snail Mucin 93% + Rice Cream 100ml,Generic/Unlisted,Moisturize,Face,14900,BuyBetter,https://buybetter.ng/product/seoul-1988-snail-mucin-93-rice-cream/
SEOUL 1988 BOOSTING SERUM: COLLAGEN COMPLEX 7 + RED GINSENG 30ml,Generic/Unlisted,Treat,Face,14700,BuyBetter,https://buybetter.ng/product/seoul-1988-boosting-serum-collagen-complex-7-red-ginseng-30ml/
SEOUL 1988 Capsule Cream Niacinamide 5%  Yuja 50ml,Generic/Unlisted,Treat,Face,14850,BuyBetter,https://buybetter.ng/product/seoul-1988-capsule-cream-niacinamide-5-yuja-50ml/
SEOUL 1988 Sleeping Mask : Collagen Complex 7 + Red Bean 60ml,Generic/Unlisted,Treat,Face,14700,BuyBetter,https://buybetter.ng/product/seoul-1988-sleeping-mask-collagen-complex-7-red-bean-60ml/
SEOUL1988 -Glow Serum Niacinamide 15% Yuja 30ml,Generic/Unlisted,Treat,Face,12792.5,BuyBetter,https://buybetter.ng/product/seoul1988-glow-serum-niacinamide-15-yuja-30ml/
SHEA MOISTURE -CURL ENHANCING (Coconut and Hibiscus) SMOOTHIE 12 OZ 340g,Generic/Unlisted,Moisturize,Face,13653,BuyBetter,https://buybetter.ng/product/coco-hibiscus-curl-enhancing-smoothie-340g-2/
SHEA MOISTURE -JAMAICAN Black Castor Oil (Strengthen and Restore) Leave-in CONDITIONER 11.5 oz 384ml,Generic/Unlisted,Other,Hair Care,13115,BuyBetter,https://buybetter.ng/product/shea-moisture-jamaican-black-castor-oil-strengthen-restore-leave-in-conditioner-11-5-oz-340ml/
SHEA MOISTURE -Manuka Honey and Yogurt (Hydrate + Repair Protein Power) Treatment 8fl oz 237ml,Generic/Unlisted,Treat,Face,14943,BuyBetter,https://buybetter.ng/product/shea-moisture-manuka-honey-yogurt-hydrate-repair-protein-power-treatment-8fl-oz-237ml/
SHEA MOISTURE -Raw Shea Butter (sea kelp and Argan Oil) Deep Moisturizing CONDITIONER 13 oz 384ml,Generic/Unlisted,Other,Hair Care,13223,BuyBetter,https://buybetter.ng/product/raw-shea-butter-moisture-conditioner/
SHISEIDO Professional -Anessa Perfect UV Sunscreen Skincare Gel 90g,Generic/Unlisted,Protect,Face,10,BuyBetter,https://buybetter.ng/product/shiseido-professional-anessa-perfect-uv-sunscreen-skincare-gel-90g/
SHISEIDO Professional -Anessa Perfect UV Sunscreen Skincare Milk 60ml,Generic/Unlisted,Protect,Face,9,BuyBetter,https://buybetter.ng/product/shiseido-professional-anessa-perfect-uv-sunscreen-skincare-milk-60ml/
SHISEIDO Professional -SUBLIMIC Fuente Forte SHAMPOO (Oily Scalp) 1000ml,Generic/Unlisted,Other,Hair Care,11,BuyBetter,https://buybetter.ng/product/shiseido-professional-sublimic-fuente-forte-shampoo-oily-scalp-1000ml/
SIMPLE Glow Facial Wash (Protect ‘N Glow) 150ml,Generic/Unlisted,Cleanse,Face,7471,BuyBetter,https://buybetter.ng/product/simple-glow-facial-wash-protect-n-glow-150ml/
SIMPLE Hydrating Light Moisturizer 125ml,Generic/Unlisted,Moisturize,Face,4790,BuyBetter,https://buybetter.ng/product/simple-hydrating-light-moisturizer-125ml/
SIMPLE Kind to Skin Micellar Cleansing Water 400ml,Generic/Unlisted,Cleanse,Face,5800,BuyBetter,https://buybetter.ng/product/simple-kind-to-skin-micellar-cleansing-water-400ml/
SIMPLE Kind to Skin Refreshing Facial Gel Wash 150ML,Generic/Unlisted,Cleanse,Face,4837,BuyBetter,https://buybetter.ng/product/simple-kind-to-skin-refreshing-facial-gel-wash-150ml/
SIMPLE Kind To Skin Replenishing Rich Moisturizer 125ml,Generic/Unlisted,Moisturize,Face,4900,BuyBetter,https://buybetter.ng/product/simple-kind-to-skin-replenishing-rich-moisturizer-125ml/
SKEENPOINT Ceramide Serum Skin Barrier Repair 30ml,Generic/Unlisted,Treat,Face,9729,BuyBetter,https://buybetter.ng/product/skeenpoint-ceramide-serum-skin-barrier-repair-30ml/
SKEENPOINT Glow And Radiance Brightening Body Wash 33.8 oz 1000ml,Generic/Unlisted,Cleanse,Body,9675,BuyBetter,https://buybetter.ng/product/skeenpoint-glow-and-radiance-brightening-body-wash-33-8-oz-1000ml/
SKEENPOINT Skin Polishing Whitening Lightening Body Wash 1000ml,Generic/Unlisted,Cleanse,Body,9675,BuyBetter,https://buybetter.ng/product/skeenpoint-skin-polishing-whitening-lightening-body-wash-1000ml/
SKEENPOINT Vitamin C (Brightening) Serum 1.01 oz 30ml,Generic/Unlisted,Treat,Face,8009,BuyBetter,https://buybetter.ng/product/skeenpoint-vitamin-c-brightening-serum-1-01-oz-30ml/
SKIN AQUA Hyaluronic Serum UV SPF 50++ 70g,Generic/Unlisted,Protect,Face,14620,BuyBetter,https://buybetter.ng/product/skin-aqua-hyaluronic-serum-uv-spf-50-70g/
SKIN BY ZARON – Glow And Hydrating Body Oil 200ml,Generic/Unlisted,Moisturize,Body,13438,BuyBetter,https://buybetter.ng/product/skin-by-zaron-glow-and-hydrating-body-oil-200ml/
SKIN BY ZARON 1% Retinol Serum 30ml,Generic/Unlisted,Treat,Face,11096,BuyBetter,https://buybetter.ng/product/skin-by-zaron-1-retinol-serum-30ml/
SKIN BY ZARON 10% Niacinamide serum 30ml,Generic/Unlisted,Treat,Face,10750,BuyBetter,https://buybetter.ng/product/skin-by-zaron-10-niacinamide-serum-30ml/
SKIN BY ZARON 2% Alpha Arbutin serum 30ml,Generic/Unlisted,Treat,Face,11000,BuyBetter,https://buybetter.ng/product/skin-by-zaron-2-alpha-arbutin-serum-30ml/
SKIN BY ZARON 2% Hyaluronic Acid Serum 30ml,Generic/Unlisted,Treat,Face,11341.25,BuyBetter,https://buybetter.ng/product/skin-by-zaron-2-hyaluronic-acid-serum-30ml/
SKIN BY ZARON Brightening and Exfoliating Glow Face Wash 200ml,Generic/Unlisted,Cleanse,Face,10091,BuyBetter,https://buybetter.ng/product/skin-by-zaron-brightening-and-exfoliating-glow-face-wash-200ml/
SKIN BY ZARON Glow Plus (Night) 30g,Generic/Unlisted,Uncategorized,Face,11288,BuyBetter,https://buybetter.ng/product/skin-by-zaron-glow-plus-night-30g/
"SKIN BY ZARON GLYCOLIC ACID 7% (Exfoliating, Brightening, Smoothing) Toner 150ml",Generic/Unlisted,Treat,Face,12362.5,BuyBetter,https://buybetter.ng/product/skin-by-zaron-glycolic-acid-7-exfoliating-brightening-smoothing-toner-150ml/
SKIN BY ZARON Men (Face And Body) Lotion 500ml,Generic/Unlisted,Moisturize,Body,13500,BuyBetter,https://buybetter.ng/product/skin-by-zaron-men-face-and-body-lotion-500ml/
SKIN BY ZARON Men (Face And Body) Wash 500ml,Generic/Unlisted,Cleanse,Body,11933,BuyBetter,https://buybetter.ng/product/skin-by-zaron-men-face-and-body-wash-500ml/
SKIN BY ZARON Moisture Boost (Hydrating Essence) 100ml,Generic/Unlisted,Treat,Face,9589,BuyBetter,https://buybetter.ng/product/skin-by-zaron-moisture-boost-hydrating-essence-100ml/
SKIN BY ZARON Moisturizing Gentle Face Wash 100ml,Generic/Unlisted,Cleanse,Face,4900,BuyBetter,https://buybetter.ng/product/skin-by-zaron-moisturizing-gentle-face-wash-100ml/
SKIN BY ZARON Papaya Brightening Body Wash 650ml,Generic/Unlisted,Cleanse,Body,11000,BuyBetter,https://buybetter.ng/product/skin-by-zaron-papaya-brightening-body-wash-650ml/
"SKIN BY ZARON SALICYLIC ACID 2% (Clarifying, Brightening, Exfoliating) Toner 150ml",Generic/Unlisted,Treat,Face,11564,BuyBetter,https://buybetter.ng/product/skin-by-zaron-salicylic-acid-2-clarifying-brightening-exfoliating-toner-150ml/
SKIN BY ZARON Skin Glow Therapy Ultra Moisturizing Body Lotion 500ml,Generic/Unlisted,Moisturize,Body,15400,BuyBetter,https://buybetter.ng/product/skin-by-zaron-skin-glow-therapy-ultra-moisturizing-body-lotion-500ml/
SKIN BY ZARON Sun Protection (DAY CREAM) SPF 50+ PA+++ 50g,Generic/Unlisted,Protect,Face,14196,BuyBetter,https://buybetter.ng/product/skin-by-zaron-sun-protection-day-cream-spf-50-pa-50g/
SKIN BY ZARON Ultimate Glow Brightening Toner 300ml,Generic/Unlisted,Treat,Face,11449,BuyBetter,https://buybetter.ng/product/skin-by-zaron-ultimate-glow-brightening-toner-300ml/
SKIN BY ZARON VITAMIN C (Brightening And Moisturizing) Body Lotion 500ml,Generic/Unlisted,Treat,Body,14800,BuyBetter,https://buybetter.ng/product/skin-by-zaron-vitamin-c-brightening-moisturizing-body-lotion-500ml/
SKIN BY ZARON VITAMIN C Body Wash 650ml,Generic/Unlisted,Cleanse,Body,11718,BuyBetter,https://buybetter.ng/product/skin-by-zaron-vitamin-c-body-wash-650ml/
SKIN BY ZARON Vitamin C Serum 30ml,Generic/Unlisted,Treat,Face,11400,BuyBetter,https://buybetter.ng/product/skin-by-zaron-vitamin-c-serum-30ml/
SKIN1004 -Madagasca Centella Ampoule Foam 125ml,Skin1004,Cleanse,Face,14400,BuyBetter,https://buybetter.ng/product/skin1004-madagascar-centella-ampoule-foam-125ml/
SKIN1004 -Madagasca Centella Hyalu-Cica brightening toner 210ml,Skin1004,Treat,Face,18000,BuyBetter,https://buybetter.ng/product/skin1004-madagascar-centella-hyalu-cica-brightening-toner-210ml/
SKIN1004 -Madagasca Centella Tea Trica BHA Foam 125ml,Skin1004,Cleanse,Face,15500,BuyBetter,https://buybetter.ng/product/skin1004-madagascar-centella-tea-trica-bha-foam-125ml/
SKIN1004 -Madagasca Centella Tone Brightening boosting Toner 210ml,Skin1004,Treat,Face,17953,BuyBetter,https://buybetter.ng/product/skin1004-madagascar-centella-tone-brightening-boosting-toner-210ml/
SKIN1004 -Madagascar Centella Poremirizing Deep Cleansing Foam 125ml,Skin1004,Cleanse,Face,15200,BuyBetter,https://buybetter.ng/product/skin1004-madagascar-centella-poremirizing-deep-cleansing-foam-125ml/
SKIN1004 -Madagascar Centella Poremizing Quick Clay Stick Mask 27g,Skin1004,Treat,Face,18813,BuyBetter,https://buybetter.ng/product/skin1004-madagascar-centella-poremizing-quick-clay-stick-mask-27g/
SKIN1004 Madagasca Centella Toning Toner 210ml,Skin1004,Treat,Face,13061,BuyBetter,https://buybetter.ng/product/skin1004-madagascar-centella-toning-toner-210ml/
SKIN1004 Madagascar Centella Even Tone Kit 20ml,Skin1004,Uncategorized,Face,22050,BuyBetter,https://buybetter.ng/product/skin1004-madagascar-centella-even-tone-kit-20ml/
SKIN1004 Madagascar Centella Light cleansing oil 200ml,Skin1004,Cleanse,Face,14620,BuyBetter,https://buybetter.ng/product/skin1004-madagasca-centella-light-cleansing-oil-200ml/
SKIN1004 Madagascar Centella Tea Trica B5 Cream 75ml,Skin1004,Moisturize,Face,14835,BuyBetter,https://buybetter.ng/product/skin1004-madagascar-centella-tea-trica-b5-cream-75ml/
SKIN1004 Madagascar Centella Tea-Trica B5 Spot Cream 20ml,Skin1004,Moisturize,Face,14405,BuyBetter,https://buybetter.ng/product/skin1004-madagascar-centella-tea-trica-b5-spot-cream-20ml/
SKIN1004 Madagascar Centella Tea-Trica Purifying Toner 210ml,Skin1004,Treat,Face,16448,BuyBetter,https://buybetter.ng/product/skin1004-madagascar-centella-tea-trica-purifying-toner-210ml/
SKIN1004 Madagascar Retinol 0.2% Serum 30ml,Skin1004,Treat,Face,14728,BuyBetter,https://buybetter.ng/product/skin1004-madagascar-retinol-0-2-serum-30ml/
SKINFOOD 1957 -Rice Brightening Pad (60 pads) 8.81 oz 250g,Skinfood,Treat,Face,32579,BuyBetter,https://buybetter.ng/product/skinfood-1957-rice-brightening-pad-60-pads-8-81-oz-250g/
SKINFOOD 1957 -Rice Mask Wash Off 4.23 oz 120g,Skinfood,Cleanse,Face,10750,BuyBetter,https://buybetter.ng/product/skinfood-1957-rice-mask-wash-off-4-23-oz-120g/
SKINFOOD 1957 -Strawberry Sugar Food Mask 4.23 oz 120g,Skinfood,Treat,Face,9998,BuyBetter,https://buybetter.ng/product/skinfood-1957-strawberry-sugar-food-mask-4-23-oz-120g/
SKINFOOD 1957 Black Sugar Mask Wash Off 4.23 oz 120g,Skinfood,Cleanse,Face,19115,BuyBetter,https://buybetter.ng/product/skinfood-1957-black-sugar-mask-wash-off-4-23-oz-120g/
SKINFOOD 1957 Daily Brightening Rice Cleansing Foam 150ml,Skinfood,Cleanse,Face,8600,BuyBetter,https://buybetter.ng/product/skinfood-1957-daily-brightening-rice-cleansing-foam-150ml/
SKINFOOD 1957 Egg White Pore Mask,Skinfood,Treat,Face,10750,BuyBetter,https://buybetter.ng/product/skinfood-1957-egg-white-pore-mask/
SKINFOOD 1957 Strawberry Black Sugar Mask Wash Off 100g,Skinfood,Cleanse,Face,10750,BuyBetter,https://buybetter.ng/product/skinfood-1957-strawberry-black-sugar-mask-wash-off-100g/
SOL DE JANEIRO Fragrance Cheirosa 39 Parfumee Mist 90ml,Generic/Unlisted,Uncategorized,Face,43000,BuyBetter,https://buybetter.ng/product/sol-de-janeiro-fragrance-cheirosa-39-parfumee-mist-90ml/
SOL DE JANEIRO Fragrance Cheirosa 59 Parfumee Mist 90ml,Generic/Unlisted,Uncategorized,Face,43000,BuyBetter,https://buybetter.ng/product/sol-de-janeiro-fragrance-cheirosa-59-parfumee-mist-90ml/
SOL DE JANEIRO Fragrance Cheirosa 76 Parfumee Mist 90ml,Generic/Unlisted,Uncategorized,Face,43000,BuyBetter,https://buybetter.ng/product/sol-de-janeiro-fragrance-cheirosa-76-parfumee-mist-90ml/
SOL DE JANEIRO Fragrance Sundays In Rio Parfumee Mist 90ml,Generic/Unlisted,Uncategorized,Face,48375,BuyBetter,https://buybetter.ng/product/sol-de-janeiro-fragrance-sundays-in-rio-parfumee-mist-90ml/
SOL DE JANEIRO Glow Ready With Me (Gift Box),Generic/Unlisted,Uncategorized,Face,127925,BuyBetter,https://buybetter.ng/product/sol-de-janeiro-glow-ready-with-me-gift-box/
ST IVES -Energizing (citrus and cherry blossom) Body Wash 650ml,Generic/Unlisted,Cleanse,Body,8009,BuyBetter,https://buybetter.ng/product/st-ives-energizing-body-wash-citrus-cherry-blossom-650ml/
ST IVES -Hydrating (coconut water and Orchid) body wash 650ml,Generic/Unlisted,Cleanse,Body,8009,BuyBetter,https://buybetter.ng/product/st-ives-hydrating-body-wash-coconut-water-and-orchid-650ml/
STARA -Glister Luxe Body Oil,Generic/Unlisted,Moisturize,Body,17334,BuyBetter,https://buybetter.ng/product/stara-glister-luxe-body-oil/
STARA -Luxe Body Oil,Generic/Unlisted,Moisturize,Body,17334,BuyBetter,https://buybetter.ng/product/stara-luxe-body-oil/
STARA -Revive Luxe Body Oil,Generic/Unlisted,Moisturize,Body,17334,BuyBetter,https://buybetter.ng/product/stara-revive-luxe-body-oil/
STARA -Sultry Luxe Body Oil,Generic/Unlisted,Moisturize,Body,17334,BuyBetter,https://buybetter.ng/product/stara-sultry-luxe-body-oil/
STARA -Tutty Fruity Luxe Body Oil,Generic/Unlisted,Moisturize,Body,17334,BuyBetter,https://buybetter.ng/product/stara-tutty-fruity-luxe-body-oil/
SUNGBOON EDITOR Deep Collagen Niacin-Vita C Brightening Mask (1ea),Generic/Unlisted,Treat,Face,5949,BuyBetter,https://buybetter.ng/product/sungboon-editor-deep-collagen-niacin-vita-c-brightening-mask-1ea/
SUNKISSED Body Shimmer Highlighter 100ml,Generic/Unlisted,Uncategorized,Body,9000,BuyBetter,https://buybetter.ng/product/sunkissed-body-shimmer-highlighter-100ml/
SUNKISSED SKIN -Retinol Serum 30ml,Generic/Unlisted,Treat,Face,5913,BuyBetter,https://buybetter.ng/product/sunkissed-skin-retinol-serum-30ml/
SUPERGOOP – Unseen SPF 40 Sunscreen Stick 20g,Generic/Unlisted,Protect,Face,52500,BuyBetter,https://buybetter.ng/product/supergoop-unseen-spf-40-sunscreen-stick-20g/
SWEET BEAUTY Spa Headband And Wristband Set,Generic/Unlisted,Uncategorized,Face,4945,BuyBetter,https://buybetter.ng/product/sweet-beauty-spa-headband-wristband-set/
TAMPAX Radiant (LeakGuard Braid) Protection Tampons Trio Pack 52 Tampons,Generic/Unlisted,Uncategorized,Face,32250,BuyBetter,https://buybetter.ng/product/tampax-radiant-leakguard-braid-protection-tampons-trio-pack-52-tampons/
THAYERS Hydrating Milky Toner (NORMAL TO DRY SKIN) 355ml,Generic/Unlisted,Treat,Face,29025,BuyBetter,https://buybetter.ng/product/thayers-hydrating-milky-toner-normal-to-dry-skin-355ml/
THAYERS Oil Balancing Jelly Toner 355ml,Generic/Unlisted,Treat,Face,29025,BuyBetter,https://buybetter.ng/product/thayers-oil-balancing-jelly-toner-355ml/
THE ANTI-AGING STARTER KIT,Generic/Unlisted,Uncategorized,Face,3,BuyBetter,https://buybetter.ng/product/the-anti-aging-starter-kit/
THE EVERYTHING ROUTINE,Generic/Unlisted,Uncategorized,Face,39219,BuyBetter,https://buybetter.ng/product/the-everything-routine/
THE HONEYPOT Normal Wash 163ml,Generic/Unlisted,Cleanse,Face,27950,BuyBetter,https://buybetter.ng/product/the-honeypot-normal-wash-163ml/
THE ORDINARY -Saccharomyces ferment 30% milk toner 100ml,The Ordinary,Treat,Face,24725,BuyBetter,https://buybetter.ng/product/the-ordinary-saccharomyces-ferment-30-milk-toner-30ml/
THE ORDINARY AHA 30% + BHA 2% Peeling Solution 30ml,The Ordinary,Treat,Face,20963,BuyBetter,https://buybetter.ng/product/the-ordinary-aha-30-bha-2-peeling-solution-30ml/
THE ORDINARY Caffeine Solution 5% + EGCG 30ml,The Ordinary,Uncategorized,Face,17700,BuyBetter,https://buybetter.ng/product/the-ordinary-caffeine-solution-5-egcg/
THE ORDINARY GLYCOLIC ACID 7% EXFOLIATING TONER 100ML,The Ordinary,Treat,Face,16900,BuyBetter,https://buybetter.ng/product/the-ordinary-glycolic-acid-7-exfoliating-toner-100ml-2/
THE ORDINARY Retinol 1% in Squalane Serum 30ml,The Ordinary,Treat,Face,18275,BuyBetter,https://buybetter.ng/product/the-ordinary-retinol-1-in-squarelane-30ml/
THE ORDINARY Soothing And Barrier Support Serum 30ml,The Ordinary,Treat,Face,29650,BuyBetter,https://buybetter.ng/product/the-ordinary-soothing-and-barrier-support-serum-30ml/
THE PREGNANCY-SAFE GLOW KIT,Generic/Unlisted,Uncategorized,Face,4,BuyBetter,https://buybetter.ng/product/the-pregnancy-safe-glow-kit/
The1nkeylist – Salicylic Acid Cleanser 150ml,Generic/Unlisted,Cleanse,Face,29600,BuyBetter,https://buybetter.ng/product/theinkeylist-salicylic-acid-cleanser-5-0-oz-150ml/
THERABREATH – Dentist Formulated Anti Cavity (Sparkle Mint) Oral Rinse 473ml,Generic/Unlisted,Uncategorized,Face,19243,BuyBetter,https://buybetter.ng/product/therabreath-dentist-formulated-anti-cavity-sparkle-mint-oral-rinse-473ml/
THERABREATH -Dentist Formulated Deep Clean (Fresh Mint) Oral Rinse 473ml,Generic/Unlisted,Uncategorized,Face,19243,BuyBetter,https://buybetter.ng/product/therabreath-dentist-formulated-deep-clean-fresh-mint-oral-rinse-473ml/
THERABREATH -Dentist Formulated Fresh Breath (Invigorating Icy Mint Rinse) Oral Rinse 473ml,Generic/Unlisted,Uncategorized,Face,19243,BuyBetter,https://buybetter.ng/product/therabreath-dentist-formulated-fresh-breath-invigorating-icy-mint-rinse-oral-rinse-473ml/
THERABREATH -For Kids Dentist Formulated Anti Cavity (Strawberry Splash) Oral Rinse 296ml,Generic/Unlisted,Uncategorized,Face,14500,BuyBetter,https://buybetter.ng/product/therabreath-for-kids-dentist-formulated-anti-cavity-strawberry-splash-oral-rinse-296ml/
THERABREATH -For Kids Dentist Formulated Anti Cavity (Wacky Watermelon) Oral Rinse 296ml,Generic/Unlisted,Uncategorized,Face,14500,BuyBetter,https://buybetter.ng/product/therabreath-for-kids-dentist-formulated-anti-cavity-wacky-watermelon-oral-rinse-296ml/
THERABREATH Dentist Formulated Anticavity 24H Oral Rinse(Clean Mint) 88.7ml,Generic/Unlisted,Uncategorized,Face,9900,BuyBetter,https://buybetter.ng/product/therabreath-dentist-formulated-anticavity-24h-oral-rinseclean-mint-88-7ml/
THERABREATH Dentist Formulated Anticavity 24H Oral Rinse(Dazzling Mint) 88.7ml,Generic/Unlisted,Uncategorized,Face,9900,BuyBetter,https://buybetter.ng/product/therabreath-dentist-formulated-anticavity-24h-oral-rinsedazzling-mint-88-7ml/
THERABREATH Dentist Formulated Anticavity 24H Oral Rinse(Fresh Mint) 88.7ml,Generic/Unlisted,Uncategorized,Face,8278,BuyBetter,https://buybetter.ng/product/therabreath-dentist-formulated-anticavity-24h-oral-rinsefresh-mint-88-7ml/
THERABREATH Dentist Formulated Anticavity 24H Oral Rinse(Invigorating Icy Mint) 88.7ml,Generic/Unlisted,Uncategorized,Face,9900,BuyBetter,https://buybetter.ng/product/therabreath-dentist-formulated-anticavity-24h-oral-rinseinvigorating-icy-mint-88-7ml/
THERABREATH Dentist Formulated Anticavity 24H Oral Rinse(Sparkle Mint) 88.7ml,Generic/Unlisted,Uncategorized,Face,9900,BuyBetter,https://buybetter.ng/product/therabreath-dentist-formulated-anticavity-24h-oral-rinsesparkle-mint-88-7ml/
THERABREATH Dentist Formulated Fresh Breath (Rain Forest Mint) Oral Rinse 473ml,Generic/Unlisted,Uncategorized,Face,19243,BuyBetter,https://buybetter.ng/product/therabreath-dentist-formulated-fresh-breath-rain-forest-mint-oral-rinse-473ml/
THERABREATH Dentist Formulated Overnight Oral Rinse (Chamomile Mint) 473ml,Generic/Unlisted,Uncategorized,Face,19243,BuyBetter,https://buybetter.ng/product/therabreath-dentist-formulated-overnight-oral-rinse-chamomile-mint-473ml/
"THERABREATH Dry Mouth Oral Rinse, Tingling Mint Flavor, 473ml",Generic/Unlisted,Uncategorized,Face,19243,BuyBetter,https://buybetter.ng/product/therabreath-dry-mouth-oral-rinse-tingling-mint-flavor-473ml/
THERALOGIX -Ovasitol Inositol Powder Supplement 14.12 oz 400g,Generic/Unlisted,Other,Makeup,172000,BuyBetter,https://buybetter.ng/product/theralogix-ovasitol-inositol-powder-supplement-14-12-oz-400g/
TIAM Alpha 5 Mela Care Cream 50ml,TIAM,Treat,Face,9998,BuyBetter,https://buybetter.ng/product/tiam-alpha-5-mela-care-cream-50ml/
TIAM Pore Minimizing 21 (Niacinamide) Cream 60ml,TIAM,Treat,Face,12255,BuyBetter,https://buybetter.ng/product/tiam-pore-minimizing-21-niacinamide-cream-60ml/
TIAM Pore Minimizing 21 (Niacinamide) Serum 40ml,TIAM,Treat,Face,11610,BuyBetter,https://buybetter.ng/product/tiam-pore-minimizing-21-niacinamide-serum-40ml/
TIAM Vita B3 Mist Toner 200ml,TIAM,Treat,Face,12094,BuyBetter,https://buybetter.ng/product/tiam-vita-b3-mist-toner-200ml/
TIAM Vita B3 Source 40ml,TIAM,Uncategorized,Face,10100,BuyBetter,https://buybetter.ng/product/tiam-vita-b3-source-40ml-2/
TIRTIR Collagen Lifting Eye Cream 15ml,Generic/Unlisted,Moisturize,Eye Care,21392.5,BuyBetter,https://buybetter.ng/product/tirtir-collagen-lifting-eye-cream-15ml/
TIRTIR Hydro UV Shield Sunscreen 50ml,Generic/Unlisted,Protect,Face,17737.5,BuyBetter,https://buybetter.ng/product/tirtir-hydro-uv-shield-sunscreen-50ml/
TIRTIR Niacinamide 20% Serum 30ml,Generic/Unlisted,Treat,Face,22575,BuyBetter,https://buybetter.ng/product/tirtir-niacinamide-20-serum-30ml/
TOCOBO -Cotton Soft Sun Stick SPF50+ PA++++ High Protection 0.67 oz 19g,Tocobo,Protect,Face,13500,BuyBetter,https://buybetter.ng/product/tocobo-cotton-soft-sun-stick-spf50-pa/
TOCOBO Bio Watery Sun Cream SPF+++ 50ml,Tocobo,Protect,Face,12500,BuyBetter,https://buybetter.ng/product/tocobo-bio-watery-sun-cream-spf-50ml/
TOCOBO CICA COOLING SUN STICK SPF50+ PA+++,Tocobo,Protect,Face,12500,BuyBetter,https://buybetter.ng/product/tocobo-cica-cooling-sun-stick-spf50-pa/
TOPICREM AC Control Purifying Micellar Water 400ml,Generic/Unlisted,Cleanse,Face,20425,BuyBetter,https://buybetter.ng/product/topicrem-ac-control-purifying-micellar-water-400ml/
TOPICREM BABY Cleansing Water Wipes (60 Compostable Wipes),Generic/Unlisted,Cleanse,Face,5913,BuyBetter,https://buybetter.ng/product/topicrem-baby-cleansing-water-wipes-60m-compostable-wipes/
TOPICREM DA PROTECT EMOLLIENT BALM 500ML,Generic/Unlisted,Moisturize,Lip Care,27413,BuyBetter,https://buybetter.ng/product/topicrem-da-protect-emollient-balm-500ml/
TOPICREM Hydra Light Radiance Cream 40ml,Generic/Unlisted,Moisturize,Face,15480,BuyBetter,https://buybetter.ng/product/topicrem-hydra-light-radiance-cream-40ml/
TOPICREM Hydra Protective Day Cream 40ml,Generic/Unlisted,Moisturize,Face,20425,BuyBetter,https://buybetter.ng/product/topicrem-hydra-protective-day-cream-40ml/
TOPICREM Hydra Rich Radiance Cream 40ml,Generic/Unlisted,Moisturize,Face,15480,BuyBetter,https://buybetter.ng/product/topicrem-hydra-rich-radiance-cream-40ml/
TOPICREM Mela Gentle Anti-Dark Spot Peeling Night Cream 40ml,Generic/Unlisted,Treat,Face,25800,BuyBetter,https://buybetter.ng/product/topicrem-mela-gentle-anti-dark-spot-peeling-night-cream-40ml/
TOPICREM Sun Protect Spray Spf50+ 150ml,Generic/Unlisted,Protect,Face,37303,BuyBetter,https://buybetter.ng/product/topicrem-sun-protect-spray-spf50-150ml/
TOPICREM Ultra Hydrant Gentle Scrub 200ml,Generic/Unlisted,Cleanse,Lip Care,20000,BuyBetter,https://buybetter.ng/product/topicrem-ultra-hydrant-gentle-scrub-200ml/
TOPICREM Ultra Hydratant Shower Gel 1000ml,Generic/Unlisted,Uncategorized,Body,30500,BuyBetter,https://buybetter.ng/product/topicrem-ultra-hydratant-shower-gel-1000ml/
TOUCH Bright and Clear Cream 56.7g,Generic/Unlisted,Moisturize,Face,23300,BuyBetter,https://buybetter.ng/product/touch-bright-and-clear-cream-56-7g/
TREE HUT -(Watermelon) Shea Sugar Scrub 510g,Generic/Unlisted,Cleanse,Lip Care,18275,BuyBetter,https://buybetter.ng/product/tree-hut-watermelon-shea-sugar-scrub-510g-2/
TREE HUT (Coco Colada) Foaming Gel Wash 532ml,Generic/Unlisted,Cleanse,Face,17200,BuyBetter,https://buybetter.ng/product/tree-hut-coco-colada-foaming-gel-wash-532ml/
TREE HUT (Pineapple) Shea Sugar Scrub 510g,Generic/Unlisted,Cleanse,Lip Care,17200,BuyBetter,https://buybetter.ng/product/tree-hut-pineapple-shea-sugar-scrub-510g/
TREE HUT (Strawberry) Shea Sugar Scrub 510g,Generic/Unlisted,Cleanse,Lip Care,17000,BuyBetter,https://buybetter.ng/product/tree-hut-strawberry-shea-sugar-scrub-510g/
TREE HUT (Vitamin C) Shea Sugar Scrub 510g,Generic/Unlisted,Cleanse,Lip Care,17000,BuyBetter,https://buybetter.ng/product/tree-hut-vitamin-c-shea-sugar-scrub-510g/
TREE HUT Moroccan Rose Foaming Gel Wash 532ml,Generic/Unlisted,Cleanse,Face,17200,BuyBetter,https://buybetter.ng/product/tree-hut-moroccan-rose-foaming-gel-wash-532ml/
TREE HUT Pink Hibiscus Foaming Gel Wash 532ml,Generic/Unlisted,Cleanse,Face,17200,BuyBetter,https://buybetter.ng/product/tree-hut-pink-hibiscus-foaming-gel-wash-532ml/
TREE HUT Strawberry Foaming Gel Wash 532ml,Generic/Unlisted,Cleanse,Face,17200,BuyBetter,https://buybetter.ng/product/tree-hut-strawberry-foaming-gel-wash-532ml/
Tree Hut Vitamin C Nourishing And Moisturizing Foaming Gel Wash 532ml,Generic/Unlisted,Cleanse,Face,17200,BuyBetter,https://buybetter.ng/product/tree-hut-vitamin-c-nourishing-moisturizing-foaming-gel-wash-532ml-2/
TRESemme -Keratin SMOOTH (weightless) CONDITIONER 828ml,Generic/Unlisted,Other,Hair Care,9138,BuyBetter,https://buybetter.ng/product/tresemme-keratin-smooth-weightless-conditioner-828ml/
TRESemme -Rich Moisture (HYALURONIC PLEX) CONDITONER 39fl OZ 1.15L,Generic/Unlisted,Treat,Face,9675,BuyBetter,https://buybetter.ng/product/tresemme-rich-moisture-hyaluronic-plex-conditoner-39fl-oz-1-15l/
UNCOVER -I AM PROTECTED Aloe Invisible SPF50+ PA+++ UVA + UVB Sunscreen (MINI) 1.35 oz 40ml,Generic/Unlisted,Protect,Face,15910,BuyBetter,https://buybetter.ng/product/uncover-i-am-protected-aloe-invisible-spf50-pa-uva-uvb-sunscreen-mini-1-35-oz-40ml/
UNCOVER -I AM PROTECTED Aloe Invisible SPF50+ PA+++ UVA + UVB Sunscreen 2.7 oz 80ml,Generic/Unlisted,Protect,Face,21769,BuyBetter,https://buybetter.ng/product/uncover-i-am-protected-aloe-invisible-spf50-pa-uva-uvb-sunscreen-2-7-oz-80ml/
UNCOVER I AM BALANCED Rooibos Glow Toner Lotion 4.22 oz 125ml,Generic/Unlisted,Treat,Face,15050,BuyBetter,https://buybetter.ng/product/uncover-i-am-balanced-rooibos-glow-toner-lotion-4-22-oz-125ml/
UNCOVER I AM RADIANT Baobab Glow-C Serum 1.01 oz 30ml,Generic/Unlisted,Treat,Face,24725,BuyBetter,https://buybetter.ng/product/uncover-i-am-radiant-baobab-glow-c-serum-1-01-oz-30ml/
UNCOVER I AM REFRESHED Gentle Hydrating Cleanser 120ml,Generic/Unlisted,Cleanse,Face,12363,BuyBetter,https://buybetter.ng/product/uncover-i-am-refreshed-gentle-hydrating-cleanser-120ml/
UNCOVER I AM SMOOTH Argan Hydrating Moisturiser 3.38 oz 100ml,Generic/Unlisted,Uncategorized,Face,16300,BuyBetter,https://buybetter.ng/product/uncover-i-am-smooth-argan-hydrating-moisturiser-3-38-oz-100ml/
URBAN SKIN Rx -Hypercorrect Intense Fading Cream 50ml,Generic/Unlisted,Moisturize,Face,69553,BuyBetter,https://buybetter.ng/product/urban-skin-rx-hypercorrect-intense-fading-cream-50ml/
URBAN SKIN RX -Vitamin C + E Glowing Moisturizer 50ml,Generic/Unlisted,Treat,Face,36765,BuyBetter,https://buybetter.ng/product/urban-skin-rx-vitamin-c-e-glowing-moisturizer-50ml/
URBAN SKIN RX Fade Fix Bump And Dark Spot 10% AHA Exfoliating Solution 97.6ml,Generic/Unlisted,Treat,Face,26875,BuyBetter,https://buybetter.ng/product/urban-skin-rx-fade-fix-bump-and-dark-spot-10-aha-exfoliating-solution-97-6ml/
URBAN SKIN RX Super C Body Bright Oil 120ml,Generic/Unlisted,Moisturize,Body,36800,BuyBetter,https://buybetter.ng/product/urban-skin-rx-super-c-body-bright-oil-120ml/
URBAN SKIN RX YouthHero AM/PM Serums 30ml,Generic/Unlisted,Treat,Face,34400,BuyBetter,https://buybetter.ng/product/urban-skin-rx-youthhero-am-pm-serums-30ml/
URO – Vaginal Probiotic Capsules,Generic/Unlisted,Uncategorized,Face,51600,BuyBetter,https://buybetter.ng/product/uro-o-positiv-vaginal-probiotic-capsules-dietary-supplements-60caps/
VANISH PFB Ultra 93g,Generic/Unlisted,Uncategorized,Face,33000,BuyBetter,https://buybetter.ng/product/pfb-vanish-ultra/
VASELINE -Intensive Care (Aloe Soothe) 48Hr Moisture Body Lotion 400ml,Generic/Unlisted,Moisturize,Body,6021,BuyBetter,https://buybetter.ng/product/vaseline-intensive-care-aloe-soothe-48hr-moisture-body-lotion-400ml/
VASELINE -Intensive Care (Cocoa Glow) 48Hr Moisture Body Lotion 400ml,Generic/Unlisted,Moisturize,Body,6021,BuyBetter,https://buybetter.ng/product/vaseline-intensive-care-cocoa-glow-48hr-moisture-body-lotion-400ml/
VASELINE -Intensive Care (Dry Skin Repair) 72hr Body Lotion 400ml,Generic/Unlisted,Moisturize,Body,6021,BuyBetter,https://buybetter.ng/product/vaseline-intensive-care-dry-skin-repair-72hr-body-lotion-400ml/
VASELINE -Intensive Care (Essential Healing) 48Hr Moisture Body Lotion 400ml,Generic/Unlisted,Moisturize,Body,6021,BuyBetter,https://buybetter.ng/product/vaseline-intensive-care-essential-healing-48hr-moisture-body-lotion-400ml/
VASELINE GLUTAGLOW Bright and Dry (3% Niacinamide + Vit E) Ampoule Serum 48hr Deodorant 45ml,Generic/Unlisted,Treat,Body,7310,BuyBetter,https://buybetter.ng/product/vaseline-glutaglow-bright-and-dry-3-niacinamide-vit-e-ampoule-serum-48hr-deodorant-45ml/
VASELINE GLUTAGLOW Bright And Renew (3% Niacinamide + Vit C And E) Ampoule Serum 48hr Deodorant 45ml,Generic/Unlisted,Treat,Body,7310,BuyBetter,https://buybetter.ng/product/vaseline-glutaglow-bright-and-renew-3-niacinamide-vit-c-e-ampoule-serum-48hr-deodorant-45ml/
VASELINE GLUTAGLOW Bright And Smooth (3% Niacinamide + Omega 6) Ampoule Serum 48hr Deodorant 45ml,Generic/Unlisted,Treat,Body,7310,BuyBetter,https://buybetter.ng/product/vaseline-glutaglow-bright-and-smooth-3-niacinamide-omega-6-ampoule-serum-48hr-deodorant-45ml/
VASELINE GLUTAGLOW Ultra Bright (3% Niacinamide + Licorice) Ampoule Serum 48hr Deodorant 45ml,Generic/Unlisted,Treat,Body,7310,BuyBetter,https://buybetter.ng/product/vaseline-glutaglow-ultra-bright-3-niacinamide-licorice-ampoule-serum-48hr-deodorant-45ml/
VASELINE Intensive Care Advanced Repair Body Lotion 400ml,Generic/Unlisted,Moisturize,Body,6021,BuyBetter,https://buybetter.ng/product/vaseline-intensive-care-advanced-repair-body-lotion-400ml/
VASELINE Intensive Care Cocoa Radiant Body Oil 200ml,Generic/Unlisted,Moisturize,Body,9800,BuyBetter,https://buybetter.ng/product/vaseline-intensive-care-cocoa-radiant-body-oil-200ml-2/
VASELINE Intensive Care Cocoa Radiant Body Oil 200ml (Poland),Generic/Unlisted,Moisturize,Body,8600,BuyBetter,https://buybetter.ng/product/vaseline-intensive-care-cocoa-radiant-body-oil-200ml-poland/
VASELINE Intensive Care Vitamin B3 Body Oil 200ml,Generic/Unlisted,Moisturize,Body,8385,BuyBetter,https://buybetter.ng/product/vaseline-intensive-care-vitamin-b3-body-oil-200ml/
VASELINE MEN Extra Hydration Lotion 400ml,Generic/Unlisted,Moisturize,Face,6021,BuyBetter,https://buybetter.ng/product/vaseline-men-extra-hydration-lotion-400ml/
VASELINE Original Healing Jelly 13.0 oz 368g,Generic/Unlisted,Uncategorized,Face,11825,BuyBetter,https://buybetter.ng/product/vaseline-original-healing-jelly-13-0-oz-368g/
VASELINE Radiant Hydrating Body Oil 109ml,Generic/Unlisted,Moisturize,Body,31390,BuyBetter,https://buybetter.ng/product/vaseline-radiant-hydrating-body-oil-109ml/
VERSED -Weekend Glow Daily Brightening Solution 120ml,Generic/Unlisted,Uncategorized,Face,37000,BuyBetter,https://buybetter.ng/product/versed-weekend-glow-daily-brightening-aha-liquid-exfoliant/
VICKS -VapoShower Soothing Vapors (5 tablets),Generic/Unlisted,Uncategorized,Body,16125,BuyBetter,https://buybetter.ng/product/vicks-vaposhower-soothing-vapors-5-tablets/
VILLAGE 11 FACTORY -Perfume Musk Shampoo 17.63 oz 500g,Generic/Unlisted,Other,Hair Care,11300,BuyBetter,https://buybetter.ng/product/village-11-factory-perfume-musk-shampoo-500g/
VILLAGE 11 FACTORY ACTIVE CLEAN (TEA TREE) SHEET MASK 23g,Generic/Unlisted,Treat,Face,13,BuyBetter,https://buybetter.ng/product/village-11-factory-active-clean-sheet-mask-tea-tree-23g/
VILLAGE 11 FACTORY ACTIVE CLEAN SHEET MASK LEMON 23g,Generic/Unlisted,Treat,Face,20,BuyBetter,https://buybetter.ng/product/village-11-factory-active-clean-sheet-mask-lemon-23g/
VILLAGE 11 FACTORY MIRACLE YOUTH (COLLAGEN) SHEET MASK 23g,Generic/Unlisted,Treat,Face,19,BuyBetter,https://buybetter.ng/product/village-11-factory-miracle-youth-collagen-sheet-mask-23g/
VILLAGE11 FACTORY MIRACLE YOUTH DOUBLE CLEANSER 150ML,Generic/Unlisted,Cleanse,Face,11900,BuyBetter,https://buybetter.ng/product/village11factory-miracle-youth-double-cleanser-150ml/
Vitafusion Lil Critters Gummies 190 Gummies,Generic/Unlisted,Uncategorized,Face,23650,BuyBetter,https://buybetter.ng/product/vitafusion-lil-critters-gummies-190-gummies/
VITAFUSION Women’s Multi Berry Flavors 150 gummies,Generic/Unlisted,Uncategorized,Face,34400,BuyBetter,https://buybetter.ng/product/vitafusion-womens-multivitamin-220-gummies/
VT COSMETICS -Red Booster Reedle Shot 100 1.69 oz 50ml,VT Cosmetics,Uncategorized,Face,35475,BuyBetter,https://buybetter.ng/product/vt-cosmetics-red-booster-reedle-shot-100/
VT COSMETICS -Red Booster Reedle Shot 300 1.69 oz 50ml,VT Cosmetics,Uncategorized,Face,37625,BuyBetter,https://buybetter.ng/product/vt-cosmetics-red-booster-reedle-shot-300/
VT COSMETICS -Reedle Shot 300 1.69 oz 50ml,VT Cosmetics,Uncategorized,Face,38700,BuyBetter,https://buybetter.ng/product/vt-cosmetics-reedle-shot-300-50ml/
VT COSMETICS Reedle Shot 100 1.69 oz 50ml,VT Cosmetics,Uncategorized,Face,21607.5,BuyBetter,https://buybetter.ng/product/vt-cosmetics-reedle-shot-100-50ml/
VUIVUI  Byeolee Mon to Sun (Tea Tree) Foam Cleanser 100g,Generic/Unlisted,Cleanse,Face,17,BuyBetter,https://buybetter.ng/product/vuivui-byeolee-mon-to-sun-tea-tree-foam-cleanser-100g/
VUIVUI – Byeolee Tea Tree Toner 130ml,Generic/Unlisted,Treat,Face,13,BuyBetter,https://buybetter.ng/product/vuivui-byeolee-tea-tree-toner-130ml/
XBC -TEA TREE Essential Oil 30ml,Generic/Unlisted,Moisturize,Face,3763,BuyBetter,https://buybetter.ng/product/xbc-tea-tree-essential-oil-30ml/
XBC -Tea Tree Facial scrub -250ml,Generic/Unlisted,Cleanse,Lip Care,3763,BuyBetter,https://buybetter.ng/product/tea-tree-facial-scrub-250ml/
XBC -Tea Tree Facial Toner 200ml,Generic/Unlisted,Treat,Face,3763,BuyBetter,https://buybetter.ng/product/xbc-tea-tree-facial-toner-200ml/
YOUTHEORY -Ashwagandha Daily Adaptogen Formula Dietary Supplement (180 caps),Generic/Unlisted,Uncategorized,Face,56975,BuyBetter,https://buybetter.ng/product/youtheory-ashwagandha-daily-adaptogen-formula-dietary-supplement-180-caps/
YOUTHEORY Turmeric Curcumin 2250 MG 210 Capsules,Generic/Unlisted,Uncategorized,Face,81700,BuyBetter,https://buybetter.ng/product/youtheory-turmeric-curcumin-2250-mg-210-capsules/
ZAPZYT -ACNE WASH CLEANSER 177g,Generic/Unlisted,Cleanse,Face,11300,BuyBetter,https://buybetter.ng/product/zapzyt-acne-wash-cleanser-177g/
ZAPZYT ACNE TREATMENT GEL,Generic/Unlisted,Treat,Face,11800,BuyBetter,https://buybetter.ng/product/zapzyt-acne-treatment-gel-28-35g/
Mary and May Spicule Collagen PDRN Cream 15g,Generic/Unlisted,Moisturize,Face,10800,BeautyByDaz,https://beautybydaz.com/shop/face/moisturizers/mary-and-may-spicule-collagen-pdrn-cream-15g/
Arencia Eraser Shot Glycolic Acid Booster 30ml,Generic/Unlisted,Treat,Face,13800,BeautyByDaz,https://beautybydaz.com/shop/face/moisturizers/arencia-eraser-shot-glycolic-acid-booster-30ml/
Arencia Retinal Booster Shot,Generic/Unlisted,Uncategorized,Face,15950,BeautyByDaz,https://beautybydaz.com/shop/face/moisturizers/arencia-retinal-booster-shot/
Centellian 24 Madeca Cream Time Reverse 50ml,Generic/Unlisted,Moisturize,Face,14500,BeautyByDaz,https://beautybydaz.com/shop/face/treatment/centellian-24-madeca-cream-time-reverse-50ml/
SkinScience Gly/Sal 5-2 Exfoliating Cleanser 100ml,Generic/Unlisted,Cleanse,Face,19400,BeautyByDaz,https://beautybydaz.com/shop/face/skinscience-gly-sal-5-2-exfoliating-cleanser-100ml/
Timeless 10% Vitamin C Serum,Generic/Unlisted,Treat,Face,19850,BeautyByDaz,https://beautybydaz.com/shop/face/oils-serum/timeless-10-vitamin-c-serum/
Skeenpoint Skin Polishing Whitening Body Lotion,Generic/Unlisted,Moisturize,Body,9800,BeautyByDaz,https://beautybydaz.com/shop/bath-body/creams-lotions/skeenpoint-skin-polishing-whitening-body-lotion/
E45 Moisturising Cream,Generic/Unlisted,Moisturize,Face,12850,BeautyByDaz,https://beautybydaz.com/shop/bath-body/creams-lotions/e45-moisturising-cream/
Method Island Mist Body Wash,Generic/Unlisted,Cleanse,Body,18850,BeautyByDaz,https://beautybydaz.com/shop/bath-body/bath-wash-gels/method-island-mist-body-wash/
Olay Victory Vibes Vanilla Body Wash,Generic/Unlisted,Cleanse,Body,15500,BeautyByDaz,https://beautybydaz.com/shop/bath-body/bath-wash-gels/olay-victory-vibes-vanilla-body-wash/
Dove Brown Sugar & Coconut Butter Body Scrub Gommage Corps,Generic/Unlisted,Cleanse,Body,15850,BeautyByDaz,https://beautybydaz.com/shop/bath-body/body-scrubs-exfoliators/dove-brown-sugar-coconut-butter-body-scrub-gommage-corps/
Dove Crushed Macadamia and Rice Milk Body Scrub Gommage Corps,Generic/Unlisted,Cleanse,Body,15850,BeautyByDaz,https://beautybydaz.com/shop/bath-body/body-scrubs-exfoliators/dove-crushed-macadamia-and-rice-milk-body-scrub-gommage-corps/
Cosmo Delicious Kunafa Pistachio Chocolate Fragrance Mist,Generic/Unlisted,Uncategorized,Face,5500,BeautyByDaz,https://beautybydaz.com/shop/fragrance/cosmo-delicious-kunafa-pistachio-chocolate-fragrance-mist/
Cosmo Delicious Hot Cocoa Peppermint Fragrance Mist,Generic/Unlisted,Uncategorized,Face,5500,BeautyByDaz,https://beautybydaz.com/shop/fragrance/cosmo-delicious-hot-cocoa-peppermint-fragrance-mist/
Cosmo Delicious Berry Yogurt Cream Fragrance Mist,Generic/Unlisted,Moisturize,Face,5500,BeautyByDaz,https://beautybydaz.com/shop/fragrance/cosmo-delicious-berry-yogurt-cream-fragrance-mist/
Cosmo Blue Java Banana Fragrance Mist,Generic/Unlisted,Uncategorized,Face,5500,BeautyByDaz,https://beautybydaz.com/shop/fragrance/cosmo-blue-java-banana-fragrance-mist/
Cosmo Delicious Sweet Snowberry Treat Fragrance Mist,Generic/Unlisted,Uncategorized,Face,5500,BeautyByDaz,https://beautybydaz.com/shop/fragrance/cosmo-delicious-sweet-snowberry-treat/
Cosmos Delicious Coconut Ice Cream Sundae Fragrance Mist,Generic/Unlisted,Moisturize,Face,5500,BeautyByDaz,https://beautybydaz.com/shop/fragrance/cosmos-delicious-coconut-ice-cream-sundae/
Cosmo Delicious Frosted Apple Candy Fragrance Mist,Generic/Unlisted,Uncategorized,Face,5500,BeautyByDaz,https://beautybydaz.com/shop/fragrance/cosmo-delicious-frosted-apple-candy/
Amlactin Daily Healing 12% Lactic Acid Lotion,Generic/Unlisted,Treat,Face,32500,BeautyByDaz,https://beautybydaz.com/shop/amlactin-body-lotion/amlactin-daily-healing-12-lactic-acid-lotion/
Tree Tea Aurora Night Shea Sugar Scrub,Generic/Unlisted,Cleanse,Lip Care,17850,BeautyByDaz,https://beautybydaz.com/shop/bath-body/body-scrubs-exfoliators/tree-tea-aurora-night-shea-sugar-scrub/
Tree Hut Dewy Daisy Shea Sugar Scrub,Generic/Unlisted,Cleanse,Lip Care,16500,BeautyByDaz,https://beautybydaz.com/shop/face/face-masks-scrubs/tree-hut-dewy-daisy-shea-sugar-scrub/
Tree Hut Rainbow Sherbet Shea Sugar Scrub,Generic/Unlisted,Cleanse,Lip Care,16500,BeautyByDaz,https://beautybydaz.com/shop/face/face-masks-scrubs/tree-hut-rainbow-sherbet-shea-sugar-scrub/
Tree Hut Peach Sorbet Shea Sugar Scrub,Generic/Unlisted,Cleanse,Lip Care,16500,BeautyByDaz,https://beautybydaz.com/shop/face/face-masks-scrubs/tree-hut-peach-sorbet-shea-sugar-scrub/
Zaron Luxurious Lip gloss,Generic/Unlisted,Other,Makeup,4950,BeautyByDaz,https://beautybydaz.com/shop/makeup/lips-makeup/lipstick-lipgloss/zaron-luxurious-lip-gloss/
Zaron HD Liquid Eyeliner,Generic/Unlisted,Uncategorized,Eye Care,4800,BeautyByDaz,https://beautybydaz.com/shop/makeup/eye-makeup/eyeliner/zaron-hd-liquid-eyeliner/
Morphe Lifeproof Continuous setting spray 79.5g/2.8oz,Generic/Unlisted,Uncategorized,Face,45000,BeautyByDaz,https://beautybydaz.com/shop/hair-care/styling-products/sprays-serums/morphe-lifeproof-continuous-setting-spray-79-5g-2-8oz/
Zaron Volumizing Mascara,Generic/Unlisted,Other,Makeup,6500,BeautyByDaz,https://beautybydaz.com/shop/face/zaron-volumizing-mascara/
Zaron Perfect Finish Spray 120ml,Generic/Unlisted,Uncategorized,Face,8500,BeautyByDaz,https://beautybydaz.com/shop/face/zaron-perfect-finish-spray-120ml/
Zaron Lengthening Mascara,Generic/Unlisted,Other,Makeup,6800,BeautyByDaz,https://beautybydaz.com/shop/face/zaron-lengthening-mascara/
Zaron Wink 4in1 Mascara,Generic/Unlisted,Other,Makeup,6800,BeautyByDaz,https://beautybydaz.com/shop/face/zaron-wink-4in1-mascara/
Zaron Oil Block Mattifier 80ml,Generic/Unlisted,Moisturize,Face,8950,BeautyByDaz,https://beautybydaz.com/shop/face/zaron-oil-block-mattifier-80ml/
Zaron Face Primer Oil Free 40ml,Generic/Unlisted,Other,Makeup,8800,BeautyByDaz,https://beautybydaz.com/shop/face/zaron-face-primer-oil-free-40ml/
Skin By Zaron Glow & Hydrating Body Oil,Generic/Unlisted,Moisturize,Body,12800,BeautyByDaz,https://beautybydaz.com/shop/face/oils-serum/skin-by-zaron-glow-hydrating-body-oil/
Skin By Zaron Acne Control Glow Face Wash,Generic/Unlisted,Cleanse,Face,9500,BeautyByDaz,https://beautybydaz.com/shop/face/skin-by-zaron-acne-control-glow-face-wash/
Yanga beauty Gelato black Eyeliner,Generic/Unlisted,Uncategorized,Eye Care,7500,BeautyByDaz,https://beautybydaz.com/shop/face/yanga-beauty-gelato-black-eyeliner/
Yanga Beauty Smooth Match Concealer,Generic/Unlisted,Other,Makeup,7850,BeautyByDaz,https://beautybydaz.com/shop/makeup/face-makeup/concealer/yanga-beauty-smooth-match-concealer-2/
Tehila Airbrush Primer 100ml,Generic/Unlisted,Other,Makeup,10800,BeautyByDaz,https://beautybydaz.com/shop/makeup/face-makeup/primer/tehila-airbrush-primer-100ml/
Tehila Cosmetics Black Gel Eye Liner,Generic/Unlisted,Uncategorized,Eye Care,8500,BeautyByDaz,https://beautybydaz.com/shop/makeup/eye-makeup/eyeliner/tehila-cosmetics-black-gel-eye-liner/
DERMA BISOU VELVET TONER 120ml,Generic/Unlisted,Treat,Face,9600,BeautyByDaz,https://beautybydaz.com/shop/face/derma-bisou-velvet-toner-120ml/
DERMA BISOU VELVET ESSENCE  50 ml (1.69 fl. oz),Generic/Unlisted,Treat,Face,9600,BeautyByDaz,https://beautybydaz.com/shop/face/derma-bisou-velvet-essence-50-ml-1-69-fl-oz/
Uncover The Essentials Kit,Generic/Unlisted,Uncategorized,Face,48500,BeautyByDaz,https://beautybydaz.com/shop/face/uncover-the-essentials-kit/
Uncover On The Go Kit,Generic/Unlisted,Uncategorized,Face,25999,BeautyByDaz,https://beautybydaz.com/shop/face/uncover-on-the-go-kit/
Uncover I am secure Spot Patch,Generic/Unlisted,Treat,Face,7999,BeautyByDaz,https://beautybydaz.com/shop/face/uncover-i-am-secure-spot-patch/
Uncover Green Tea Revitalising Cleanser 30ml,Generic/Unlisted,Cleanse,Face,4999,BeautyByDaz,https://beautybydaz.com/shop/face/uncover-green-tea-revitalising-cleanser-30ml/
Uncover Argan Hydrating Moisturiser 30ml,Generic/Unlisted,Uncategorized,Face,7850,BeautyByDaz,https://beautybydaz.com/shop/face/moisturizers/uncover-argan-hydrating-moisturiser-30ml/
Uncover Myravive Gentle Hydrating cleanser 120ml,Generic/Unlisted,Cleanse,Face,11950,BeautyByDaz,https://beautybydaz.com/shop/face/uncover-myravive-gentle-hydrating-cleanser-120ml/
Bolden Sunscreen Serum SPF50+ PA++++ 1.69fl.Oz/50ml,Generic/Unlisted,Protect,Face,13850,BeautyByDaz,https://beautybydaz.com/shop/face/bolden-sunscreen-serum-spf50-pa-1-69fl-oz-50ml/
Dr Althea Pure Retinol 0.15% Cream 20g,Generic/Unlisted,Treat,Face,10500,BeautyByDaz,https://beautybydaz.com/shop/face/dr-althea-pure-retinol-0-15-cream-20g/
Dr Althea 0.1% Gentle Retinol Serum 30ml,Generic/Unlisted,Treat,Face,13800,BeautyByDaz,https://beautybydaz.com/shop/face/dr-althea-0-1-gentle-retinol-serum-30ml/
Toke Natural Soap Orange Formula 250g,Generic/Unlisted,Cleanse,Face,2950,BeautyByDaz,https://beautybydaz.com/shop/bath-body/bath-wash-gels/toke-orange-soap-250g/
Bondisands Coconut Beach SPF50+,Generic/Unlisted,Protect,Face,16500,BeautyByDaz,https://beautybydaz.com/shop/face/sunscreens/bondisands-coconut-beach-spf50/
FRUDIA-My Orchard  Hand Cream,Generic/Unlisted,Moisturize,Body,3500,BeautyByDaz,https://beautybydaz.com/shop/bath-body/personal-care/frudia-my-orchard-hand-cream/
Dove Body Love Invigorating Care Hand Cream 75ml,Generic/Unlisted,Moisturize,Body,4800,BeautyByDaz,https://beautybydaz.com/shop/bath-body/dove-body-love-invigorating-care-hand-cream-75ml/
Dove Body Love Awakening Care Hand Cream 75ml,Generic/Unlisted,Moisturize,Body,4800,BeautyByDaz,https://beautybydaz.com/shop/bath-body/creams-lotions/dove-body-love-awakening-care-hand-cream-75ml/
Dr Teal’s Eucalyptus & Spearmint Moisturizing Bath & Body Oils – 260ml,Generic/Unlisted,Moisturize,Body,8500,BeautyByDaz,https://beautybydaz.com/shop/bath-body/dr-teals-eucalyptus-spearmint-moisturizing-bath-body-oils-260ml/
Vee Beauty Rebirth Light Weight Foundation,Generic/Unlisted,Other,Makeup,8000,BeautyByDaz,https://beautybydaz.com/shop/makeup/face-makeup/foundations/vee-beauty-rebirth-light-weight-foundation/
Cosmo Whitening Roll – On Deo Active Sport,Generic/Unlisted,Uncategorized,Face,5200,BeautyByDaz,https://beautybydaz.com/shop/bath-body/cosmo-whitening-roll-on-deo-active-sport/
I’m From Rice Whip Cleanser 150ml,Generic/Unlisted,Cleanse,Face,10850,BeautyByDaz,https://beautybydaz.com/shop/face/im-from-rice-whip-cleanser-150ml/
I’m from Rice Serum 30ml,Generic/Unlisted,Treat,Face,14950,BeautyByDaz,https://beautybydaz.com/shop/face/im-from-rice-serum-30ml/
Numbuzin No 3 Super Glowing Essence Toner 200ml,Numbuzin,Treat,Face,13850,BeautyByDaz,https://beautybydaz.com/shop/face/numbuzin-no-3-super-glowing-essence-toner-200ml/
BB LAB Glutathione Collagen W 2g x 30 ( 60g/224 kcal),Generic/Unlisted,Uncategorized,Face,18850,BeautyByDaz,https://beautybydaz.com/shop/supplement/bb-lab-glutathione-collagen-w-2g-x-30-60g-224-kcal/
I’m From Honey Mask 30g,Generic/Unlisted,Treat,Face,6500,BeautyByDaz,https://beautybydaz.com/shop/uncategorized/im-from-honey-mask-30g/
I’m From Mugwort Gel Cleanser 150ml,Generic/Unlisted,Cleanse,Face,10850,BeautyByDaz,https://beautybydaz.com/shop/cleansers-toners/im-from-mugwort-gel-cleanser-150ml/
I’m From Fig Foam Cleanser 150ml,Generic/Unlisted,Cleanse,Face,10850,BeautyByDaz,https://beautybydaz.com/shop/face/im-from-fig-foam-cleanser-150ml/
I’m From Beet Purifying Mask 70g,Generic/Unlisted,Treat,Face,11500,BeautyByDaz,https://beautybydaz.com/shop/face/im-from-beet-purifying-mask-70g/
I’m From Fig Scrub Mask 70g,Generic/Unlisted,Cleanse,Lip Care,11500,BeautyByDaz,https://beautybydaz.com/shop/face/im-from-fig-scrub-mask-70g/
I’m from Apricot Dark Spot Drop Ampoule 50ml,Generic/Unlisted,Treat,Face,15950,BeautyByDaz,https://beautybydaz.com/shop/face/im-from-apricot-dark-spot-drop-ampoule-50ml/
TAC REJUVA FORMULA 30ml,Generic/Unlisted,Protect,Face,75000,BeautyByDaz,https://beautybydaz.com/shop/face/tac-rejuva-formula-30ml/
Nuban Seal IT Make up Fixing Spray 105ml,Generic/Unlisted,Uncategorized,Face,11800,BeautyByDaz,https://beautybydaz.com/shop/makeup/nuban-seal-it-make-up-fixing-spray-105ml/
Vee Beauty Face Sculpt Powder Pallets,Generic/Unlisted,Other,Makeup,18500,BeautyByDaz,https://beautybydaz.com/shop/makeup/face-makeup/powders/vee-beauty-face-sculpt-powder-pallets/
Vee Beauty Pro Matte Powder,Generic/Unlisted,Other,Makeup,6800,BeautyByDaz,https://beautybydaz.com/shop/makeup/face-makeup/powders/vee-beauty-pro-matte-powder/
Dove Rejuvenating  Bar 4x90g Pack (360g),Generic/Unlisted,Protect,Face,4999,BeautyByDaz,https://beautybydaz.com/shop/bath-body/soaps/dove-rejuvenating-bar-4x90g-pack-360g/
Vee Beauty the Secret,Generic/Unlisted,Uncategorized,Face,9800,BeautyByDaz,https://beautybydaz.com/shop/makeup/face-makeup/powders/vee-beauty-the-secret/
Annie’s Beauty Ashy Smokey Palette,Generic/Unlisted,Other,Makeup,23999,BeautyByDaz,https://beautybydaz.com/shop/makeup/annies-beauty-ashy-smokey-palette/
Palmer’s Cocoa Butter Tahitian Vanilla Body Cream,Generic/Unlisted,Moisturize,Body,25800,BeautyByDaz,https://beautybydaz.com/shop/bath-body/palmers-cocoa-butter-tahitian-vanilla-body-cream/
Bolden Brightening Face Moisturizer with SPF 30 & Vitamin C 60ml,Generic/Unlisted,Protect,Face,29500,BeautyByDaz,https://beautybydaz.com/shop/face/bolden-brightening-face-moisturizer-with-spf-30-vitamin-c-60ml/
Vee Beauty Spicy Andalyn Eye Shadow Pallet,Generic/Unlisted,Uncategorized,Eye Care,9800,BeautyByDaz,https://beautybydaz.com/shop/makeup/eye-makeup/eyeshadow/vee-beauty-spicy-andalyn-eye-shadow-pallet/
Vee Beauty Nudes Eye Shadow Pallet,Generic/Unlisted,Uncategorized,Eye Care,9800,BeautyByDaz,https://beautybydaz.com/shop/makeup/eye-makeup/eyeshadow/vee-beauty-nudes-eye-shadow-pallet/
Msmetics Aqua Grip Radiant Finish,Generic/Unlisted,Uncategorized,Face,13550,BeautyByDaz,https://beautybydaz.com/shop/makeup/msmetics-aqua-grip-radiant-finish/
CPD Bang Grip  Primer,Generic/Unlisted,Other,Makeup,9999,BeautyByDaz,https://beautybydaz.com/shop/uncategorized/cpd-bang-grip-primer/
Annie’s Beauty Nudes Happy Bride Palette,Generic/Unlisted,Other,Makeup,23999,BeautyByDaz,https://beautybydaz.com/shop/makeup/annies-beauty-nudes-happy-bride-palette/
Annie’s Beauty Colorful Party Girl Palette,Generic/Unlisted,Other,Makeup,23999,BeautyByDaz,https://beautybydaz.com/shop/makeup/annies-beauty-colorful-party-girl-palette/
Annie’s Beauty Cool Tone Twilight Palette,Generic/Unlisted,Other,Makeup,23999,BeautyByDaz,https://beautybydaz.com/shop/makeup/annies-beauty-cool-twilight-palette/
Annie’s Beauty Purple Dazzling Palette,Generic/Unlisted,Other,Makeup,23999,BeautyByDaz,https://beautybydaz.com/shop/makeup/annies-beauty-purple-dazzling-palette/
Annie’s Beauty Drama Queen Eyeshadow Palette,Generic/Unlisted,Other,Makeup,23999,BeautyByDaz,https://beautybydaz.com/shop/face/annies-beauty-drama-queen-eyeshadow-palette/
Niu Skin Watery Essence Total Effect Sunscreen,Generic/Unlisted,Protect,Face,4800,BeautyByDaz,https://beautybydaz.com/shop/face/sunscreens/niu-skin-watery-essence-total-effect-sunscreen/
Medicube Deep Vita C Capsule Serum,Generic/Unlisted,Treat,Face,15800,BeautyByDaz,https://beautybydaz.com/shop/face/serums/medicube-deep-vita-c-capsule-serum/
Kryolan Fixing Spray,Generic/Unlisted,Uncategorized,Face,32000,BeautyByDaz,https://beautybydaz.com/shop/uncategorized/kryolan-fixing-spray-300ml/
Skeenpoint retinol + peptide 300ml,Generic/Unlisted,Treat,Face,9800,BeautyByDaz,https://beautybydaz.com/shop/uncategorized/skeenpoint-retinol-peptide-300ml/
Demelan cream,Generic/Unlisted,Moisturize,Face,10500,BeautyByDaz,https://beautybydaz.com/shop/bath-body/creams-lotions/demelan-cream/
Nars Natural Radiant Foundation,Generic/Unlisted,Other,Makeup,88000,BeautyByDaz,https://beautybydaz.com/shop/makeup/face-makeup/foundations/nars-natural-radiant-foundation/
Huda Beauty Foundation,Generic/Unlisted,Other,Makeup,72000,BeautyByDaz,https://beautybydaz.com/shop/makeup/face-makeup/foundations/huda-beauty-foundation/
Balance active niacinamide serum 30ml,Generic/Unlisted,Treat,Face,9000,BeautyByDaz,https://beautybydaz.com/shop/uncategorized/balance-active-niacinamide-serum-30ml/
Charlotte Tilbury Airbrush Smoothing Powder,Generic/Unlisted,Other,Makeup,76500,BeautyByDaz,https://beautybydaz.com/shop/makeup/face-makeup/powders/charlotte-tilbury-airbrush-smoothing-powder/
Adventure Primer Base,Generic/Unlisted,Other,Makeup,3950,BeautyByDaz,https://beautybydaz.com/shop/makeup/adventure-primer-base/
Classic Base Matifiante Velvet Matte Primer,Generic/Unlisted,Other,Makeup,5500,BeautyByDaz,https://beautybydaz.com/shop/makeup/classic-base-matifiante-velvet-matte-primer/
Sephora Microsmooth Powder,Generic/Unlisted,Other,Makeup,38500,BeautyByDaz,https://beautybydaz.com/shop/makeup/face-makeup/powders/sephora-powder-microsmooth-powder/
Eos Shea Butter Cashmere whipped oil butter Vanilla Cashmere 283ml,Generic/Unlisted,Moisturize,Face,24500,BeautyByDaz,https://beautybydaz.com/shop/bath-body/eos-shea-butter-cashmere-whipped-oil-butter-vanilla-cashmere-283ml/
Eos Shea Butter Cashmere Body Wash Vanilla Cashmere 473ml,Generic/Unlisted,Cleanse,Body,20850,BeautyByDaz,https://beautybydaz.com/shop/bath-body/eos-shea-butter-cashmere-body-wash-vanilla-cashmere-473ml/
Eos Shea butter Cashere Body Wash Coconut Waters 473ml,Generic/Unlisted,Cleanse,Body,20850,BeautyByDaz,https://beautybydaz.com/shop/bath-body/eos-shea-butter-cashere-body-wash-coconut-waters-473ml/
Cosmo Temptation Tropical Papaya,Generic/Unlisted,Uncategorized,Face,8580,BeautyByDaz,https://beautybydaz.com/shop/bath-body/cosmo-temptation-tropical-papaya/
Cosmo Whitening Roll-on Deo Fresh breeze,Generic/Unlisted,Uncategorized,Body,5200,BeautyByDaz,https://beautybydaz.com/shop/fragrance/cosmo-whitening-roll-on-deo-fresh-breeze/
Omaricode Lip Pencil,Generic/Unlisted,Uncategorized,Lip Care,5500,BeautyByDaz,https://beautybydaz.com/shop/makeup/omaricode-lip-pencil/
Omaricode Matte O’clock,Generic/Unlisted,Uncategorized,Face,10950,BeautyByDaz,https://beautybydaz.com/shop/makeup/face-makeup/primer/omaricode-matte-oclock/
Avour Matte Lip Gloss,Generic/Unlisted,Other,Makeup,2200,BeautyByDaz,https://beautybydaz.com/shop/makeup/lips-makeup/avour-matte-lip-gloss-2/
Mario Badescu Skincare Facial Spray With Cucumber,Generic/Unlisted,Uncategorized,Face,15500,BeautyByDaz,https://beautybydaz.com/shop/makeup/mario-badescu-skincare-facial-spray-with-cucumber/
Charlotte Tilbury Airbrush Setting Spray,Generic/Unlisted,Uncategorized,Face,68500,BeautyByDaz,https://beautybydaz.com/shop/makeup/face-makeup/setting-spray/charlotte-tilbury-airbrush-setting-spray-100ml-2/
Soo Pro Cosmetic Hydra Mist Setting Spray,Generic/Unlisted,Uncategorized,Face,8625,BeautyByDaz,https://beautybydaz.com/shop/makeup/face-makeup/setting-spray/sooo-pro-cosmetic-hydra-mist-setting-spray-150ml/
Rimmel London Stay Matte Makeup Primer,Generic/Unlisted,Other,Makeup,10925,BeautyByDaz,https://beautybydaz.com/shop/makeup/face-makeup/primer/rimmel-london-stay-matte-make-up-primer/
Soo Pro Extra Dimension Loose Highlighter,Generic/Unlisted,Uncategorized,Face,5610,BeautyByDaz,https://beautybydaz.com/shop/makeup/face-makeup/blush/sooo-pro-extra-dimension-loose-highlighter/
Soo Pro Matte Liquid Lipstick,Generic/Unlisted,Other,Makeup,5175,BeautyByDaz,https://beautybydaz.com/shop/makeup/lips-makeup/lipstick-lipgloss/sooo-pro-matte-liquid-lipstick/
Soo Pro Lustre Hi Shine Gloss,Generic/Unlisted,Uncategorized,Face,5610,BeautyByDaz,https://beautybydaz.com/shop/makeup/lips-makeup/lipstick-lipgloss/sooo-pro-lustre-hi-shine-gloss/
Yanga Beauty Smooth and Match Foundation,Generic/Unlisted,Other,Makeup,14900,BeautyByDaz,https://beautybydaz.com/shop/makeup/face-makeup/yanga-beauty-smooth-and-match-foundation/
Msmetics Moisture Bomb,Generic/Unlisted,Moisturize,Face,7250,BeautyByDaz,https://beautybydaz.com/shop/makeup/mismetic-moisture-bomb/
Msmetics Moisture Potion,Generic/Unlisted,Moisturize,Face,7250,BeautyByDaz,https://beautybydaz.com/shop/makeup/mismetic-moisture-potion/
Msmetics Glazed Dew Highlighting Balm,Generic/Unlisted,Moisturize,Lip Care,10950,BeautyByDaz,https://beautybydaz.com/shop/makeup/face-makeup/blush/mismetic-glazed-dew-highlighting-balm/
Nuban Beauty Setting Powder,Generic/Unlisted,Other,Makeup,13500,BeautyByDaz,https://beautybydaz.com/shop/makeup/face-makeup/powders/nuban-beauty-setting-powder/
Nuban Beauty Blushes,Generic/Unlisted,Other,Makeup,9200,BeautyByDaz,https://beautybydaz.com/shop/makeup/face-makeup/blush/nuban-beauty-blushes/
Nuban Beauty Concealer,Generic/Unlisted,Other,Makeup,8000,BeautyByDaz,https://beautybydaz.com/shop/makeup/face-makeup/concealer/nuban-beauty-concealer/
Charlotte Tilbury Airbrush Perfecting Powder,Generic/Unlisted,Other,Makeup,76500,BeautyByDaz,https://beautybydaz.com/shop/makeup/face-makeup/powders/charlotte-tilbury-airbrush-perfecting-powder/
Milani Mineral Press Powder,Generic/Unlisted,Other,Makeup,19850,BeautyByDaz,https://beautybydaz.com/shop/makeup/face-makeup/powders/milani-mineral-press-powder-108/
L’oreal Paris Infaillible 3-second Setting Mist 150ml,Generic/Unlisted,Uncategorized,Face,45500,BeautyByDaz,https://beautybydaz.com/shop/makeup/face-makeup/setting-spray/loreal-paris-infaillible-3-second-setting-mist/
FBH Cosmetic Lock-in Water Proof Makeup Fixer,Generic/Unlisted,Other,Makeup,10000,BeautyByDaz,https://beautybydaz.com/shop/makeup/face-makeup/setting-spray/fbh-cosmetic-lock-in-water-proof-make-up-fixer/
Avour Loose Powder,Generic/Unlisted,Other,Makeup,,BeautyByDaz,https://beautybydaz.com/shop/makeup/face-makeup/avour-loose-powder/
Avour Liquid Concealer Invisible Coverage,Generic/Unlisted,Other,Makeup,,BeautyByDaz,https://beautybydaz.com/shop/makeup/face-makeup/concealer/avour-liquid-concealer-invisible-coverage/
Avour Bestskin Outlast Full Coverage Foundation,Generic/Unlisted,Other,Makeup,,BeautyByDaz,https://beautybydaz.com/shop/makeup/face-makeup/foundations/avour-bestskin-outcast-full-coverage-foundation/
Avour Concealer Invisible Coverage,Generic/Unlisted,Other,Makeup,,BeautyByDaz,https://beautybydaz.com/shop/makeup/face-makeup/concealer/avour-concealer-invisible-coverage/
Avour Super Stay Full Coverage SPF25 Foundation,Generic/Unlisted,Other,Makeup,6500,BeautyByDaz,https://beautybydaz.com/shop/makeup/face-makeup/foundations/avour-super-stay-full-coverage-spf25-foundation/
Blossom Makeup Moist Essence,Generic/Unlisted,Other,Makeup,6800,BeautyByDaz,https://beautybydaz.com/shop/makeup/face-makeup/primer/blossom-make-up-moist-essence/
Art Makeup Berry Pop Lip Gloss,Generic/Unlisted,Other,Makeup,2800,BeautyByDaz,https://beautybydaz.com/shop/makeup/lips-makeup/art-make-up-berry-pop-lip-gloss/
Blossom Lip Moisturizing Gloss,Generic/Unlisted,Uncategorized,Lip Care,1500,BeautyByDaz,https://beautybydaz.com/shop/makeup/lips-makeup/lipstick-lipgloss/blossom-lip-moisturizing-gloss/
Blossom Makeup Gel Eyeliner,Generic/Unlisted,Other,Makeup,2880,BeautyByDaz,https://beautybydaz.com/shop/makeup/eye-makeup/eyeliner/blossom-make-up-gel-eyeliner/
Blossom Ablazed Baked Highlighter,Generic/Unlisted,Uncategorized,Face,5800,BeautyByDaz,https://beautybydaz.com/shop/makeup/face-makeup/blush/blossom-ablazed-baked-highlighter/
Blossom Makeup Veil Foundation,Generic/Unlisted,Other,Makeup,9800,BeautyByDaz,https://beautybydaz.com/shop/makeup/face-makeup/foundations/blossom-make-up-veil-foundation/
Art Ishadow Diary,Generic/Unlisted,Uncategorized,Face,14500,BeautyByDaz,https://beautybydaz.com/shop/makeup/eye-makeup/eyeshadow/art-ishadow-diary/
Made by Mitchell Comet Case Light Palette,Generic/Unlisted,Other,Makeup,53500,BeautyByDaz,https://beautybydaz.com/shop/makeup/face-makeup/blush/made-by-mitchell-comet-case-light-palette/
Made by Mitchell Curve Case Medium Palette,Generic/Unlisted,Other,Makeup,53500,BeautyByDaz,https://beautybydaz.com/shop/makeup/made-by-mitchell-curve-case-medium-palette/
Made by Mitchell Curve Case Deep Palette,Generic/Unlisted,Other,Makeup,53500,BeautyByDaz,https://beautybydaz.com/shop/makeup/face-makeup/blush/made-by-mitchell-curve-case-deep-palatte/
Slosh Beauty Nude Magic Palette,Generic/Unlisted,Other,Makeup,26850,BeautyByDaz,https://beautybydaz.com/shop/makeup/slosh-beauty-nude-magic-palette/
Annie’s Beauty Cheek Sensation Blush Palette,Generic/Unlisted,Other,Makeup,23999,BeautyByDaz,https://beautybydaz.com/shop/makeup/eye-makeup/eyeshadow/annies-beauty-cheek-sensation-blush-palette/
Annie’s Beauty Meet The Browns Palette 32.4g,Generic/Unlisted,Other,Makeup,28999,BeautyByDaz,https://beautybydaz.com/shop/makeup/eye-makeup/eyeshadow/annies-beauty-meet-the-browns-palette/
Normal brush set,Generic/Unlisted,Uncategorized,Face,31050,BeautyByDaz,https://beautybydaz.com/shop/makeup/face-makeup/brush/normal-brush-set/
Tiger Razor Blade,Generic/Unlisted,Uncategorized,Face,700,BeautyByDaz,https://beautybydaz.com/shop/tools/tiger-razor-blade/
Mabrook Eyeliner,Generic/Unlisted,Uncategorized,Eye Care,5950,BeautyByDaz,https://beautybydaz.com/shop/makeup/eye-makeup/eyeliner/mabrook-eyeliner/
Bake Me Babe Setting Powder,Generic/Unlisted,Other,Makeup,16500,BeautyByDaz,https://beautybydaz.com/shop/makeup/face-makeup/powders/bake-me-babe-setting-powder/
Browmatic by Dammel Brow Tamer,Generic/Unlisted,Uncategorized,Face,2500,BeautyByDaz,https://beautybydaz.com/shop/makeup/eye-makeup/brows/bromatic-by-dammel-brow-tamer/
Huda Beauty Easy Bake Setting Powder,Generic/Unlisted,Other,Makeup,75800,BeautyByDaz,https://beautybydaz.com/shop/makeup/huda-beauty-easy-bake-setting-powder/
Classic Matifying Face Primer,Generic/Unlisted,Other,Makeup,5500,BeautyByDaz,https://beautybydaz.com/shop/makeup/face-makeup/classic-matifying-face-primer/
Too Faced Born This Way Concealer,Generic/Unlisted,Other,Makeup,62500,BeautyByDaz,https://beautybydaz.com/shop/makeup/too-faced-born-this-way-concealer/
Davis Eye Liner and Lip Pencil,Generic/Unlisted,Uncategorized,Eye Care,400,BeautyByDaz,https://beautybydaz.com/shop/face/eyes/davies-eye-liner-and-lip-pencil/
Milk Hydro Grip Primer,Generic/Unlisted,Other,Makeup,69950,BeautyByDaz,https://beautybydaz.com/shop/makeup/milk-hydro-grip-primer/
Beauty by AD luxe skin dew drop,Generic/Unlisted,Uncategorized,Face,35800,BeautyByDaz,https://beautybydaz.com/shop/makeup/face-makeup/beauty-by-ad-luxe-skin-dew-drop/
Beauty by AD Luxe Skin Matte Wear Foundation,Generic/Unlisted,Other,Makeup,35800,BeautyByDaz,https://beautybydaz.com/shop/makeup/beauty-by-ad-luxe-skin-matte-wear-foundation/
Beauty by AD Cheek Attitude Blush Palette,Generic/Unlisted,Other,Makeup,15500,BeautyByDaz,https://beautybydaz.com/shop/makeup/beauty-by-ad-cheek-attitude/
Beauty By AD Lip Luxe Potion,Generic/Unlisted,Uncategorized,Lip Care,8000,BeautyByDaz,https://beautybydaz.com/shop/makeup/beauty-by-ad-lip-luxe-potion/
Beauty by AD Cheek Charm Powder Blush,Generic/Unlisted,Other,Makeup,15500,BeautyByDaz,https://beautybydaz.com/shop/makeup/face-makeup/blush/beauty-by-ad-cheek-charm-powder-blush/
Beauty by AD Ethereal Essence Lip Gloss,Generic/Unlisted,Other,Makeup,10500,BeautyByDaz,https://beautybydaz.com/shop/face/lips/beauty-by-ad-ethereal-essence-lip-gloss/
Beauty by AD Liquid Matte Lipstick,Generic/Unlisted,Other,Makeup,10500,BeautyByDaz,https://beautybydaz.com/shop/face/lips/beauty-by-ad-liquid-matte-lipstick/
Beauty by AD Lip Gloss,Generic/Unlisted,Other,Makeup,10500,BeautyByDaz,https://beautybydaz.com/shop/uncategorized/beauty-by-ad-lip-gloss/
Cosmo Glow White Lightening Body Scrub,Generic/Unlisted,Cleanse,Body,5400,BeautyByDaz,https://beautybydaz.com/shop/bath-body/cosmo-glow-white-lightening-body-scrub/
Cosmo Glow White Extra Brightening Body Scrub,Generic/Unlisted,Cleanse,Body,5400,BeautyByDaz,https://beautybydaz.com/shop/bath-body/body-scrubs-exfoliators/cosmo-glow-white-extra-brightening-body-scrub/
Cosmo Whitening Pure Elegance Roll-On 48hrs,Generic/Unlisted,Uncategorized,Body,5200,BeautyByDaz,https://beautybydaz.com/shop/bath-body/personal-care/cosmo-whitening-pure-elegance-roll-on-48hrs/
Garnier Skin Active Micellar Cleansing Water (France),Generic/Unlisted,Cleanse,Face,7500,BeautyByDaz,https://beautybydaz.com/shop/face/garnier-skin-active-micellar-cleansing-water-france/
Skin1004 Centella Poremizing Deep Cleansing Foam 125ml,Skin1004,Cleanse,Face,12500,BeautyByDaz,https://beautybydaz.com/shop/face/skin1004-centella-poremizing-deep-cleansing-foam-125ml/
Dr Althea 147 Barrier Cream 50ml,Generic/Unlisted,Moisturize,Face,17850,BeautyByDaz,https://beautybydaz.com/shop/face/dr-althea-147-barrier-cream-50ml/
Skin1004 Madagascar Centella Tea-Trica BHA Foam 125ml,Skin1004,Cleanse,Face,12500,BeautyByDaz,https://beautybydaz.com/shop/face/skin1004-madagascar-centella-tea-trica-bha-foam-125ml/
Anua Azeliac Acid Cica Skin Soothing Moisturizer 100ml,Anua,Treat,Face,16500,BeautyByDaz,https://beautybydaz.com/shop/face/anua-azeliac-acid-cica-skin-soothing-moisturizer-100ml/
Topicals Slather Exfoliating Body Serum 150ml,Generic/Unlisted,Treat,Body,49650,BeautyByDaz,https://beautybydaz.com/shop/bath-body/topicals-slather-exfoliating-body-serum-150ml/
Tgin twist & define cream 340g,Generic/Unlisted,Moisturize,Face,16500,BeautyByDaz,https://beautybydaz.com/shop/hair-care/tgin-twist-define-cream-340g/
Tgin miracle repair strengthening shampoo 394ml,Generic/Unlisted,Other,Hair Care,16500,BeautyByDaz,https://beautybydaz.com/shop/hair-care/tgin-miracle-repair-strengthening-shampoo-394ml/
Cantu shea butter sulfate free cleansing cream shampoo 400ml,Generic/Unlisted,Other,Hair Care,7500,BeautyByDaz,https://beautybydaz.com/shop/hair-care/cantu-shea-butter-sulfate-free-cleansing-cream-shampoo-400ml/
Cantu shea butter deep treatment masque 340g,Generic/Unlisted,Treat,Face,10500,BeautyByDaz,https://beautybydaz.com/shop/hair-care/cantu-shea-butter-deep-treatment-masque-340g/
Tresemme rich moisture hyaluronic plex conditioner 1.15l,Generic/Unlisted,Other,Hair Care,8850,BeautyByDaz,https://beautybydaz.com/shop/hair-care/tresemme-rich-moisture-hyaluronic-plex-conditioner-1-15l/
Cantu shea butter sulfate free hydrating cream conditioner,Generic/Unlisted,Other,Hair Care,7500,BeautyByDaz,https://beautybydaz.com/shop/hair-care/cantu-shea-butter-sulfate-free-hydrating-cream-conditioner/
Numbuzin Glutathione Vitamin Concentrated Toner 200ml,Numbuzin,Treat,Face,13850,BeautyByDaz,https://beautybydaz.com/shop/cleansers-toners/numbuzin-glutathione-vitamin-concentrated-toner-200ml/
Huda Beauty Easy Blur,Generic/Unlisted,Uncategorized,Face,72000,BeautyByDaz,https://beautybydaz.com/shop/makeup/face-makeup/foundations/huda-beauty-easy-blur/
Cosrx Centella Water Alcohol Free Toner 150ml,COSRX,Treat,Face,9500,BeautyByDaz,https://beautybydaz.com/shop/cleansers-toners/cosrx-centella-water-alcohol-free-toner-150ml/
facefacts blemish patches strawberry,Generic/Unlisted,Treat,Face,3950,BeautyByDaz,https://beautybydaz.com/shop/face/face-masks-scrubs/facefacts-blemish-patches-strawberry/
facefacts blemish patches stars,Generic/Unlisted,Treat,Face,3950,BeautyByDaz,https://beautybydaz.com/shop/face/face-masks-scrubs/facefacts-blemish-patches-stars/
facefacts blemish patches peaches,Generic/Unlisted,Treat,Face,3950,BeautyByDaz,https://beautybydaz.com/shop/face/face-masks-scrubs/facefacts-blemish-patches-peaches/
facefacts blemish patches joypixels,Generic/Unlisted,Treat,Face,3950,BeautyByDaz,https://beautybydaz.com/shop/face/face-masks-scrubs/facefacts-blemish-patches-joypixels/
facefacts blemish patches heart,Generic/Unlisted,Treat,Face,3950,BeautyByDaz,https://beautybydaz.com/shop/face/facefacts-blemish-patches-hrart/
facefacts blemish patches glow in the dark,Generic/Unlisted,Treat,Face,3950,BeautyByDaz,https://beautybydaz.com/shop/face/facefacts-blemish-patches-glow-in-the-dark/
Advanced korean skin multiple actives brightening toner,Generic/Unlisted,Treat,Face,8999,BeautyByDaz,https://beautybydaz.com/shop/cleansers-toners/advanced-korean-skin-multiple-actives-brightening-toner/
Advanced korean skin lightening & barrier repair body lotion 500ml,Generic/Unlisted,Moisturize,Body,12500,BeautyByDaz,https://beautybydaz.com/shop/bath-body/advanced-korean-skin-lightening-barrier-repair-body-lotion-500ml/
OXY Benzoyl Peroxide Lotion 10 Maximum Strength,Generic/Unlisted,Moisturize,Face,2850,BeautyByDaz,https://beautybydaz.com/shop/face/treatment/oxy-benzoyl-peroxide-lotion-10-maximum-strenght/
Tea Tree Foaming Face Wash 200ml,Generic/Unlisted,Cleanse,Face,2999,BeautyByDaz,https://beautybydaz.com/shop/cleansers-toners/tea-tree-foaming-face-wash-200ml/
Advanced Korean Skin Active Fair Cream 100g,Generic/Unlisted,Moisturize,Face,10500,BeautyByDaz,https://beautybydaz.com/shop/face/moisturizers/advanced-korean-skin-active-fair-cream-100g/
Nubiance Anti-Dark Spot Body Lotion 500ml1,Generic/Unlisted,Moisturize,Body,30850,BeautyByDaz,https://beautybydaz.com/shop/bath-body/creams-lotions/nubiance-anti-dark-spot-body-lotion-500ml/
Sk Duchess Glow Luminous Glow Super L-Glutathiine Shower Gel 1000ml,Generic/Unlisted,Uncategorized,Body,7850,BeautyByDaz,https://beautybydaz.com/shop/bath-body/bath-wash-gels/sk-duchess-glow-luminous-glow-super-l-glutathiine-shower-gel-100ml/
Facefact Sweet Strawberry Soft Sugar Lip Scrub 10g,Generic/Unlisted,Cleanse,Lip Care,2880,BeautyByDaz,https://beautybydaz.com/shop/face/lips/facefact-sweet-strawberry-soft-sugar-lip-scrub-10g/
Facefact Mellow Mango Soft Sugar Lip Scrub 10g,Generic/Unlisted,Cleanse,Lip Care,2880,BeautyByDaz,https://beautybydaz.com/shop/face/lips/facefact-mellow-mango-soft-sugar-lip-scrub-10g/
Facefact Lip Oil Smoothing Peach Coral Shine 9ml,Generic/Unlisted,Moisturize,Lip Care,3000,BeautyByDaz,https://beautybydaz.com/shop/face/lips/facefact-lip-oil-smoothing-peach-coral-shine-9ml/
Facefact Lip Oil Protecting Grape Clear Glaze,Generic/Unlisted,Moisturize,Lip Care,3000,BeautyByDaz,https://beautybydaz.com/shop/face/lips/facefact-lip-oil-protecting-grape-clear-glaze/
Facefact Lip Oil Hydro Watermelon Pink Blush 9ml,Generic/Unlisted,Other,Makeup,3000,BeautyByDaz,https://beautybydaz.com/shop/face/lips/facefact-lip-oil-hydro-watermelon-pink-blush-9ml/
Facefact Candied Cocoa Soft Sugar Lip Scrub 10g,Generic/Unlisted,Cleanse,Lip Care,2880,BeautyByDaz,https://beautybydaz.com/shop/face/lips/facefact-candied-cocoa-soft-sugar-lip-scrub-10g/
Avien 5.5 The Brightener Vitamin C Body Wash 750ml,Generic/Unlisted,Cleanse,Body,11300,BeautyByDaz,https://beautybydaz.com/shop/bath-body/bath-wash-gels/avien-5-5-the-brightener-vitamin-c-body-wash-750ml/
Avien 5.5 The Brightener Vitamin C Body Lotion,Generic/Unlisted,Treat,Body,11750,BeautyByDaz,https://beautybydaz.com/shop/bath-body/avien-5-5-the-brightener-vitamin-c-body-lotion/
Bioderma Sensibio H2O The Original Micellar Water 500ml,Generic/Unlisted,Cleanse,Face,17558,BeautyByDaz,https://beautybydaz.com/shop/cleansers-toners/bioderma-sensibio-h2o-the-original-micellar-water-500ml/
Numbuzin Pantothenic B5 Active Soothing Serum,Numbuzin,Treat,Face,16800,BeautyByDaz,https://beautybydaz.com/shop/face/serums/numbuzin-pantothenic-b5-active-soothing-serum/
Tocobo Cotton Soft Sun Stick Spf50 19g,Tocobo,Protect,Face,13850,BeautyByDaz,https://beautybydaz.com/shop/face/sunscreens/tocobo-cotton-soft-sun-stick-spf50-19g/
Medicube Zero Pore Blackhead Deep Cleansing Oil 205ml,Generic/Unlisted,Cleanse,Face,16800,BeautyByDaz,https://beautybydaz.com/shop/cleansers-toners/medicube-zero-pore-blackhead-deep-cleansing-oil-205ml/
Medicube Kojic Acid Turmeric Vita Capsule Cream 50g,Generic/Unlisted,Treat,Face,18950,BeautyByDaz,https://beautybydaz.com/shop/face/moisturizers/medicube-kojic-acid-turmeric-vita-capsule-cream-50g/
Medicube Kojic Acid Turmeric Pad,Generic/Unlisted,Treat,Face,19950,BeautyByDaz,https://beautybydaz.com/shop/cleansers-toners/medicube-kojic-acid-turmeric-pad/
Celimax Derma Nature Glutathione Tone Up Cream 35ml,Celimax,Moisturize,Face,14500,BeautyByDaz,https://beautybydaz.com/shop/face/moisturizers/celimax-derma-nature-glutathione-tone-up-cream-35ml/
B Lab Cica Soft Meltaway Cleansing Balm 100ml,Generic/Unlisted,Cleanse,Lip Care,8500,BeautyByDaz,https://beautybydaz.com/shop/cleansers-toners/b-lab-cica-soft-meltaway-cleansing-balm-100ml/
Axis-y TXA 2.5% Intensive Brightening Cream 50ml,Axis-Y,Moisturize,Face,17500,BeautyByDaz,https://beautybydaz.com/shop/face/axis-y-txa-2-5-intensive-brightening-cream-50ml/
Arencia Vitamin C Boosting Shot 30ml,Generic/Unlisted,Treat,Face,15950,BeautyByDaz,https://beautybydaz.com/shop/face/arencia-vitamin-c-boosting-shot-30ml/
Toke African Natural Soap Orange Formula 500g,Generic/Unlisted,Cleanse,Face,4000,BeautyByDaz,https://beautybydaz.com/shop/bath-body/soaps/toke-african-natural-soap-orange-formula/
Skeenpoint Glow and Radiannce body lotion 500ml,Generic/Unlisted,Moisturize,Body,9800,BeautyByDaz,https://beautybydaz.com/shop/bath-body/creams-lotions/skeenpoint-glow-and-radiannce-body-lotion-500ml/
Skeenpoint Glow Booster lotion 500ml,Generic/Unlisted,Treat,Face,9800,BeautyByDaz,https://beautybydaz.com/shop/bath-body/skeenpoint-glow-booster-lotion-500ml/
Skeenpoint Glow Booster Body Wash 1000ml,Generic/Unlisted,Cleanse,Body,9800,BeautyByDaz,https://beautybydaz.com/shop/bath-body/skeenpoint-glow-booster-body-wash-1000ml/
Duchess glow retinol rose 1000ml,Generic/Unlisted,Treat,Face,7850,BeautyByDaz,https://beautybydaz.com/shop/bath-body/bath-wash-gels/duchess-glow-retinol-rose-1000ml/
Cetaphil Moiturizing Lotion Normal To Dry Skin 591ml,Generic/Unlisted,Moisturize,Face,22500,BeautyByDaz,https://beautybydaz.com/shop/bath-body/cetaphil-moiturizing-lotion-normal-to-dry-skin-591ml/
Dove restoring beauty cream bar,Generic/Unlisted,Moisturize,Face,4999,BeautyByDaz,https://beautybydaz.com/shop/bath-body/soaps/dove-restoring-beauty-cream-bar/
Olay super serum body lotion 18.5 FL OZ,Generic/Unlisted,Treat,Body,24500,BeautyByDaz,https://beautybydaz.com/shop/bath-body/olay-super-serum-body-lotion-18-5-fl-oz/
Ameliorate body lotion 300ml,Generic/Unlisted,Moisturize,Body,38000,BeautyByDaz,https://beautybydaz.com/shop/bath-body/creams-lotions/amelioriate-body-lotion-300ml/
Uncover Rooibos Glow Toner 125ml,Generic/Unlisted,Treat,Face,16720,BeautyByDaz,https://beautybydaz.com/shop/face/uncover-rooibos-glow-toner-125ml/
Uncover Licorice Root Dark Spot Serum 30ml,Generic/Unlisted,Treat,Face,22800,BeautyByDaz,https://beautybydaz.com/shop/face/uncover-licorice-root-dark-spot-serum-30ml/
Uncover Green Tea Revitalising Cleanser 120ml,Generic/Unlisted,Cleanse,Face,11950,BeautyByDaz,https://beautybydaz.com/shop/cleansers-toners/uncover-green-tea-revitalising-cleanser-120ml/
Uncover Baobab Glow-c serum  30ml,Generic/Unlisted,Treat,Face,24000,BeautyByDaz,https://beautybydaz.com/shop/face/serums/uncover-baobab-glow-c-serum-30ml/
Uncover Argan Hydrating Moisturiser 100ml,Generic/Unlisted,Uncategorized,Face,16800,BeautyByDaz,https://beautybydaz.com/shop/face/moisturizers/uncover-argan-hydrating-moisturiser-100ml/
Uncover Aloe Invisible Sunscreen 80ml,Generic/Unlisted,Protect,Face,21800,BeautyByDaz,https://beautybydaz.com/shop/face/sunscreens/uncover-aloe-invisible-sunscreen-80ml/
Arami glow oil petal muse 250ml,Generic/Unlisted,Moisturize,Face,13500,BeautyByDaz,https://beautybydaz.com/shop/bath-body/arami-glow-oil-petal-muse-250ml/
Arami glow oil oud of eden 250ml,Generic/Unlisted,Moisturize,Face,13500,BeautyByDaz,https://beautybydaz.com/shop/uncategorized/arami-glow-oil-oud-of-eden-250ml/
Arami glow oil sweet oud 250ml,Generic/Unlisted,Moisturize,Face,13500,BeautyByDaz,https://beautybydaz.com/shop/bath-body/arami-glow-oil-sweet-oud-250ml/
DOVE NOURISHING BODY WASH 720ML,Generic/Unlisted,Cleanse,Body,8800,BeautyByDaz,https://beautybydaz.com/shop/bath-body/bath-wash-gels/dove-nourishing-body-wash-720ml/
Dove winter bloom body wash,Generic/Unlisted,Cleanse,Body,8800,BeautyByDaz,https://beautybydaz.com/shop/bath-body/bath-wash-gels/dove-winter-bloom-body-wash/
DOVE VELVET GLOW BODY WASH 720ML,Generic/Unlisted,Cleanse,Body,8800,BeautyByDaz,https://beautybydaz.com/shop/bath-body/bath-wash-gels/dove-velvet-glow-body-wash-720ml/
DOVE GLOW UP BODY  WASH 720ml,Generic/Unlisted,Cleanse,Body,8800,BeautyByDaz,https://beautybydaz.com/shop/bath-body/bath-wash-gels/dove-glow-up-body-wash-720ml/
DOVE GENTLE PAMPER BODY WASH 720ML,Generic/Unlisted,Cleanse,Body,8800,BeautyByDaz,https://beautybydaz.com/shop/bath-body/bath-wash-gels/dove-gentle-pamper-body-wash-720ml/
DOVE FRUITY NOURISH BODY WASH 720ML,Generic/Unlisted,Cleanse,Body,8800,BeautyByDaz,https://beautybydaz.com/shop/bath-body/bath-wash-gels/dove-fruity-nourish-body-wash-720ml/
St ives soothing oatmeal & sheabutter lotion,Generic/Unlisted,Moisturize,Face,6950,BeautyByDaz,https://beautybydaz.com/shop/bath-body/creams-lotions/st-ives-soothing-oatmeal-sheabutter-lotion/
St ives smoothing rose &argan body lotion,Generic/Unlisted,Moisturize,Body,6950,BeautyByDaz,https://beautybydaz.com/shop/cleansers-toners/st-ives-smoothing-rose-argan-body-lotion/
St ives renewing collagen body lotion,Generic/Unlisted,Moisturize,Body,6950,BeautyByDaz,https://beautybydaz.com/shop/bath-body/st-ives-renewing-collagen-body-lotion/
St ives hydrating body lotion,Generic/Unlisted,Moisturize,Body,6950,BeautyByDaz,https://beautybydaz.com/shop/bath-body/creams-lotions/st-ives-hydrating-body-lotion/
St ives coconut &orchid lotion,Generic/Unlisted,Moisturize,Face,6950,BeautyByDaz,https://beautybydaz.com/shop/bath-body/creams-lotions/st-ives-coconut-orchid-lotion/
St ives rose water & aloe water body wash,Generic/Unlisted,Cleanse,Body,7950,BeautyByDaz,https://beautybydaz.com/shop/bath-body/bath-wash-gels/st-ives-rose-water-aloe-water-body-wash/
SKIN1004 MADAGASCAR CENTELLA AMPOULE 30ML,Skin1004,Treat,Face,8500,BeautyByDaz,https://beautybydaz.com/shop/face/serums/skin1004-madagascar-centella-ampoule-30ml/
YC whitening gold caviar face wash 100g,Generic/Unlisted,Cleanse,Face,5950,BeautyByDaz,https://beautybydaz.com/shop/cleansers-toners/yc-whitening-gold-caviar-face-wash-100g/
Venut White Alpha Arbutin Collagen Soap,Generic/Unlisted,Cleanse,Face,2800,BeautyByDaz,https://beautybydaz.com/shop/bath-body/soaps/venut-white-alpha-arbutin-collagen-soap/
Kuu Spa Salt Scrub Bath With Tumeric 450ml,Generic/Unlisted,Cleanse,Lip Care,3950,BeautyByDaz,https://beautybydaz.com/shop/bath-body/body-scrubs-exfoliators/kuu-spa-salt-scrub-bath-with-tumeric-450ml/
Dr Meinaier Alpha Arbutin Sugar Scrub 650g,Generic/Unlisted,Cleanse,Lip Care,3950,BeautyByDaz,https://beautybydaz.com/shop/bath-body/body-scrubs-exfoliators/dr-meinaier-alpha-arbutin-sugar-scrub-650g/
Soft 7 Tumeric With Honey Soap,Generic/Unlisted,Cleanse,Face,2850,BeautyByDaz,https://beautybydaz.com/shop/bath-body/soaps/soft-7-tumeric-with-honey-soap/
Egyptian Molato Soap 500g,Generic/Unlisted,Cleanse,Face,5800,BeautyByDaz,https://beautybydaz.com/shop/bath-body/soaps/egyptian-molato-soap-500g/
Pacci Pristine Sun Haven 80ml,Generic/Unlisted,Uncategorized,Face,10950,BeautyByDaz,https://beautybydaz.com/shop/face/sunscreens/pacci-pristine-sun-haven-80ml/
Laneige Berry 20g,Laneige,Uncategorized,Face,15500,BeautyByDaz,https://beautybydaz.com/shop/face/lips/laneige-berry-20g/
Heimish matcha biome repair cream 50ml,Heimish,Moisturize,Face,12850,BeautyByDaz,https://beautybydaz.com/shop/face/heimish-matcha-biome-repair-cream-50ml/
Dove Exfoliating Body Polish Scrub Macadamia & Rice Milk Body Scrub 225ml,Generic/Unlisted,Cleanse,Body,10500,BeautyByDaz,https://beautybydaz.com/shop/uncategorized/dove-exfoliating-body-polish-scrub-macadamia-rice-milk-body-scrub-225ml-3/
BBD Gift Card,Generic/Unlisted,Uncategorized,Face,200000,BeautyByDaz,https://beautybydaz.com/shop/gift-card/bbd-gift-card/
Jumiso Niacinamide 2 + Oil Control Cream 80ml,Jumiso,Treat,Face,12500,BeautyByDaz,https://beautybydaz.com/shop/face/moisturizers/jumiso-niacinamide-2-oil-control-cream-80ml/
Tocobo Glass Tinted Lip Balm Better Pink 3.5g,Tocobo,Other,Makeup,7850,BeautyByDaz,https://beautybydaz.com/shop/face/lips/tocobo-glass-tinted-lip-balm-better-pink-3-5g/
Medicube Kojic Acid Turmeric Vita Jelly Mist Serum 100ml,Generic/Unlisted,Treat,Face,15500,BeautyByDaz,https://beautybydaz.com/shop/face/serums/medicube-kojic-acid-turmeric-vita-jelly-mist-serum-100ml/
Sunday Rain Rose Body Scrub  265g,Generic/Unlisted,Cleanse,Body,8800,BeautyByDaz,https://beautybydaz.com/shop/bath-body/body-scrubs-exfoliators/sunday-rain-rose-body-scrub-265g/
Sunday Rain Acai Berry Body Scrub 265g,Generic/Unlisted,Cleanse,Body,8800,BeautyByDaz,https://beautybydaz.com/shop/bath-body/body-scrubs-exfoliators/sunday-rain-acai-berry-body-scrub-265g/
Sunday Rain Mango & Coconut Body Scrub 265g,Generic/Unlisted,Cleanse,Body,8800,BeautyByDaz,https://beautybydaz.com/shop/bath-body/body-scrubs-exfoliators/sunday-rain-mango-coconut-body-scrub-265g/
Olay Vitamin c Hydra Glow  With SPF 30,Generic/Unlisted,Protect,Face,27950,BeautyByDaz,https://beautybydaz.com/shop/face/moisturizers/olay-vitamin-c-hydra-glow-with-spf-30/
Bondi sands Lip Balm with SPF50+ Juicy Watermelon 10g,Generic/Unlisted,Protect,Lip Care,8800,BeautyByDaz,https://beautybydaz.com/shop/face/lips/bondi-sands-lip-balm-with-spf50-juicy-watermelon-10g/
Bondi sands Lip Balm with SPF50+ Wild strawberry 10g,Generic/Unlisted,Protect,Lip Care,8800,BeautyByDaz,https://beautybydaz.com/shop/face/lips/bondi-sands-lip-balm-with-spf50-wild-strawberry-10g/
TIAM VITA B3 SOURCE SERUM 40ML,TIAM,Treat,Face,10950,BeautyByDaz,https://beautybydaz.com/shop/face/serums/tiam-vita-b3-source-serum-30ml/
ESTELIN Vitamin C Brightening Toner 400ml,Generic/Unlisted,Treat,Face,4650,BeautyByDaz,https://beautybydaz.com/shop/uncategorized/estelin-vitamin-c-brightening-toner-400ml/
Skin1004 Centella Probio Cica Enrich Cream 50ml,Skin1004,Moisturize,Face,17500,BeautyByDaz,https://beautybydaz.com/shop/face/moisturizers/skin1004-centella-probio-cica-enrich-cream-50ml/
Purito Oat In Calming Gel Cream 100ml,Purito,Moisturize,Face,14950,BeautyByDaz,https://beautybydaz.com/shop/face/moisturizers/purito-oat-in-calming-gel-cream-100ml/
Skin1004 Madagascar Centella Tone Brightening Dark Spot Ampoule Pad 130ml 60EA,Skin1004,Treat,Face,17200,BeautyByDaz,https://beautybydaz.com/shop/uncategorized/skin1004-madagascar-centella-tone-brightening-dark-spot-ampoule-pad-130ml-60ea/
Aqua Rich Hydrating Bright Body Lotion 500ml,Generic/Unlisted,Moisturize,Body,12850,BeautyByDaz,https://beautybydaz.com/shop/bath-body/creams-lotions/aqua-rich-hydrating-bright-body-lotion-500ml/
APRILSKIN TXA Niacinamide 99 Overnight Wrapping Mask  80ml,Generic/Unlisted,Treat,Face,16500,BeautyByDaz,https://beautybydaz.com/shop/face/face-masks-scrubs/aprilskin-txa-niacinamide-99-overnight-wrapping-mask-80ml/
Illiyoon Ceramide Ato Lotion 350ml,Illiyoon,Moisturize,Face,21500,BeautyByDaz,https://beautybydaz.com/shop/bath-body/creams-lotions/illiyoon-ceramide-ato-lotion-350ml/
SOME BY MI Yuja Niacin Brightening Moisture Gel Cream 100ml,Some By Mi,Moisturize,Face,11999,BeautyByDaz,https://beautybydaz.com/shop/face/moisturizers/some-by-mi-yuja-niacin-brightening-moisture-gel-cream-100ml/
Topicals Slather Exfoliating & Smoothing Cleansing Bar (2 Bars),Generic/Unlisted,Cleanse,Face,39950,BeautyByDaz,https://beautybydaz.com/shop/bath-body/soaps/topicals-slather-exfoliating-smoothing-cleansing-bar-2-bars/
Purito TXA 6Niacinmide 10 Retinal Serum 30ml,Purito,Treat,Face,14500,BeautyByDaz,https://beautybydaz.com/shop/face/serums/purito-txa-6niacinmide-10-retinal-serum-30ml/
VT DAILY SPOTLESS CARE TX-TONING ESSENCE 2000 SHOT 30ml,VT Cosmetics,Treat,Face,18999,BeautyByDaz,https://beautybydaz.com/shop/face/serums/vt-tx-toning-essence-2000-shot-30ml/
MEDICUBE PDRN Pink Peptide Serum 30ml,Generic/Unlisted,Treat,Face,15800,BeautyByDaz,https://beautybydaz.com/shop/face/serums/medicube-pdrn-pink-peptide-serum-30ml/
Medicube Retinol NMN Boosting Serum  30ml,Generic/Unlisted,Treat,Face,16500,BeautyByDaz,https://beautybydaz.com/shop/face/serums/medicube-retinol-nmn-boosting-serum-30ml/
Garnier Sakura Glow Hyaluron Body Serum Lotion Uv 400ml,Generic/Unlisted,Protect,Body,8950,BeautyByDaz,https://beautybydaz.com/shop/bath-body/garnier-sakura-glow-hyaluron-body-serum-lotion-uv-400ml/
Eucerin Even Pigment Perfector Dual Serum 30ml,Generic/Unlisted,Treat,Face,43750,BeautyByDaz,https://beautybydaz.com/shop/face/serums/eucerin-even-pigment-perfector-dual-serum-30ml/
Eucerin DermoPuriyer Oil Control Post-Acne Marks Triple Effect Serum 40ml,Generic/Unlisted,Treat,Face,28351,BeautyByDaz,https://beautybydaz.com/shop/face/serums/eucerin-dermopuriyer-oil-control-post-acne-marks-triple-effect-serum-40ml/
Axis y PHA Resurfacing Glow Peel,Generic/Unlisted,Treat,Face,14800,BeautyByDaz,https://beautybydaz.com/shop/face/serums/axis-y-pha-resurfacing-glow-peel/
"APIEU Glycolic Acid Cream, 1.69 fl oz (50 ml)",Generic/Unlisted,Treat,Face,11500,BeautyByDaz,https://beautybydaz.com/shop/face/treatment/apieu-glycolic-acid-cream-1-69-fl-oz-50-ml/
Eos Coconut Water Body lotion,Generic/Unlisted,Moisturize,Body,18850,BeautyByDaz,https://beautybydaz.com/shop/bath-body/creams-lotions/eos-coconut-water-body-lotion/
Adefunkeee Hair Curl Mousse,Generic/Unlisted,Other,Hair Care,20000,BeautyByDaz,https://beautybydaz.com/shop/hair-care/adefunkeee-hair-curl-mousse/
ESTELIN B5 Ceramide Repairing Face Serum – 30ml,Generic/Unlisted,Treat,Face,3500,BeautyByDaz,https://beautybydaz.com/shop/face/serums/estelin-b5-ceramide-repairing-face-serum-30ml/
"Dr Teal’s Kids 3-in-1  Bubble bath Body Wash & Shampoo, Oat & Milk 20 fl oz / 591ml",Generic/Unlisted,Other,Hair Care,7500,BeautyByDaz,https://beautybydaz.com/shop/bath-body/bath-wash-gels/dr-teals-kids-3-in-1-bubble-bath-body-wash-shampoo-oat-milk-20-fl-oz-591ml/
Goodal Green Tangerine VITA C Dark Spot Care Serum 40ml,Goodal,Treat,Face,21850,BeautyByDaz,https://beautybydaz.com/shop/face/serums/goodal-green-tangerine-vita-c-dark-spot-care-serum-40ml/
Anua Azelaic 3 Cica Skin Clarifying Toner 250ml,Anua,Treat,Face,16500,BeautyByDaz,https://beautybydaz.com/shop/cleansers-toners/azelaic-3-cica-skin-clarifying-toner-250ml/
Adefunke Lace Tint Mousse Light Warm 200ml,Generic/Unlisted,Other,Makeup,20000,BeautyByDaz,https://beautybydaz.com/shop/hair-care/adefunke-lace-tint-mousse-light-warm-200ml/
Adefunke Lace Tint Mousse Medium brown 200ml,Generic/Unlisted,Other,Makeup,20000,BeautyByDaz,https://beautybydaz.com/shop/hair-care/adefunke-lace-tint-mousse-medium-brown-200ml/
Adefunke Lace Tint Mousse Light brown 200ml,Generic/Unlisted,Other,Makeup,20000,BeautyByDaz,https://beautybydaz.com/shop/hair-care/adefunke-lace-tint-mousse-light-brown-200ml/
Adefunke Lace Tint Mousse Dark Brown 200ml,Generic/Unlisted,Other,Makeup,20000,BeautyByDaz,https://beautybydaz.com/shop/uncategorized/adefunke-lace-tint-mousse-dark-brown-200ml/
Adefunke Lace Melting Spray 180ml,Generic/Unlisted,Uncategorized,Face,30000,BeautyByDaz,https://beautybydaz.com/shop/hair-care/adefunke-lace-melting-spray-180ml/
Adefunke Lace Adhesive Glue 60ml,Generic/Unlisted,Uncategorized,Face,27000,BeautyByDaz,https://beautybydaz.com/shop/hair-care/adefunke-lace-adhesive-glue-60ml/
Adefunke Lace Adhesive Glue 150ml,Generic/Unlisted,Uncategorized,Face,35000,BeautyByDaz,https://beautybydaz.com/shop/hair-care/adefunke-lace-adhesive-glue-150ml/
Urban Skin Rx Super C Body Bright Oil,Generic/Unlisted,Moisturize,Body,36500,BeautyByDaz,https://beautybydaz.com/shop/bath-body/urban-skin-rx-super-c-body-bright-oil/
Urban Skin Rx Vitamin C + E Glowing Moisturizer,Generic/Unlisted,Treat,Face,34000,BeautyByDaz,https://beautybydaz.com/shop/face/moisturizers/urban-skin-rx-vitamin-c-e-glowing-moisturizer/
Urban Skin Rx Combination Skin Cleansing Bar 56g,Generic/Unlisted,Cleanse,Face,24000,BeautyByDaz,https://beautybydaz.com/shop/bath-body/soaps/urban-skin-rx-combination-skin-cleansing-bar-56g/
Black Girl Sun Shield UPF 50+ Gloves,Generic/Unlisted,Uncategorized,Face,14800,BeautyByDaz,https://beautybydaz.com/shop/face/sunscreens/black-girl-sun-shield-upf-50-gloves/
Ezanic Azeliac Acid Cream 10%,Generic/Unlisted,Treat,Face,6950,BeautyByDaz,https://beautybydaz.com/shop/face/ezanic-azeliac-acid-cream-10/
Tree Hut tangerine shea sugar scrub,Generic/Unlisted,Cleanse,Lip Care,16500,BeautyByDaz,https://beautybydaz.com/shop/bath-body/body-scrubs-exfoliators/tree-hut-tangerine-shea-sugar-scrub/
Advanced Korean Fairest Skin Lightening Body Oil – 280ml,Generic/Unlisted,Moisturize,Body,8999,BeautyByDaz,https://beautybydaz.com/shop/bath-body/creams-lotions/advanced-korean-fairest-skin-lightening-body-oil-280ml/
Advanced Korean Skin Brightest Body Oil,Generic/Unlisted,Moisturize,Body,8999,BeautyByDaz,https://beautybydaz.com/shop/bath-body/creams-lotions/advanced-korean-skin-brightest-body-oil/
D alba Piedmon First Spray Serum  2 in 1 100ml,Generic/Unlisted,Treat,Face,59850,BeautyByDaz,https://beautybydaz.com/shop/face/serums/dalba-piedmon-first-spray-serum-2-in-1-100ml/
Medicube Kojic Acid Turmeric Niacinamide Serum – 30ml,Generic/Unlisted,Treat,Face,15850,BeautyByDaz,https://beautybydaz.com/shop/face/serums/medicube-kojic-acid-turmeric-niacinamide-serum-30ml/
MEDICUBE KOJIC ACID TURMERIC RESURFACING TONER 250ml,Generic/Unlisted,Treat,Face,14500,BeautyByDaz,https://beautybydaz.com/shop/face/medicube-kojic-acid-turmeric-resurfacing-toner-250ml/
Niu Skin Glowing Body Wash 500ml Refill Pack,Generic/Unlisted,Cleanse,Body,4500,BeautyByDaz,https://beautybydaz.com/shop/bath-body/bath-wash-gels/niu-skin-glowing-body-wash-500ml-refill-pack/
Beauty Atelier Deluxe Brow and Lash Lamination Kit,Generic/Unlisted,Uncategorized,Face,65999,BeautyByDaz,https://beautybydaz.com/shop/bath-body/personal-care/beauty-atelier-deluxe-brow-and-lash-lamination-kit/
Alada Instant Whitening Soap 160g,Generic/Unlisted,Cleanse,Face,9500,BeautyByDaz,https://beautybydaz.com/shop/uncategorized/alada-instant-whitening-soap-160g/
Estelin Alpha Arbutin + Niacinamide Whitening Cream,Generic/Unlisted,Treat,Face,4500,BeautyByDaz,https://beautybydaz.com/shop/face/moisturizers/estelin-estelin-alpha-arbutin-niacinamide-whitening-cream/
Garden Of Wisdom Alpha Arbutin 2% & Kojic Acid 1% Serum,Generic/Unlisted,Treat,Face,17500,BeautyByDaz,https://beautybydaz.com/shop/face/serums/garden-of-wisdom-alpha-arbutin-2-kojic-acid-1-serum/
ESTELIN -TURMERIC + VITAMIN C (Brightening) Cream 7.05 oz 200g,Generic/Unlisted,Treat,Face,4500,BeautyByDaz,https://beautybydaz.com/shop/face/moisturizers/estelin-turmeric-vitamin-c-brightening-cream-7-05-oz-200g/
Estelin Ceramide + Centella (Repair) Cream 200g,Generic/Unlisted,Moisturize,Face,4500,BeautyByDaz,https://beautybydaz.com/shop/uncategorized/estelin-ceramide-centella-repair-cream-200g/
Anua Niacinamide 5 + TXA Brightening Pad 60pads 210ml,Anua,Treat,Face,15950,BeautyByDaz,https://beautybydaz.com/shop/face/anua-niacinamide-5-txa-brightening-pad-60pads-210ml/
Eqqualberry Bakuchiol Plumping Capsule Cream,Generic/Unlisted,Moisturize,Face,20200,BeautyByDaz,https://beautybydaz.com/shop/face/moisturizers/eqqualberry-bakuchiol-plumping-capsule-cream/
Medicube PDRN Pink Niacinamide Whip Cleanser,Generic/Unlisted,Cleanse,Face,12850,BeautyByDaz,https://beautybydaz.com/shop/face/medicube-pdrn-pink-niacinamide-whip-cleanser/
Olay Regenerist Niacinamide Serum Complex Body Wash,Generic/Unlisted,Cleanse,Body,15500,BeautyByDaz,https://beautybydaz.com/shop/bath-body/bath-wash-gels/olay-regenerist-niacinamide-serum-complex-body-wash/
Heimish RX Retinol Bakuchiol Hydrogel Eye Patch (60ea),Heimish,Treat,Eye Care,14500,BeautyByDaz,https://beautybydaz.com/shop/face/eyes/heimish-rx-retinol-bakuchiol-hydrogel-eye-patch-60ea/
Beauty of Joseon Light On Serum Centella + Vita C 30ml,Beauty of Joseon,Treat,Face,13800,BeautyByDaz,https://beautybydaz.com/shop/face/serums/beauty-of-joseon-light-on-serum-centella-vita-c-30ml/
Jumiso Niacinamide 20% Dark Spot Correcting Serum 40ml,Jumiso,Treat,Face,13500,BeautyByDaz,https://beautybydaz.com/shop/face/serums/jumiso-niacinamide-20-dark-spot-correcting-serum-40ml/
NINELESS Molecule-Clear 5% Lactic Acid Serum 30ml,Generic/Unlisted,Treat,Face,13500,BeautyByDaz,https://beautybydaz.com/shop/face/serums/nineless-molecule-clear-5-lactic-acid-serum-30ml/
KSECRET SEOUL 1988 Glow Serum : Niacinamide 15% + Yuja 30 ml,Generic/Unlisted,Treat,Face,12500,BeautyByDaz,https://beautybydaz.com/shop/face/serums/ksecret-seoul-1988-glow-serum-niacinamide-15-yuja-30-ml/
"Mesoestetic skinretin 0,3% retinol cream 50ml",Generic/Unlisted,Treat,Face,104399,BeautyByDaz,https://beautybydaz.com/shop/face/moisturizers/mesoestetic-skinretin-03-retinol-cream-50ml/
MESOESTETIC Skinretin1% retinol cream  100ml,Generic/Unlisted,Treat,Face,114368,BeautyByDaz,https://beautybydaz.com/shop/face/moisturizers/mesoestetic-skinretin1-retinol-cream-100ml/
Estebare Soothing Aftercare gel 80ml,Generic/Unlisted,Uncategorized,Face,10999,BeautyByDaz,https://beautybydaz.com/shop/bath-body/personal-care/estebare-soothing-aftercare-gel-80ml/
La Roche Posay Mela B3 Serum – Dark Spot Corrector – 30ml,Generic/Unlisted,Treat,Face,44700,BeautyByDaz,https://beautybydaz.com/shop/face/serums/la-roche-posay-mela-b3-serum-dark-spot-corrector-30ml/
K SECRET- SEOUL 1988 CAPSULE CREAM : NIACINAMIDE 5% + YUJA,Generic/Unlisted,Treat,Face,13500,BeautyByDaz,https://beautybydaz.com/shop/face/moisturizers/k-secret-seoul-1988-capsule-cream-niacinamide-5-yuja/
Good molecules Yuzu Blemish Gel Cream,Generic/Unlisted,Moisturize,Face,12200,BeautyByDaz,https://beautybydaz.com/shop/face/serums/good-molecules-yuzu-blemish-gel-cream/
Good molecules Brightening & Dark Spots Bar,Generic/Unlisted,Uncategorized,Face,11999,BeautyByDaz,https://beautybydaz.com/shop/bath-body/soaps/good-molecules-brightening-dark-spots-bar/
Good Molecules 5% Niacinamide Serum with Ectoin,Generic/Unlisted,Treat,Face,12900,BeautyByDaz,https://beautybydaz.com/shop/face/serums/good-molecules-5-niacinamide-serum-with-ectoin/
"Medicube PDRN Pink Eye Serum, 30ml",Generic/Unlisted,Treat,Eye Care,13000,BeautyByDaz,https://beautybydaz.com/shop/face/medicube-pdrn-pink-eye-serum-30ml/
Dove refreshing bar soap 4x90g,Generic/Unlisted,Cleanse,Face,4999,BeautyByDaz,https://beautybydaz.com/shop/bath-body/dove-refreshing-bar-soap-4x90g/
Dove 3-In-1 Gentle Exfoliating Beauty Cream Bar (90g x4),Generic/Unlisted,Moisturize,Face,4999,BeautyByDaz,https://beautybydaz.com/shop/bath-body/dove-3-in-1-gentle-exfoliating-beauty-cream-bar-90g-x4/
St Ives Fresh Peach & Jasmine Body Wash,Generic/Unlisted,Cleanse,Body,7950,BeautyByDaz,https://beautybydaz.com/shop/uncategorized/st-ives-fresh-peach-jasmine-body-wash/
St. Ives Tea Tree & Lemongrass Body Wash 650ml,Generic/Unlisted,Cleanse,Body,7950,BeautyByDaz,https://beautybydaz.com/shop/bath-body/bath-wash-gels/st-ives-tea-tree-lemongrass-body-wash-650ml/
St. Ives Coconut Water & Orchid Hydrating Body Wash 650ml,Generic/Unlisted,Cleanse,Body,7950,BeautyByDaz,https://beautybydaz.com/shop/bath-body/bath-wash-gels/st-ives-coconut-water-orchid-hydrating-body-wash-650ml/
Eucerin Oil Control Sun Gel-Cream Dry Touch SPF50+ 50ml,Generic/Unlisted,Protect,Face,18850,BeautyByDaz,https://beautybydaz.com/shop/face/sunscreens/eucerin-oil-control-sun-gel-cream-dry-touch-spf50-50ml/
Dr Althea Natural  Radiance Essence 30ml,Generic/Unlisted,Treat,Face,10500,BeautyByDaz,https://beautybydaz.com/shop/face/serums/dr-althea-natural-radiance-essence-30ml/
Dr Althea Gentle Vitamin c serum 20%,Generic/Unlisted,Treat,Face,14500,BeautyByDaz,https://beautybydaz.com/shop/face/serums/dr-althea-gentle-vitamin-c-serum-20/
Vaseline Coconut Restore Body Oil,Generic/Unlisted,Moisturize,Body,9800,BeautyByDaz,https://beautybydaz.com/shop/bath-body/vaseline-coconut-restore-body-oil/
Creightons Salicylic Acid Exfoliating Tonic – 200ml,Generic/Unlisted,Treat,Face,7300,BeautyByDaz,https://beautybydaz.com/shop/face/creightons-salicylic-acid-exfoliating-tonic-200ml/
Balance Active Salicylic Acid + Zinc Clarifying Toner 200ml,Generic/Unlisted,Treat,Face,9150,BeautyByDaz,https://beautybydaz.com/shop/face/balance-active-salicylic-acid-zinc-clarifying-toner-200ml/
Balance Active glycolic acid  toner 200ml,Generic/Unlisted,Treat,Face,9500,BeautyByDaz,https://beautybydaz.com/shop/face/96250/
Balance Active Vitamin C Serum 3% (30ml),Generic/Unlisted,Treat,Face,9000,BeautyByDaz,https://beautybydaz.com/shop/face/serums/balance-active-vitamin-c-serum-5-30ml/
Medix Vitamin C & Niacinamide Body Wash 444ml,Generic/Unlisted,Cleanse,Body,16850,BeautyByDaz,https://beautybydaz.com/shop/bath-body/bath-wash-gels/medix-vitamin-c-niacinamide-body-wash-444ml/
Dove  Relaxing Beauty Cream Bar with coconut milk & jasmine petals Scent (90g x4),Generic/Unlisted,Moisturize,Face,4999,BeautyByDaz,https://beautybydaz.com/shop/bath-body/soaps/dove-relaxing-beauty-cream-bar-with-coconut-milk-jasmine-petals-scent-90g-x4/
Abib Airy Sunstick Smoothing Bar,Abib,Uncategorized,Face,14500,BeautyByDaz,https://beautybydaz.com/shop/face/sunscreens/abib-airy-sunstick-smoothing-bar/
Heimish Hydrogel Eye Patch Bulgarian Rose Water,Heimish,Treat,Eye Care,12500,BeautyByDaz,https://beautybydaz.com/shop/face/face-masks-scrubs/heimish-hydrogel-eye-patch-bulgarian-rose-water/
Heimish All Clean Balm 120ml,Heimish,Moisturize,Lip Care,14950,BeautyByDaz,https://beautybydaz.com/shop/face/heimish-all-clean-balm-120ml/
Tiam Alpha-5 Mela Care Cream 50ml,TIAM,Treat,Face,12999,BeautyByDaz,https://beautybydaz.com/shop/face/moisturizers/tiam-alpha-5-mela-care-cream-50ml/
Medicube Kojic Acid & Tumeric Brightening Mask,Generic/Unlisted,Treat,Face,4500,BeautyByDaz,https://beautybydaz.com/shop/face/face-masks-scrubs/medicube-kojic-acid-tumeric-brightening-mask/
Numbuzin No.5+ Vitamin Glutathione Dark Spot Cream50ml,Numbuzin,Moisturize,Face,16800,BeautyByDaz,https://beautybydaz.com/shop/face/moisturizers/numbuzin-no-5-vitamin-glutathione-dark-spot-laser-50ml/
Isispharma TEEN DERM® α-PURE,Generic/Unlisted,Treat,Face,19200,BeautyByDaz,https://beautybydaz.com/shop/face/moisturizers/isispharma-teen-derm-%CE%B1-pure/
Mesoestetic age element brightening concentrate,Generic/Unlisted,Uncategorized,Face,89711,BeautyByDaz,https://beautybydaz.com/shop/face/serums/mesoestetic-age-element-brightening-concentrate/
Mesoestetic blemiderm treatment ANTI-BLEMISH SOLUTIONS,Generic/Unlisted,Treat,Face,67822,BeautyByDaz,https://beautybydaz.com/shop/face/serums/mesoestetic-blemiderm-treatment-anti-blemish-solutions/
Mesoestetic brightening foam facial foaming cream cleanser,Generic/Unlisted,Cleanse,Face,33967,BeautyByDaz,https://beautybydaz.com/shop/face/mesoestetic-brightening-foam-facial-foaming-cream-cleanser/
Beauty of Joseon Glow Serum 60ml,Beauty of Joseon,Treat,Face,16800,BeautyByDaz,https://beautybydaz.com/shop/face/serums/beauty-of-joseon-glow-serum-60ml/
Bioderma Pigmentbio Night Renewer 50ml,Generic/Unlisted,Uncategorized,Face,46178,BeautyByDaz,https://beautybydaz.com/shop/face/moisturizers/bioderma-pigmentbio-night-renewer-50ml/
Bioderma Pigmentbio Foaming Cream 500ml,Generic/Unlisted,Cleanse,Face,32784,BeautyByDaz,https://beautybydaz.com/shop/face/bioderma-pigmentbio-foaming-cream-500ml/
Purito Pure Vitamin C Serum 60ml,Purito,Treat,Face,15000,BeautyByDaz,https://beautybydaz.com/shop/face/serums/purito-pure-vitamin-c-serum-60ml/
Numbuzin No.1 Clear Filter Sun Essence Cica + Hyaluronic Acid SPF50+ PA++++,Numbuzin,Protect,Face,15500,BeautyByDaz,https://beautybydaz.com/shop/face/numbuzin-no-1-clear-filter-sun-essence-spf50-pa/
Facefacts Ceramide  Oil Control Foaming Cleanser 400ml,Generic/Unlisted,Cleanse,Face,6950,BeautyByDaz,https://beautybydaz.com/shop/face/facefacts-ceramide-oil-control-foaming-cleanser-400ml/
Medicube Kojic Acid Tumeric Night Wrapping Mask 75ml,Generic/Unlisted,Treat,Face,17850,BeautyByDaz,https://beautybydaz.com/shop/face/face-masks-scrubs/medicube-kojic-acid-tumeric-night-wrapping-mask-75ml/
Tony Moly Wonder Ceramide Mochi Emulsion 300ml,Generic/Unlisted,Moisturize,Face,12950,BeautyByDaz,https://beautybydaz.com/shop/face/moisturizers/tony-moly-wonder-ceramide-mochi-emulsion-300ml/
Differin Adapalene 0.1% gel,Generic/Unlisted,Uncategorized,Face,23500,BeautyByDaz,https://beautybydaz.com/shop/face/treatment/differin-adapalene-0-1-gel/
Amlactin Intensive Healing 15% AHA Cream (Unscented) 340g,Generic/Unlisted,Treat,Face,27500,BeautyByDaz,https://beautybydaz.com/shop/amlactin-body-lotion/amlactin-intensive-healing-moisturizing-cream/
SKIN1004 Madagascar Centella Toning Toner 210ml,Skin1004,Treat,Face,13999,BeautyByDaz,https://beautybydaz.com/shop/face/skin1004-madagascar-centella-toning-toner-210ml/
SKIN1004 Madagascar Centella Tone Brightening Boosting Toner 210ml,Skin1004,Treat,Face,13999,BeautyByDaz,https://beautybydaz.com/shop/face/skin1004-madagascar-centella-tone-brightening-boosting-toner-210ml/
Skin Aqua Sunscreen Super Moisture Barrier UV Gel SPF50+ 100g,Generic/Unlisted,Protect,Face,12200,BeautyByDaz,https://beautybydaz.com/shop/face/sunscreens/skin-aqua-sunscreen-super-moisture-barrier-uv-gel-spf50-100g/
Some Bi Mi Retinol Intense Advanced Triple Action Eye Cream 30ml,Generic/Unlisted,Treat,Eye Care,14850,BeautyByDaz,https://beautybydaz.com/shop/face/eyes/some-bi-mi-retinol-intense-advanced-triple-action-eye-cream-30ml/
SKIN1004 Zombie Beauty Bloody Peel 30ml,Skin1004,Treat,Face,9300,BeautyByDaz,https://beautybydaz.com/shop/face/serums/skin1004-zombie-beauty-bloody-peel-30ml/
Eucerin Face Sunscreen Photoaging Control Anti-Age Sun Fluid SPF 50+ 50ml,Generic/Unlisted,Protect,Face,17800,BeautyByDaz,https://beautybydaz.com/shop/face/sunscreens/eucerin-face-sunscreen-photoaging-control-anti-age-sun-fluid-spf-50-50ml/
Eucerin Urea Repair Plus Body Cream 450ml,Generic/Unlisted,Moisturize,Body,28500,BeautyByDaz,https://beautybydaz.com/shop/body-cream/eucerin-urea-repair-plus-body-cream-450ml/
Round Lab Birch Juice Moisturizing Sun Cream SPF50+,Round Lab,Protect,Face,14500,BeautyByDaz,https://beautybydaz.com/shop/face/sunscreens/round-lab-birch-juice-moisturizing-sun-cream-spf50/
Arencia Fresh Green Rice Mochi Cleanser 120g,Generic/Unlisted,Cleanse,Face,14500,BeautyByDaz,https://beautybydaz.com/shop/face/arencia-fresh-green-rice-mochi-cleanser-120g/
Medicube Zero Pore Serum 2.0,Generic/Unlisted,Treat,Face,14500,BeautyByDaz,https://beautybydaz.com/shop/face/serums/medicube-zero-pore-serum-2-0/
Eqqualberry Swimming Pool Daily Facial Toner  155ml,Generic/Unlisted,Treat,Face,11999,BeautyByDaz,https://beautybydaz.com/shop/face/swimming-pool-daily-facial-toner-150ml/
Eqqualberry Vitamin Illuminating Serum 30ml,Generic/Unlisted,Treat,Face,16950,BeautyByDaz,https://beautybydaz.com/shop/face/serums/eqqualberry-vitamin-illuminating-serum-30ml/
Eqqualberry Bakuchiol Plumping Serum 30ml,Generic/Unlisted,Treat,Face,16950,BeautyByDaz,https://beautybydaz.com/shop/face/oils-serum/eqqualberry-bakuchiol-plumping-serum-30ml/
Simple Detox and Brighten Clay Mask 50ml,Generic/Unlisted,Treat,Face,2850,BeautyByDaz,https://beautybydaz.com/shop/face/face-masks-scrubs/simple-detox-and-brighten-clay-mask-50ml/
Facefacts 2% BHA TONER 30ML,Generic/Unlisted,Treat,Face,4999,BeautyByDaz,https://beautybydaz.com/shop/face/face-facts-2-bha-toner/
ISI NATURALS Lavender Rose Face Moisturizer,Generic/Unlisted,Moisturize,Face,12500,BeautyByDaz,https://beautybydaz.com/shop/face/moisturizers/isi-naturals-lavender-rose-face-moisturizer/
ISI NATURALS VITAMIN C BRIGHTENING FACE & BODY LOTION,Generic/Unlisted,Treat,Body,17000,BeautyByDaz,https://beautybydaz.com/shop/bath-body/creams-lotions/isi-naturals-vitamin-c-brightening-face-body-lotion/
ADVANCED KOREAN SKIN BRIGHT AND EXFOLIATE MINT BODY GEL WASH- 1200ML,Generic/Unlisted,Cleanse,Body,11999,BeautyByDaz,https://beautybydaz.com/shop/bath-body/bath-wash-gels/advanced-korean-skin-bright-and-exfoliate-mint-body-gel-wash-1200ml/
Skin1004 Madagascar Centella Tone Brightening Capsule Ampoule 100ml,Skin1004,Treat,Face,15500,BeautyByDaz,https://beautybydaz.com/shop/face/serums/skin1004-madagascar-centella-tone-brightening-capsule-ampoule-100ml/
Numbuzin Pantothenic B5 Active Drying Powder 7g,Numbuzin,Other,Makeup,11500,BeautyByDaz,https://beautybydaz.com/shop/face/numbuzin-pantothenic-b5-active-drying-powder-7g/
Good Molecules Yerba Mate Wake Up Eye Gel 15ml,Generic/Unlisted,Uncategorized,Eye Care,10500,BeautyByDaz,https://beautybydaz.com/shop/face/eyes/good-molecules-yerba-mate-wake-up-eye-gel-15ml/
Numbuzin No. 9 NAD Bio Lifting-sil Essence 50ml,Numbuzin,Treat,Face,17950,BeautyByDaz,https://beautybydaz.com/shop/face/serums/numbuzin-no-9-nad-bio-lifting-sil-essence-50ml/
SKIN1004 Madagascar Centella Light Cleansing Oil 200ml,Skin1004,Cleanse,Face,13999,BeautyByDaz,https://beautybydaz.com/shop/face/oils-serum/skin1004-madagascar-centella-light-cleansing-oil-200ml/
SEOUL 1988 Cream : Retinal Liposome 1% + Fermented Rice – 50ml,Generic/Unlisted,Moisturize,Lip Care,13950,BeautyByDaz,https://beautybydaz.com/shop/face/moisturizers/seoul-1988-cream-retinal-liposome-1-fermented-rice-50ml/
Bioderma Sébium Hydra Ultra-Moisturizing Compensating Care 40ml,Generic/Unlisted,Uncategorized,Face,13850,BeautyByDaz,https://beautybydaz.com/shop/face/moisturizers/bioderma-sebium-hydra-ultra-moisturizing-compensating-care-40ml/
"Dr Teal’s Moisturizing Bath & Body Oil, Glow & Hydrate with Ceramides and Avocado Oil 8.8 fl oz",Generic/Unlisted,Moisturize,Body,8500,BeautyByDaz,https://beautybydaz.com/shop/bath-body/creams-lotions/dr-teals-moisturizing-bath-body-oil-glow-hydrate-with-ceramides-and-avocado-oil-8-8-fl-oz/
"Dr Teal’s Moisturizing Bath & Body Oil, Prebiotic Lemon Balm 8.8 fl oz",Generic/Unlisted,Moisturize,Body,8500,BeautyByDaz,https://beautybydaz.com/shop/bath-body/creams-lotions/dr-teals-moisturizing-bath-body-oil-prebiotic-lemon-balm-8-8-fl-oz/
ST. IVES Energizing body wash citrus & cherry blossom 650ml,Generic/Unlisted,Cleanse,Body,7950,BeautyByDaz,https://beautybydaz.com/shop/bath-body/bath-wash-gels/st-ives-energizing-body-wash-citrus-cherry-blossom-650ml/
SEOUL 1988 Eye Cream : Retinal Liposome 4% + Fermented Bean,Generic/Unlisted,Moisturize,Eye Care,12500,BeautyByDaz,https://beautybydaz.com/shop/face/serums/seoul-1988-eye-cream-retinal-liposome-4-fermented-bean/
Abib Glutathiosome Dark Spot Serum Vita Drop 50ml,Abib,Treat,Face,15800,BeautyByDaz,https://beautybydaz.com/shop/face/serums/abib-glutahiosome-dark-spot-serum-vita-drop-50ml/
Seoul 1988 Retinal Liposome 2% + Black Ginseng Serum,Generic/Unlisted,Treat,Lip Care,12950,BeautyByDaz,https://beautybydaz.com/shop/face/serums/seoul-1988-retinal-liposome-2-black-ginseng-serum/
Numbuzin No.1 Pantothenic B5 Active Soothing Cream 80ml,Numbuzin,Moisturize,Face,16850,BeautyByDaz,https://beautybydaz.com/shop/face/moisturizers/numbuzin-no-1-pantothenic-b5-active-soothing-cream-80ml/
Nivea Diamond & Argan Oil Soft Care Shower,Generic/Unlisted,Moisturize,Body,5999,BeautyByDaz,https://beautybydaz.com/shop/uncategorized/79983/
NIVEA Orange & Avocado Oil Shower Cream 500ml,Generic/Unlisted,Moisturize,Body,6500,BeautyByDaz,https://beautybydaz.com/shop/bath-body/bath-wash-gels/nivea-orange-avocado-oil-shower-cream-500ml/
MEDICUBE AGE-R GLUTATHIONE GLOW CAPSULE CREAM 50ml,Generic/Unlisted,Moisturize,Face,16850,BeautyByDaz,https://beautybydaz.com/shop/face/moisturizers/medicube-age-r-glutathione-glow-capsule-cream-50ml/
Anua BHA 2% Gentle Exfoliating Toner 150ml,Anua,Treat,Face,19500,BeautyByDaz,https://beautybydaz.com/shop/face/anua-bha-2-gentle-exfoliating-toner-150ml/
Amlactin Intensive Healing 15% AHA Lotion -225g,Generic/Unlisted,Treat,Face,22500,BeautyByDaz,https://beautybydaz.com/shop/bath-body/creams-lotions/amlactin-intensive-healing-lactic-acid/
Eucerin Dermo Purifyer oil control cleansing gel 200ml,Generic/Unlisted,Cleanse,Face,14500,BeautyByDaz,https://beautybydaz.com/shop/face/eucerin-dermo-purifyer-oil-control-cleansing-gel-200ml/
Eucerin Pigment Control Sun Fluid 50ml,Generic/Unlisted,Uncategorized,Face,20500,BeautyByDaz,https://beautybydaz.com/shop/face/sunscreens/eucerin-pigment-control-sun-fluid-50ml/
Eucerin- Urea Repair Plus 10% Urea Intensive Moisturizing Lotion 250ml,Generic/Unlisted,Moisturize,Face,25999,BeautyByDaz,https://beautybydaz.com/shop/body-cream/eucerin-urea-repair-plus-urea-lotion/
Abib – Quick Sunstick Protection Bar 22G,Abib,Uncategorized,Face,14500,BeautyByDaz,https://beautybydaz.com/shop/face/sunscreens/abib-quick-sunstick-protection-bar-22g/
Embryolisse Lait Creme 75ml,Generic/Unlisted,Uncategorized,Face,30500,BeautyByDaz,https://beautybydaz.com/shop/face/moisturizers/embryolisse-lait-creme-75ml/
Numbuzin No.5 Glutathoine Vitamin Concentrated Serum 30ml,Numbuzin,Treat,Face,14950,BeautyByDaz,https://beautybydaz.com/shop/face/serums/numbuzin-no-5-vitamin-concentrated-serum-30ml/
Dr Althea 345 Relief Cream 50ml,Generic/Unlisted,Moisturize,Face,17850,BeautyByDaz,https://beautybydaz.com/shop/face/moisturizers/dr-althea-345-relief-cream-50ml/
FaceFacts Ceramide Oil Control Hydrating Toner 200ml,Generic/Unlisted,Treat,Face,5999,BeautyByDaz,https://beautybydaz.com/shop/face/face-facts-ceramide-oil-control-hydrating-toner-200ml/
FaceFacts Ceramide Oil Control Moisturising Gel Cream 50ml,Generic/Unlisted,Moisturize,Face,3500,BeautyByDaz,https://beautybydaz.com/shop/face/face-facts-ceramide-oil-control-moisturising-gel-cream-50ml/
Niu Skin Intensive Serum  30ml,Generic/Unlisted,Treat,Face,4500,BeautyByDaz,https://beautybydaz.com/shop/face/serums/niu-skin-intensive-serum-30ml/
Purito Mighty Bamboo Panthenol Cream 100ml,Purito,Moisturize,Face,16500,BeautyByDaz,https://beautybydaz.com/shop/face/moisturizers/purito-mighty-bamboo-panthenol-cream-100ml/
Purito Seoul Mighty Bamboo Panthenol Cleanser 150ml,Purito,Cleanse,Face,12500,BeautyByDaz,https://beautybydaz.com/shop/face/purito-seoul-mighty-bamboo-panthenol-cleanser-150ml/
Beauty Of Joseon Relief Sun Aqua-Fresh: Rice + B5 SPF 50+ PA++++,Beauty of Joseon,Protect,Face,14850,BeautyByDaz,https://beautybydaz.com/shop/face/sunscreens/beauty-of-joseon-relief-sun-aqua-fresh-rice-b5-spf-50-pa/
Good Molecules Mandelic Acid Serum 30ml,Generic/Unlisted,Treat,Face,14500,BeautyByDaz,https://beautybydaz.com/shop/face/serums/good-molecules-mandelic-acid-serum-30ml/
Haruharu Black Rice Moisture Airyfit Daily Non Greasy Sunscreen – 50ml,Haruharu Wonder,Protect,Face,12500,BeautyByDaz,https://beautybydaz.com/shop/face/sunscreens/haru-haru-black-rice-moisture-airyfit-daily-sunscreen-50ml/
Medicube PDRN Pink Collagen Gel Mask,Generic/Unlisted,Treat,Face,5500,BeautyByDaz,https://beautybydaz.com/shop/face/face-masks-scrubs/medicube-pdrn-pink-collagen-gel-mask/
Medicube Collagen Night Wrapping Mask 75ml,Generic/Unlisted,Treat,Face,17850,BeautyByDaz,https://beautybydaz.com/shop/face/medicube-collagen-night-wrapping-mask-75ml/
NIU SKIN GLOWING BODY WASH 800ML,Generic/Unlisted,Cleanse,Body,7500,BeautyByDaz,https://beautybydaz.com/shop/bath-body/bath-wash-gels/niu-skin-glowing-body-wash-800ml/
Vaseline Intensive Care Vitamin B3 Body Oil Healthy Even Tone – 200 ml,Generic/Unlisted,Moisturize,Body,8500,BeautyByDaz,https://beautybydaz.com/shop/bath-body/creams-lotions/vaseline-intensive-care-vitamin-b3-body-oil-healthy-even-tone-200-ml/
FaceFacts Firm & Renew Polypeptide Serum – 30ml,Generic/Unlisted,Treat,Face,3200,BeautyByDaz,https://beautybydaz.com/shop/face/face-facts-firm-renew-polypeptide-serum-30ml/
Nineless A-Control Heartleaf & Bha Cleanser 120ml,Generic/Unlisted,Cleanse,Face,9500,BeautyByDaz,https://beautybydaz.com/shop/face/nineless-a-control-heartleaf-bha-cleanser-120ml/
Good Molecules Gentle Retinol Cream 30ml,Generic/Unlisted,Treat,Face,12999,BeautyByDaz,https://beautybydaz.com/shop/face/moisturizers/good-molecules-gentle-retinol-cream-30ml/
Anua Heartleaf 70% Daily Relief Lotion 200ml,Anua,Moisturize,Face,18500,BeautyByDaz,https://beautybydaz.com/shop/face/anua-heartleaf-70-daily-relief-lotion-200ml/
Topicals Faded Brightening and Cleansing Bar  (2 Bars),Generic/Unlisted,Cleanse,Face,41500,BeautyByDaz,https://beautybydaz.com/shop/bath-body/soaps/topicals-faded-brightening-and-cleansing-bar-2-bars/
Femfresh Daily Wash 250ml,Generic/Unlisted,Cleanse,Face,4850,BeautyByDaz,https://beautybydaz.com/shop/bath-body/personal-care/femfresh-daily-wash-250ml/
Dr Althea Vitamin C Boosting Serum – 63%,Generic/Unlisted,Treat,Face,14500,BeautyByDaz,https://beautybydaz.com/shop/asian-brands/dr-althea-vitamin-c-boosting-serum-20/
Purito Wonder Releaf Centella Serum  60ml,Purito,Treat,Face,15500,BeautyByDaz,https://beautybydaz.com/shop/face/purito-wonder-releaf-centella-serum-unscented-60ml/
Anua Rice 70 Glow Milky Toner 250ml,Anua,Treat,Face,16500,BeautyByDaz,https://beautybydaz.com/shop/face/anua-rice-70-glow-milky-toner-250ml/
ADVANCED KOREAN SKIN BRIGHT & MOISTURE BODY LOTION 500ml/17.6oz,Generic/Unlisted,Moisturize,Body,11850,BeautyByDaz,https://beautybydaz.com/shop/bath-body/creams-lotions/advanced-korean-skin-bright-moisture/
Dove Original Beauty Cream Bar  One bar 90g,Generic/Unlisted,Moisturize,Face,1500,BeautyByDaz,https://beautybydaz.com/shop/bath-body/soaps/dove-original-beauty-cream-bar-one-bar-90g/
Advanced Korean Skin Bright & Clear Papaya Body Gel Wash -1200ml,Generic/Unlisted,Cleanse,Body,11999,BeautyByDaz,https://beautybydaz.com/shop/bath-body/bath-wash-gels/advanced-korean-skin-bright-clear-papaya-body-gel-wash-1200ml/
Advanced Korean Skin Bright & Clear Body Gel Wash Vitamin C & Vitamin E 1200ml,Generic/Unlisted,Cleanse,Body,11950,BeautyByDaz,https://beautybydaz.com/shop/bath-body/bath-wash-gels/advanced-korean-skin-bright-clear-body-gel-wash-vitamin-c-vitamin-e-1200ml/
B : Lab Yuja Anti-Dark Spot Serum 30ml,Generic/Unlisted,Treat,Face,9850,BeautyByDaz,https://beautybydaz.com/shop/face/serums/b-lab-yuja-anti-dark-spot-serum-30ml/
FaceFacts Wonder Cream  Fragrance free 50ml,Generic/Unlisted,Moisturize,Face,8500,BeautyByDaz,https://beautybydaz.com/shop/face/moisturizers/face-facts-wonder-cream-50ml/
Anua Heartleaf Silky Moisture Sunscreen 50ml,Anua,Protect,Face,14950,BeautyByDaz,https://beautybydaz.com/shop/face/sunscreens/anua-heartleaf-silky-moisture-sunscreen-50ml/
Anua Rice Enzyme Brightening Cleansing Powder,Anua,Other,Makeup,16500,BeautyByDaz,https://beautybydaz.com/shop/face/face-masks-scrubs/anua-rice-enzyme-brightening-cleansing-powder/
Numbuzin No 5 Glutathione Vitamin Concentrated Toner Pads (70pads),Numbuzin,Treat,Face,14999,BeautyByDaz,https://beautybydaz.com/shop/cleansers-toners/numbuzin-vitamin-niacinamide-toner-pad-70pads/
FaceFacts Kojic Acid Body Lotion – 400ml,Generic/Unlisted,Treat,Body,6999,BeautyByDaz,https://beautybydaz.com/shop/bath-body/creams-lotions/face-facts-kojic-acid-body-lotion/
FaceFacts Soothing Facial Toner – 200ml,Generic/Unlisted,Treat,Face,4950,BeautyByDaz,https://beautybydaz.com/shop/face/face-facts-soothing-facial-toner-200ml/
FaceFacts Bright + Clear Face Cream – 75ml,Generic/Unlisted,Moisturize,Face,7500,BeautyByDaz,https://beautybydaz.com/shop/face/treatment/face-facts-bright-clear-face-cream-75ml/
FaceFacts Vitamin C Serum – 50ml,Generic/Unlisted,Treat,Face,5999,BeautyByDaz,https://beautybydaz.com/shop/face/serums/face-facts-vitamin-c-serum-50ml/
FaceFacts Niacinamide Serum – 30ml,Generic/Unlisted,Treat,Face,3950,BeautyByDaz,https://beautybydaz.com/shop/face/serums/face-facts-niacinamide-serum-30ml/
"SKIN1004 Madagascar Centella Tone Brightening Cleansing Gel Foam 4.22 fl.oz, 125ml",Skin1004,Cleanse,Face,11999,BeautyByDaz,https://beautybydaz.com/shop/face/skin1004-madagascar-centella-tone-brightening-cleansing-gel-foam-4-22-fl-oz-125ml/
SKIN1004 Madagascar Centella Probio-Cica Intensive Ampoule 50ml,Skin1004,Treat,Face,15850,BeautyByDaz,https://beautybydaz.com/shop/face/serums/skin1004-madagascar-centella-probio-cica-intensive-ampoule-50ml/
SKIN1004 Madagascar Centella Ampoule Foam,Skin1004,Cleanse,Face,12500,BeautyByDaz,https://beautybydaz.com/shop/face/skin1004-madagascar-centella-ampoule-foam/
"I’m From Rice Toner, 77.78% Rice Extract 150ml",Generic/Unlisted,Treat,Face,14950,BeautyByDaz,https://beautybydaz.com/shop/face/im-from-rice-toner-77-78-rice-extract/
SKIN1004 Madagascar Centella Ampoule 55ml,Skin1004,Treat,Face,13999,BeautyByDaz,https://beautybydaz.com/shop/asian-brands/skin1004-madagascar-centella-ampoule-55ml/
Anua Peach 70 Niacin Serum 30ml,Anua,Treat,Face,18500,BeautyByDaz,https://beautybydaz.com/shop/face/serums/anua-peach-70-niacin-serum-30ml/
Anua Heartleaf Quercetinol Deep Cleansing foam 150ml,Anua,Cleanse,Face,10500,BeautyByDaz,https://beautybydaz.com/shop/face/anua-heartleaf-quercetinol-deep-cleansing-foam-150ml/
"Dr Teal’s Body Lotion with Prebiotic Lemon Balm, Essential Oil Blend, 18 fl oz",Generic/Unlisted,Moisturize,Body,8850,BeautyByDaz,https://beautybydaz.com/shop/body-cream/dr-teals-body-lotion-prebiotic-lemon-balm/
Cerave Moisturising Lotion For Dry To Very Dry Skin 473Ml,CeraVe,Moisturize,Face,19300,BeautyByDaz,https://beautybydaz.com/shop/bath-body/cerave-moisturising-lotion-for-dry-skin/
Dove Bar Soap Pink,Generic/Unlisted,Cleanse,Face,4999,BeautyByDaz,https://beautybydaz.com/shop/bath-body/dove-bar-soap-pink-2/
Slime Luxe Fusion Moisturizer 100ml,Generic/Unlisted,Moisturize,Face,9800,BeautyByDaz,https://beautybydaz.com/shop/body-cream/slime-luxe-fusion-moisturizer/
NINELESS B-Boost 1% Kojic Acid Toner 200ml,Generic/Unlisted,Treat,Face,9950,BeautyByDaz,https://beautybydaz.com/shop/face/nineless-b-boost-1-kojic-acid-toner-200ml/
Anua Niacinamide 10% + Tranexamic Acid 4% Serum,Anua,Treat,Face,18850,BeautyByDaz,https://beautybydaz.com/shop/face/anua-niacinamide-10-tranexamin-acid-4-serum/
Tree Hut Vitamin C Foaming Gel Body Wash,Generic/Unlisted,Cleanse,Body,14850,BeautyByDaz,https://beautybydaz.com/shop/bath-body/bath-wash-gels/tree-hut-vitamin-c-foaming-gel-body-wash/
Skin By Zaron Vitamin C Body Wash 650ml,Generic/Unlisted,Cleanse,Body,11500,BeautyByDaz,https://beautybydaz.com/shop/bath-body/bath-wash-gels/skin-by-zaron-vitamin-c-body-wash-650ml/
Skin By Zaron Lip Hydrating Therapy,Generic/Unlisted,Uncategorized,Lip Care,3999,BeautyByDaz,https://beautybydaz.com/shop/face/lips/skin-by-zaron-lip-hydrating-therapy/
"Dove Body Love Intense Care Body Lotion, 400 ml",Generic/Unlisted,Moisturize,Body,6999,BeautyByDaz,https://beautybydaz.com/shop/bath-body/creams-lotions/body-love-intensive-care-body-lotion/
Dove Body Love Light Care Body Lotion 400ml,Generic/Unlisted,Moisturize,Body,6999,BeautyByDaz,https://beautybydaz.com/shop/bath-body/creams-lotions/dove-body-love-light-care-body-lotion/
Dove Pampering Body Lotion 400ml,Generic/Unlisted,Moisturize,Body,6999,BeautyByDaz,https://beautybydaz.com/shop/bath-body/creams-lotions/dove-pampering-body-lotion/
La Roche Posay Effaclar Purifying Foaming Gel 400ml,Generic/Unlisted,Cleanse,Face,21850,BeautyByDaz,https://beautybydaz.com/shop/face/la-roche-posay-effaclar-purifying-foaming-gel-400ml/
Olay  Retinol24 Night Renewal Face Cream  50ml,Generic/Unlisted,Treat,Face,24500,BeautyByDaz,https://beautybydaz.com/shop/face/olay-regenerist-retinol24-night-face-cream-moisturiser-with-retinol-and-vitamin-b3-50-ml/
Chambers Chapter 2000 Hair Grow Treatment 160G,Generic/Unlisted,Other,Hair Care,7500,BeautyByDaz,https://beautybydaz.com/shop/hair-care/chambers-chapter-2000-hair-grow-treatment-160g/
Zaron Papaya Brightening Body Wash 650ml,Generic/Unlisted,Cleanse,Body,12500,BeautyByDaz,https://beautybydaz.com/shop/bath-body/zaron-papaya-brightening-body-wash-650ml/
Benzac Ac Benzoyl Peroxide 5% Gel 30G,Generic/Unlisted,Uncategorized,Face,7500,BeautyByDaz,https://beautybydaz.com/shop/face/benzac-ac-benzoyl-peroxide-5-gel-30g/
Nineless Mela-Pro Tranexamic Acid Sun Screen 100ml,Generic/Unlisted,Treat,Face,11950,BeautyByDaz,https://beautybydaz.com/shop/face/nineless-mela-pro-tranexamic-acid-sun-screen-100ml/
Bioderma Sensibio Defensive 40ml,Generic/Unlisted,Uncategorized,Face,17850,BeautyByDaz,https://beautybydaz.com/shop/face/bioderma-sensibio-defensive-40ml/
Estellin Vitamin A & Retinol Age-Defying Face Serum 30ml,Generic/Unlisted,Treat,Face,3500,BeautyByDaz,https://beautybydaz.com/shop/face/estellin-vitamin-a-retinol-age-defying-face-serum-30ml/
Estelin Tea Tree & Salicylic Acid Serum,Generic/Unlisted,Treat,Face,3500,BeautyByDaz,https://beautybydaz.com/shop/face/estelin-tea-tree-salicylic-acid-serum/
Sooo Pro Seal It Locking Mist Spray 150ml,Generic/Unlisted,Uncategorized,Face,11500,BeautyByDaz,https://beautybydaz.com/shop/face/sooo-pro-seal-it-locking-mist-spray-150ml/
Palmer’S Cocoa Butter Formula Moisturizing Body Oil 250ml,Generic/Unlisted,Moisturize,Body,9850,BeautyByDaz,https://beautybydaz.com/shop/face/palmers-cocoa-butter-formula-moisturizing-body-oil-250ml/
Retin A 24K Acne Removal Whitening Soap 100G,Generic/Unlisted,Cleanse,Face,2200,BeautyByDaz,https://beautybydaz.com/shop/face/retin-a-24k-acne-removal-whitening-soap-100g/
Retin A Treatment Soap 100G,Generic/Unlisted,Cleanse,Face,2200,BeautyByDaz,https://beautybydaz.com/shop/face/retin-a-treatment-soap-100g/
Bioderma Atoderm Intensive Baume Ultra-Soothing Balm 500ml,Generic/Unlisted,Moisturize,Lip Care,39750,BeautyByDaz,https://beautybydaz.com/shop/face/bioderma-atoderm-intensive-baume/
Bioderma Atoderm Huile De Douche Ultra-Nourishing Shower Oil 1L,Generic/Unlisted,Moisturize,Body,37500,BeautyByDaz,https://beautybydaz.com/shop/bath-body/bioderma-atoderm-huile-de-douche-ultra-nourishing-shower-oil-1l/
St. Ives Exfoliating Body Wash Sea Salt & Pacific Kelp,Generic/Unlisted,Cleanse,Body,7950,BeautyByDaz,https://beautybydaz.com/shop/bath-body/st-ives-exfoliating-body-wash-sea-salt-pacific-kelp/
Nineless A Control Azelaic Acid Toner – 150ml,Generic/Unlisted,Treat,Face,11800,BeautyByDaz,https://beautybydaz.com/shop/face/nine-less-a-control-azelaic-acid-toner-150ml/
Tretiheal Tretinoin Cream Usp 0.05% 20G,Generic/Unlisted,Moisturize,Face,4999,BeautyByDaz,https://beautybydaz.com/shop/face/tretiheal-tretinoin-cream-usp-0-05-20g/
Dr Teal’s Deodorant Lavender Vanilla 2.65 Ounce Aluminum-Free,Generic/Unlisted,Uncategorized,Body,6950,BeautyByDaz,https://beautybydaz.com/shop/bath-body/dr-teals-deodorant-lavender-vanilla-2-65-ounce-aluminum-free/
"Dr Teal’S Shea Sugar Body Scrub With Prebiotic Lemon Balm And Essential Oils, 19 Oz",Generic/Unlisted,Cleanse,Body,11950,BeautyByDaz,https://beautybydaz.com/shop/bath-body/personal-care/dr-teals-shea-sugar-body-scrub-with-prebiotic-lemon-balm-and-essential-oils-19-oz/
"Dr Teal’S Body Wash With Prebiotic Lemon Balm And Essential Oil Blend, 24 Fl Oz",Generic/Unlisted,Cleanse,Body,9500,BeautyByDaz,https://beautybydaz.com/shop/bath-body/dr-teals-body-wash-with-prebiotic-lemon-balm-and-essential-oil-blend-24-fl-oz/
Bioderma Pigmentbio C-Concentrate Serum 15ml,Generic/Unlisted,Treat,Face,40110,BeautyByDaz,https://beautybydaz.com/shop/face/bioderma-pigmentbio-c-concentrate-serum-15ml/
Palmer’S Cocoa Butter Formula Skin Therapy Oil 150ml,Generic/Unlisted,Moisturize,Face,15500,BeautyByDaz,https://beautybydaz.com/shop/face/palmers-cocoa-butter-formula-skin-therapy-oil-150ml/
Bioderma Sebium Gel Moussant Actif Cleansing Active Foaming Gel 200ml,Generic/Unlisted,Cleanse,Face,16850,BeautyByDaz,https://beautybydaz.com/shop/face/bioderma-sebium-gel-moussant-actif-cleansing-active-foaming-gel-200ml/
Mixsoon Bean Essence 50ml,Mixsoon,Treat,Face,19500,BeautyByDaz,https://beautybydaz.com/shop/face/mixsoon-bean-essence-50ml-2/
Bioderma Atoderm Gel Douche 1Litre,Generic/Unlisted,Uncategorized,Face,24999,BeautyByDaz,https://beautybydaz.com/shop/bath-body/bath-wash-gels/bioderma-atoderm-gel-douche-1litre/
Simple Glow Facial Wash – Vitamin C + Anti-Oxidants – 150ml,Generic/Unlisted,Cleanse,Face,8200,BeautyByDaz,https://beautybydaz.com/shop/face/simple-glow-facial-wash-vitamin-c-anti-oxidants-150ml/
Isispharma Unitone 4 Depigmenting Serum,Generic/Unlisted,Treat,Face,42950,BeautyByDaz,https://beautybydaz.com/shop/face/isispharma-unitone-4-depigmenting-serum/
Neutrogena Cleansing Toner Blackhead Eliminating Oil-Free For Blackhead-Prone Skin 200 ml,Generic/Unlisted,Cleanse,Face,6500,BeautyByDaz,https://beautybydaz.com/shop/face/neutrogena-neutrogena-blackhead-eliminating-0-5-salicylic-acid-cleansing-toner-200ml/
Beauty Formulas Brightening Vitamin C Facial Tonic 150ml,Generic/Unlisted,Treat,Face,3800,BeautyByDaz,https://beautybydaz.com/shop/face/beauty-formulas-brightening-vitamin-c-facial-tonic-150ml/
Niu Skin Total Effects Platinum White Face Essence Lotion,Generic/Unlisted,Treat,Face,4500,BeautyByDaz,https://beautybydaz.com/shop/face/niu-skin-total-effects-platinum-white-face-essence-lotion/
Medi-Peel Vitamin Rx Body Wash 500ml,Generic/Unlisted,Cleanse,Body,14850,BeautyByDaz,https://beautybydaz.com/shop/bath-body/bath-wash-gels/medi-peel-vitamin-rx-body-wash-500ml/
Medi-Peel Vitamin Rx Body Lotion 400ml,Generic/Unlisted,Treat,Body,15500,BeautyByDaz,https://beautybydaz.com/shop/face/medi-peel-vitamin-rx-body-lotion/
"Niu Skin Body Lotion, With Alpha Arbutin, Niacinamide And Vitamin C 480ml (Big Size) Oud Wood",Generic/Unlisted,Treat,Body,6500,BeautyByDaz,https://beautybydaz.com/shop/face/niu-skin-body-lotion/
"Niu Skin Body Lotion, With Alpha Arbutin, Niacinamide And Vitamin C 480ml (Big Size) No.5",Generic/Unlisted,Treat,Body,6500,BeautyByDaz,https://beautybydaz.com/shop/face/niu-skin-body-lotion-alpha-arbutin-niacinamide/
Zaron Ultimate Glow – Brightening Toner,Generic/Unlisted,Treat,Face,12500,BeautyByDaz,https://beautybydaz.com/shop/face/zaron-ultimate-glow-brightening-toner/
Zaron Ultra Moisturizing Body Lotion,Generic/Unlisted,Moisturize,Body,13999,BeautyByDaz,https://beautybydaz.com/shop/body-cream/zaron-ultra-moisturizing-body-lotion/
Skin By Zaron Vitamin C Body Lotion,Generic/Unlisted,Treat,Body,13999,BeautyByDaz,https://beautybydaz.com/shop/face/zaron-vitamin-c-body-lotion/
FaceFacts Restore & Clarify Salicylic Acid Serum – 30ml,Generic/Unlisted,Treat,Face,3200,BeautyByDaz,https://beautybydaz.com/shop/face/face-facts-restore-clarify-salicylic-acid-serum-30ml/
FaceFacts Nourish + Restore Ceramide Facial Serum 30ml,Generic/Unlisted,Treat,Face,3850,BeautyByDaz,https://beautybydaz.com/shop/face/face-facts-barrier-repair-ceramide-serum-30ml/
Eos Shea Better Body Lotion Jasmine Peach 16 Fl Oz,Generic/Unlisted,Moisturize,Body,18500,BeautyByDaz,https://beautybydaz.com/shop/face/eos-shea-better-body-lotion-pomegranate/
Cos De Baha Hydroquinone 2% Serum 30ml,Generic/Unlisted,Treat,Face,10950,BeautyByDaz,https://beautybydaz.com/shop/face/cos-de-baha-hydroquinone-2-serum-30ml/
Bolden Brightening Glycolic Acid Toner 237ml,Generic/Unlisted,Treat,Face,23850,BeautyByDaz,https://beautybydaz.com/shop/face/bolden-brightening-glycolic-acid-toner/
Bolden Dark Spot Fix  30ml,Generic/Unlisted,Uncategorized,Face,20800,BeautyByDaz,https://beautybydaz.com/shop/face/bolden-dark-spot-fix/
Anua Heartleaf 77% Soothing Toner – 250ml,Anua,Treat,Face,17500,BeautyByDaz,https://beautybydaz.com/shop/face/anua-heartleaf-77-soothing-toner-250ml/
Nineless B Boost 10% Niacinamide Serum – 30ml,Generic/Unlisted,Treat,Face,9950,BeautyByDaz,https://beautybydaz.com/shop/face/nine-less-b-boost-10-niacinamide-serum-30ml/
Nineless A Control 10% Azelaic Acid Serum – 30ml,Generic/Unlisted,Treat,Face,11500,BeautyByDaz,https://beautybydaz.com/shop/face/nine-less-a-control-10-azelaic-acid-serum-30ml/
Nineless Essentials Uv Shield Soothing Sun Cream Spf 50 – 50G,Generic/Unlisted,Protect,Face,8800,BeautyByDaz,https://beautybydaz.com/shop/face/nine-less-essentials-uv-shield-soothing-sun-cream-spf-50-50g/
Mary and May Tranexamic Acid + Glutathione Eye Cream 12G Unboxed,Generic/Unlisted,Treat,Eye Care,3999,BeautyByDaz,https://beautybydaz.com/shop/face/eyes/mary-may-tranexamic-acid-glutathione-eye-cream-12g-unboxed/
Nivea Radiant & Beauty Even Glow Body Lotion – 400ml,Generic/Unlisted,Moisturize,Body,5999,BeautyByDaz,https://beautybydaz.com/shop/body-cream/nivea-radiant-beauty-even-glow/
Nivea Radiant & Beauty Advanced Care Body Lotion – 400ml,Generic/Unlisted,Moisturize,Body,5999,BeautyByDaz,https://beautybydaz.com/shop/body-cream/nivea-radiant-beauty-advanced-care-body-lotion/
Nivea Nourishing Cocoa Body Lotion – 400ml,Generic/Unlisted,Moisturize,Body,4500,BeautyByDaz,https://beautybydaz.com/shop/body-cream/nivea-nourishing-cocoa-body-lotion-400ml/
Eos Shea Better Moisture Body Lotion Vanilla Cashmere 16Fl Oz,Generic/Unlisted,Moisturize,Body,18850,BeautyByDaz,https://beautybydaz.com/shop/body-cream/eos-shea-better-moisture-vanilla/
Eos Shea Better Body Lotion- Pomegranate Raspberry 16 Fl Oz,Generic/Unlisted,Moisturize,Body,18500,BeautyByDaz,https://beautybydaz.com/shop/body-cream/eos-shea-better-body-lotion-jasmine-peach/
Mary and May Tranexamic Acid + Glutathione Eye Cream 30G Unboxed,Generic/Unlisted,Treat,Eye Care,6999,BeautyByDaz,https://beautybydaz.com/shop/face/eyes/mary-may-tranexamic-acid-glutathione-eye-cream-30g/
Olay Dark Spot Correcting Body Lotion AHA & Vitamin C + Niacinamide 17 fl oz,Generic/Unlisted,Treat,Body,14950,BeautyByDaz,https://beautybydaz.com/shop/body-cream/olay-vitamin-c-revitalizing-hydrating-lotion/
Beauty Formulas Illuminating Serum 10% Niacinamide – 30ml,Generic/Unlisted,Treat,Face,3850,BeautyByDaz,https://beautybydaz.com/shop/face/beauty-formulas-illuminating-serum-10-niacinamide-30ml/
Beauty Formulas Glowing Serum 2% Vitamin C,Generic/Unlisted,Treat,Face,3999,BeautyByDaz,https://beautybydaz.com/shop/face/beauty-formulas-glowing-serum-2-vitamin-c/
FaceFacts Vitamin C Body Lotion – 400ml,Generic/Unlisted,Treat,Body,7200,BeautyByDaz,https://beautybydaz.com/shop/face/face-facts-vitamin-c-body-lotion-400ml-2/
Garnier Bright Complete Body Lotion – 400ml,Generic/Unlisted,Moisturize,Body,8950,BeautyByDaz,https://beautybydaz.com/shop/face/garnier-bright-complete-body-lotion-400ml/
Dove Restoring Care Body Lotion – Coconut Oil And Almond Milk – 400ml,Generic/Unlisted,Moisturize,Body,6999,BeautyByDaz,https://beautybydaz.com/shop/face/dove-restoring-care-body-lotion-coconut-oil-and-almond-milk-400ml/
Triluma 15G,Generic/Unlisted,Uncategorized,Face,14850,BeautyByDaz,https://beautybydaz.com/shop/face/triluma-15g/
Vaseline Gluta Hya Serum Burst Dewy Radiance Lotion 300ml,Generic/Unlisted,Treat,Face,9800,BeautyByDaz,https://beautybydaz.com/shop/face/vaseline-gluta-hya-serum-burst-dewy-radiance-lotion-330ml/
B Lab perfect balance matcha airyfit Sunstick 15g,Generic/Unlisted,Uncategorized,Face,8950,BeautyByDaz,https://beautybydaz.com/shop/face/b-lab-matcha-hydrating-real-sun-stick/
Cerave Hydrating Cleanser 236ml Uk Version,CeraVe,Cleanse,Face,12500,BeautyByDaz,https://beautybydaz.com/shop/face/cerave-hydrating-cleanser-236ml-uk-version/
A Ret Hc Cream 15G,Generic/Unlisted,Moisturize,Face,6700,BeautyByDaz,https://beautybydaz.com/shop/face/a-ret-hc-cream-15g/
Facefacts Ceramide Moisturizing Cream 454ml,Generic/Unlisted,Moisturize,Face,6950,BeautyByDaz,https://beautybydaz.com/shop/face/facefacts-ceramide-moisturizing-cream-454ml/
Facefacts Ceramide Blemish Clarifying Foaming Cleanser 400ml,Generic/Unlisted,Cleanse,Face,6950,BeautyByDaz,https://beautybydaz.com/shop/face/facefacts-ceramide-blemish-clarifying-foaming-cleanser-400ml/
Facefacts Ceramide Blemish Gel Moisturizer 50ml,Generic/Unlisted,Moisturize,Face,3500,BeautyByDaz,https://beautybydaz.com/shop/face/facefacts-ceramide-blemish-gel-moisturizer-50ml/
Facefacts Ceramide Blemish Treatment Gel 50ml,Generic/Unlisted,Treat,Face,3500,BeautyByDaz,https://beautybydaz.com/shop/face/facefacts-ceramide-blemish-treatment-gel-50ml/
Topical Faded Serum 15ml,Generic/Unlisted,Treat,Face,27500,BeautyByDaz,https://beautybydaz.com/shop/face/face-masks-scrubs/topical-faded-serum-py/
B Lab Matcha Hydrating Real Sun Screen Spf50+ Pa++++,Generic/Unlisted,Protect,Face,9000,BeautyByDaz,https://beautybydaz.com/shop/face/sunscreens/b-lab-matcha-hydrating-real-sun-screen-spf50-pa/
Alpha Renewal Body Lotion 12% Glycolic,Generic/Unlisted,Treat,Body,16800,BeautyByDaz,https://beautybydaz.com/shop/bath-body/creams-lotions/alpha-renewal-body-lotion-12-glycolic/
Alpha Renewal Moisturizing Body Wash Sea Mist 354ml,Generic/Unlisted,Cleanse,Body,13500,BeautyByDaz,https://beautybydaz.com/shop/bath-body/bath-wash-gels/alpha-renewal-moisturizing-body-wash-sea-mist-354ml/
Olay Cleansing & Renewing Nighttime Body Wash With Vitamin B3 And Retinol 20Fl Oz,Generic/Unlisted,Cleanse,Body,15500,BeautyByDaz,https://beautybydaz.com/shop/bath-body/bath-wash-gels/olay-cleansing-renewing-nighttime-body-wash-with-vitamin-b3-and-retinol-20fl-oz/
"Bb Lab Good Night Collagen, Low Molecular Collagen Powder 2G 30Sticks",Generic/Unlisted,Other,Makeup,13800,BeautyByDaz,https://beautybydaz.com/shop/face/supplements/bb-lab-good-night-collagen-low-molecular-collagen-powder-2g-30sticks/
Adapalene Gel 0.1% Adaferin- 15G,Generic/Unlisted,Uncategorized,Face,8500,BeautyByDaz,https://beautybydaz.com/shop/face/oils-serum/adapalene-gel-0-1-adaferin-15g/
Dr Teal’S Moisturizing Bath & Body Oil -Shea Butter – 260ml (8.8Oz),Generic/Unlisted,Moisturize,Body,8500,BeautyByDaz,https://beautybydaz.com/shop/bath-body/creams-lotions/dr-teals-moisturizing-bath-body-oil-shea-butter-260ml-8-8oz/
Dr Teal’S Moisturizing Bath & Body Oil – Lavender – 260ml (8.8Oz),Generic/Unlisted,Moisturize,Body,8500,BeautyByDaz,https://beautybydaz.com/shop/bath-body/creams-lotions/dr-teals-moisturizing-bath-body-oil-lavender-260ml-8-8oz/
St Ives Exfoliating Body Wash Pink Lemon 650ml,Generic/Unlisted,Cleanse,Body,7950,BeautyByDaz,https://beautybydaz.com/shop/bath-body/bath-wash-gels/st-ives-exfoliating-body-wash-pink-lemon-650ml/
Vaseline Body Gel Oil Cocoa Radiant 6.8Fl Oz,Generic/Unlisted,Moisturize,Body,10200,BeautyByDaz,https://beautybydaz.com/shop/bath-body/creams-lotions/vaseline-body-gel-oil-cocoa-radiant-6-8fl-oz/
A-Ret Tretinoin Gel Usp 0.1% W/W,Generic/Unlisted,Uncategorized,Face,5850,BeautyByDaz,https://beautybydaz.com/shop/face/treatment/tretinoin-gel-usp-0-1-w-w/
A-Ret Tretinoin 0.05% Gel,Generic/Unlisted,Uncategorized,Face,4950,BeautyByDaz,https://beautybydaz.com/shop/face/treatment/tretinoin-0-05-gel/
Tretin 0.05% Cream 30G,Generic/Unlisted,Moisturize,Face,6850,BeautyByDaz,https://beautybydaz.com/shop/face/treatment/tretin-0-05-cream-30g/
Touch Bright & Clear Cream,Generic/Unlisted,Moisturize,Face,24500,BeautyByDaz,https://beautybydaz.com/shop/face/moisturizers/touch-bright-clear-cream/
Topicrem Cica Repair Soothing Cream 40ml,Generic/Unlisted,Moisturize,Face,15500,BeautyByDaz,https://beautybydaz.com/shop/face/topicrem-cica-repair-soothing-cream-100ml/
Tocobo Bio Watery Sun Cream Spf50+ Pa++++ 50ml,Tocobo,Protect,Face,11850,BeautyByDaz,https://beautybydaz.com/shop/face/sunscreens/tocobo-bio-watery-sun-cream-spf50-pa-50ml/
Timeless 20% Vitamin C + Vitamin E Ferulic Acid 30ml,Generic/Unlisted,Treat,Face,20850,BeautyByDaz,https://beautybydaz.com/shop/face/oils-serum/timeless-20-vitamin-c-vitamin-e-ferulic-acid-30ml-1oz/
Tiam Vita B3 Mist Toner,TIAM,Treat,Face,10800,BeautyByDaz,https://beautybydaz.com/shop/face/tiam-vita-b3-mist-toner/
Tiam Snail And Azulene Water Essence 180ml,TIAM,Treat,Face,11500,BeautyByDaz,https://beautybydaz.com/shop/face/tiam-snail-and-azulene-water-essence-180ml/
Skin1004 Madagascar Centella Hyalu Cica Water Fit Sun Serum – 50ml,Skin1004,Treat,Face,13950,BeautyByDaz,https://beautybydaz.com/shop/face/sunscreens/skin1004-centella-air-fit-suncream-light-spf30-pa/
Skin Aqua Uv Moisture Gel Spf 50 2024 Version 110G,Generic/Unlisted,Protect,Face,9999,BeautyByDaz,https://beautybydaz.com/shop/face/sunscreens/skin-aqua-uv-moisture-gel-spf-50-2023-version/
Simple Replenishing Rich Moisturizer – 4.2Oz,Generic/Unlisted,Moisturize,Face,4999,BeautyByDaz,https://beautybydaz.com/shop/face/moisturizers/simple-replenishing-rich-moisturizer-4-2oz/
Simple Refreshing Face Wash 150ml,Generic/Unlisted,Cleanse,Face,4999,BeautyByDaz,https://beautybydaz.com/shop/face/simple-refreshing-face-wash-150ml/
Simple Purifying Gel Wash – 150ml,Generic/Unlisted,Cleanse,Face,6400,BeautyByDaz,https://beautybydaz.com/shop/face/simple-purifying-gel-wash-150ml/
Simple Moisturizing Facial Wash 150ml,Generic/Unlisted,Cleanse,Face,4999,BeautyByDaz,https://beautybydaz.com/shop/face/simple-moisturizing-facial-wash-150ml/
Simple Kind To Skin Soothing Facial Toner,Generic/Unlisted,Treat,Face,4500,BeautyByDaz,https://beautybydaz.com/shop/face/simple-kind-to-skin-soothing-facial-toner/
Estelin Ultra Light Hydrating Invisible Sunscreen SPF 80 Pa+++- 100g,Generic/Unlisted,Protect,Face,3850,BeautyByDaz,https://beautybydaz.com/shop/face/sunscreens/pfb-vanish-ultra-60ml/
"Olay Smoothing  Body Lotion With Retinol & Vitamin B3 Complex, For All Skin Types, 17 Fl Oz.",Generic/Unlisted,Treat,Body,14950,BeautyByDaz,https://beautybydaz.com/shop/bath-body/olay-cleansing-firming-body-wash-with-collagen-and-vitamin-b3/
Oil control + Texture Correction Kit,Generic/Unlisted,Moisturize,Face,22500,Teeka4,https://teeka4.com/shop/oil-control-texture-correction-kit/
Sensitive Skin Brightening Routine,Generic/Unlisted,Uncategorized,Face,33400,Teeka4,https://teeka4.com/shop/sensitive-skin-brightening-routine/
Beginner Retinol Repair Set,Generic/Unlisted,Treat,Face,31200,Teeka4,https://teeka4.com/shop/beginner-retinol-repair-set/
Hydration Layering System,Generic/Unlisted,Uncategorized,Face,46999,Teeka4,https://teeka4.com/shop/hydration-layering-system/
Face + Body Brightening Bundle,Generic/Unlisted,Uncategorized,Body,51000,Teeka4,https://teeka4.com/shop/face-body-brightening-bundle/
Double Cleanse + Glow Routine,Generic/Unlisted,Uncategorized,Face,30000,Teeka4,https://teeka4.com/shop/double-cleanse-glow-routine/
Conscious Chemist Self Dissolving Dark Spot Lightening Patch (4 patches),Conscious Chemist,Treat,Face,7180,Teeka4,https://teeka4.com/shop/conscious-chemist-self-dissolving-dark-spot-lightening-patch-4-patches/
Conscious Chemist Plum Rose Hydrating Peptide Glossy Butter Lip Balm SPF15 (15gm),Conscious Chemist,Protect,Lip Care,6520,Teeka4,https://teeka4.com/shop/conscious-chemist-plum-rose-hydrating-peptide-glossy-butter-lip-balm-spf15-15gm/
Conscious Chemist Mocha Muse Hydrating Peptide Glossy Butter Lip Balm SPF15 (15gm),Conscious Chemist,Protect,Lip Care,6520,Teeka4,https://teeka4.com/shop/conscious-chemist-mocha-muse-hydrating-peptide-glossy-butter-lip-balm-spf15-15gm/
Conscious Chemist Pinky Promise Hydrating Peptide Glossy Butter Lip Balm SPF15 (15gm),Conscious Chemist,Protect,Lip Care,6520,Teeka4,https://teeka4.com/shop/conscious-chemist-pinky-promise-hydrating-peptide-glossy-butter-lip-balm-spf15-15gm/
Advanced Clinicals Vitamin C Brightening Body Oil 355ml,Advanced Clinicals,Treat,Body,23000,Teeka4,https://teeka4.com/shop/advanced-clinicals-vitamin-c-brigtening-oil-355ml/
Advanced Clinicals Collagen Lifting Body Oil 355ml,Advanced Clinicals,Moisturize,Body,23000,Teeka4,https://teeka4.com/shop/advanced-clinicals-collagen-lifting-body-oil-355ml/
St. Ives Hydrating Body Wash Coconut Water & Orchid 700ml,St Ives,Cleanse,Body,8200,Teeka4,https://teeka4.com/shop/st-ives-hydrating-body-wash-coconut-water-orchid-700ml/
St. Ives Exfoliating Body Wash Sea Salt & Pacific Kelp 700ml,St Ives,Cleanse,Body,8200,Teeka4,https://teeka4.com/shop/st-ives-exfoliating-body-wash-sea-salt-pacific-kelp-700ml/
St. Ives Exfoliating Body Wash Apricot 700ml,St Ives,Cleanse,Body,8200,Teeka4,https://teeka4.com/shop/st-ives-exfoliating-body-wash-apricot-700ml/
St. Ives Vanilla & Oat Milk Pampering Body Wash 700ml,St Ives,Cleanse,Body,8200,Teeka4,https://teeka4.com/shop/st-ives-vanilla-oat-milk-pampering-body-wash-700ml/
La Roche-Posay Anthelios UVmune 400 Oil Control Gel Cream SPF50+ 50ml,La Roche-Posay,Protect,Face,20500,Teeka4,https://teeka4.com/shop/la-roche-posay-anthelios-uvmune-400-oil-control-gel-cream-spf50-50ml/
La Roche -Posay Lipikar Gel Lavante Shower Gel 400ml,La Roche-Posay,Uncategorized,Body,18100,Teeka4,https://teeka4.com/shop/la-roche-posay-lipikar-gel-lavante-shower-gel-400ml-2/
La Roche -Posay Lipikar Gel Lavante Shower Gel 750ML,La Roche-Posay,Uncategorized,Body,22900,Teeka4,https://teeka4.com/shop/la-roche-posay-lipikar-gel-lavante-shower-gel-750ml-2/
Cerave Skin Renewing Vitamin C Serum 30ml,CeraVe,Treat,Face,22700,Teeka4,https://teeka4.com/shop/cerave-skin-renewing-vitamin-c-serum-30ml-2/
Cerave SA Smoothing Cream Urea 10% 177ml,CeraVe,Moisturize,Face,15999,Teeka4,https://teeka4.com/shop/cerave-sa-smoothing-cream-urea-10-177ml/
(Mini) Tocobo Cica Calming Aqua Toner 30ml,Tocobo,Treat,Face,3500,Teeka4,https://teeka4.com/shop/tocobo-cica-calming-aqua-toner-30ml/
Anua Peach Niacin Spread Cleansing Foam 150ml,Anua,Cleanse,Face,11300,Teeka4,https://teeka4.com/shop/anua-peach-niacin-spread-cleansing-foam-150ml/
La Roche Posay Anthelios Oil Correct Gel Cream 50ml,La Roche-Posay,Moisturize,Face,30999,Teeka4,https://teeka4.com/shop/la-roche-posay-anthelios-oil-correct-gel-cream-50ml/
La Roche-Posay Vitamin C Purifying Cleanser 200ML,La Roche-Posay,Cleanse,Face,20100,Teeka4,https://teeka4.com/shop/la-roche-posay-vitamin-c-purifying-cleanser-200ml/
Vaseline BlueSeal Men Petroleum Jelly Fresh 100ml,Vaseline,Uncategorized,Face,3300,Teeka4,https://teeka4.com/shop/vaseline-blueseal-men-petroleum-jelly-fresh-100ml/
Vaseline BlueSeal Men Petroleum Jelly Fresh 250ml,Vaseline,Uncategorized,Face,5400,Teeka4,https://teeka4.com/shop/vaseline-blueseal-men-petroleum-jelly-fresh-250ml/
Vaseline BlueSeal Men Petroleum Jelly Cooling 250ml,Vaseline,Uncategorized,Face,5400,Teeka4,https://teeka4.com/shop/vaseline-blueseal-men-petroleum-jelly-cooling-250ml/
Vaseline BlueSeal Men Petroleum Jelly Cooling 100ml,Vaseline,Uncategorized,Face,3300,Teeka4,https://teeka4.com/shop/vaseline-blueseal-men-petroleum-jelly-cooling-100ml/
Vaseline BlueSeal Baby Gentle Protective Jelly 50ml,Vaseline,Uncategorized,Face,2500,Teeka4,https://teeka4.com/shop/vaseline-blueseal-baby-gentle-protective-jelly-50ml/
Olay Refreshing Gel Cleanser with Hyaluronic 150ml,Olay,Cleanse,Face,16500,Teeka4,https://teeka4.com/shop/olay-refreshing-gel-cleanser-150ml/
Vaseline BlueSeal Original Pure Petroleum Jelly 50ml,Vaseline,Uncategorized,Face,2500,Teeka4,https://teeka4.com/shop/vaseline-blueseal-original-pure-petroleum-jelly-50ml/
Vaseline BlueSeal Vitamin E Nourishing Skin Jelly 50ml,Vaseline,Uncategorized,Face,2500,Teeka4,https://teeka4.com/shop/vaseline-blueseal-vitamin-e-nourishing-skin-jelly-50ml/
Vaseline BlueSeal Aloe Fresh Light Hydrating Jelly 50ml,Vaseline,Uncategorized,Face,2500,Teeka4,https://teeka4.com/shop/vaseline-blueseal-aloe-fresh-light-hydrating-jelly-50ml/
Vaseline Blue Seal Cocoa Butter Rich Conditioning Jelly 50ml,Vaseline,Moisturize,Face,2500,Teeka4,https://teeka4.com/shop/vaseline-blue-seal-cocoa-butter-rich-conditioning-jelly-50ml/
T-Natural Care Vitamin C Brightening Hydrogel Eye Patch – 1 Pair,T - Natural,Treat,Eye Care,3333,Teeka4,https://teeka4.com/shop/t-natural-care-vitamin-c-brightening-hydrogel-eye-patch-6pair/
Simple Daily Skin Detox Purifying Gel Wash 150Ml,Simple,Cleanse,Face,6250,Teeka4,https://teeka4.com/shop/simple-daily-skin-detox-purifying-gel-wash-150ml/
Vaseline BlueSeal Baby Gentle Protective Jelly 250ml,Vaseline,Uncategorized,Face,5400,Teeka4,https://teeka4.com/shop/vaseline-blueseal-baby-gentle-protective-jelly-250ml/
Vaseline BlueSeal Cocoa Butter Rich Conditioning Jelly 100ml,Vaseline,Moisturize,Face,3300,Teeka4,https://teeka4.com/shop/vaseline-blueseal-cocoa-butter-rich-conditioning-jelly-100ml/
Vaseline BlueSeal Original Pure Petroleum Jelly 100ml,Vaseline,Uncategorized,Face,3300,Teeka4,https://teeka4.com/shop/vaseline-blueseal-original-pure-petroleum-jelly-100ml/
Vaseline Blue Seal Light Hydrating Jelly Aloe Fresh 100ml,Vaseline,Uncategorized,Face,3300,Teeka4,https://teeka4.com/shop/vaseline-blue-seal-light-hydrating-jelly-aloe-100ml/
Vaseline BlueSeal Vitamin E Nourishing Skin Jelly 100ml,Vaseline,Uncategorized,Face,3300,Teeka4,https://teeka4.com/shop/vaseline-blueseal-vitamin-e-nourishing-skin-jelly-100ml/
Vaseline BlueSeal Original Pure Petroleum Jelly 250ml,Vaseline,Uncategorized,Face,5400,Teeka4,https://teeka4.com/shop/vaseline-blueseal-original-pure-petroleum-jelly-250ml/
Vaseline Blue Seal Gentle Protective Jelly (Baby) 100ml,Vaseline,Uncategorized,Face,3300,Teeka4,https://teeka4.com/shop/vaseline-blue-seal-gentle-protective-jelly-baby-100ml/
Vaseline BlueSeal Cocoa Butter Rich Conditioning Jelly 450ml,Vaseline,Moisturize,Face,9600,Teeka4,https://teeka4.com/shop/vaseline-blueseal-cocoa-butter-rich-conditioning-jelly-450ml/
EOS Shea Better Vanilla Cashmere Whipped Oil Butter 283g,Evolution of Smooth EOS,Moisturize,Face,20000,Teeka4,https://teeka4.com/shop/eos-shea-better-vanilla-cashmere-whipped-oil-butter/
Amlactin Daily Healing 12% Lactic Acid Lotion 20oz/567g,Amlactin,Treat,Face,33000,Teeka4,https://teeka4.com/shop/amlactin-daily-healing-12-lactic-acid-lotion-20oz-567g-2/
Amlactin Calm & Renew Lotion 400g,Amlactin,Moisturize,Face,20500,Teeka4,https://teeka4.com/shop/amlactin-calm-renew-lotion-400g/
Amlactin Calm & Renew Body Butter 312g,Amlactin,Moisturize,Body,20500,Teeka4,https://teeka4.com/shop/amlactin-calm-renew-body-butter-312g/
Rhode Peptide Lip Treatment (Watermelon) 10ml,Rhode,Treat,Lip Care,34700,Teeka4,https://teeka4.com/shop/rhode-peptide-lip-treatment-watermelon-10ml/
Rhode Peptide Lip Treatment (Rhode Vanilla) 10ml,Rhode,Treat,Lip Care,34700,Teeka4,https://teeka4.com/shop/rhode-peptide-lip-treatment-rhode-vanilla-10ml/
Rhode Peptide Lip Treatment (Salted Caramel) 10ml,Rhode,Treat,Lip Care,34700,Teeka4,https://teeka4.com/shop/rhode-peptide-lip-treatment-salted-caramel-10ml/
Rhode Peptide Lip Treatment (Unscented) 10ml,Rhode,Treat,Lip Care,34700,Teeka4,https://teeka4.com/shop/rhode-peptide-lip-treatment-unscented-10ml/
Rhode Glazing Milk 65ml,Rhode,Uncategorized,Face,34700,Teeka4,https://teeka4.com/shop/rhode-glazing-milk-65ml/
Rhode Barrier Restore Cream 50ml,Rhode,Moisturize,Face,54000,Teeka4,https://teeka4.com/shop/rhode-barrier-restore-cream-50ml/
Rhode Peptide Glazing Fluid Dewy Gel Serum 50ml,Rhode,Treat,Face,54000,Teeka4,https://teeka4.com/shop/rhode-peptide-glazing-fluid-dewy-gel-serum-50ml/
Rhode Peptide Lip Treatment (Strawberry glaze) 10ml,Rhode,Treat,Lip Care,34700,Teeka4,https://teeka4.com/shop/rhode-peptide-lip-treatment-strawberry-glaze-10ml/
Rhode Peptide Lip Tint (Expresso) 10ml,Rhode,Other,Makeup,34700,Teeka4,https://teeka4.com/shop/rhode-peptide-lip-tint-expresso10ml/
Sol de Janeiro Brazilian Bum Bum Cream 75ml,Sol de Janeiro,Moisturize,Face,35000,Teeka4,https://teeka4.com/shop/sol-de-janeiro-brazilian-bum-bum-cream-75ml/
Kayali Vacay in a Bottle Miniature Set Perfume (4pc×10ml),Kayali,Uncategorized,Face,151718,Teeka4,https://teeka4.com/shop/kayali-vacay-in-a-bottle-miniature-set-perfume-4pcx10ml/
Glow Recipe Watermelon Glow Niacinamide Dew Drops 15ml,Glow Recipe,Treat,Face,34590,Teeka4,https://teeka4.com/shop/glow-recipe-watermelon-glow-niacinamide-dew-drops-15ml/
Glow Recipe Watermelon Glow NIacinamide Dewy Flush (Berry Flush) 12ml,Glow Recipe,Treat,Face,40711,Teeka4,https://teeka4.com/shop/glow-recipe-watermelon-glow-niacinamide-dewy-flush-cherry-flush-12ml/
Glow Recipe Watermelon Glow Niacinamide Dewy Flush Serum (Dragon Fruit) 12ml,Glow Recipe,Treat,Face,40711,Teeka4,https://teeka4.com/shop/glow-recipe-watermelon-glow-niacinamide-dewy-flush-12ml/
Glossier You Eau de Parfum 50ml,Glossier You,Uncategorized,Face,124171,Teeka4,https://teeka4.com/shop/glossier-you-eau-de-parfum-50ml/
Glow Recipe Watermelon Niacinamide Dewy Flush (Cherry Flush) 12ml,Glow Recipe,Treat,Face,40711,Teeka4,https://teeka4.com/shop/glow-recipe-watermelon-niacinamide-dewy-flush-berry-flush-12ml/
Kayali Yum Pistachio Gelato | 33 Perfume 10ml,Kayali,Uncategorized,Face,59894,Teeka4,https://teeka4.com/shop/kayali-yum-pistachio-gelato-33-perfume-10ml/
Medik8 Crystal Retinal 3 30ml,Medik8,Uncategorized,Face,92389,Teeka4,https://teeka4.com/shop/medik8-crystal-retinal-3-30ml/
Medik8 Crystal Retinal Ceramide Eye 3 15ml,Medik8,Moisturize,Eye Care,76319,Teeka4,https://teeka4.com/shop/medik8-crystal-retinal-ceramide-eye-3-15ml/
Kayali Eden Juicy Apple 01 Perfume 50ml,Kayali,Uncategorized,Face,139475,Teeka4,https://teeka4.com/shop/kayali-eden-juicy-apple-01-perfume-50ml/
Kayali Vanilla 28 Perfume 50ml,Kayali,Uncategorized,Face,139475,Teeka4,https://teeka4.com/shop/kayali-vanilla-perfume-28-50ml/
Kayali Lovefest Burning Cherry 48 Perfume 50ml,Kayali,Uncategorized,Face,139475,Teeka4,https://teeka4.com/shop/kayali-lovefest-burning-cherry-48-50ml/
Kayali Yum Pistachio Gelato 33 Perfume 50ml,Kayali,Uncategorized,Face,139475,Teeka4,https://teeka4.com/shop/kayali-yum-pistachio-gelato-33-50ml/
Medik8 C-Tetra Lipid Vitamin C Radiance Serum 30ml,Medik8,Treat,Lip Care,80911,Teeka4,https://teeka4.com/shop/medik8-c-tetra-lipid-vitamin-c-radiance-serum-30ml/
Medik8 Press & Glow Daily Exfoliating PHA Toner 200ml,Medik8,Treat,Face,64076,Teeka4,https://teeka4.com/shop/medik8-press-glow-daily-exfoliating-pha-toner-200ml/
Glow Recipe Watermelon Glow Niacinamide Dewy Flush Serum (Watermelon Flush) 12ml,Glow Recipe,Treat,Face,40711,Teeka4,https://teeka4.com/shop/glow-recipe-watermelon-glow-niacinamide-dewy-flush-40ml/
Medik8 Advance Night Restore 50ml,Medik8,Uncategorized,Face,103867,Teeka4,https://teeka4.com/shop/medik8-advance-night-restore-50ml/
Drunk Elephant TLC Sukari Babyfacial Soin Lissant Visage 50ml,Drunk Elephant,Treat,Face,107000,Teeka4,https://teeka4.com/shop/drunk-elephant-tlc-sukari-babyfacial-soin-lissant-visage-50ml/
Glow Recipe Watermelon Glow PHA + BHA Niacinamide Pore Tight Toner 40ml,Glow Recipe,Treat,Face,28468,Teeka4,https://teeka4.com/shop/glow-recipe-watermelon-glow-pha-bha-niacinamide-pore-tight-toner-40ml/
Glow Recipe Watermelon Glow Niacinamide Dew Drops Serum 40ml,Glow Recipe,Treat,Face,56015,Teeka4,https://teeka4.com/shop/glow-recipe-watermelon-glow-niacinamide-due-drops-serum-40ml/
Glow Recipe Watermelon Glow Niacinamide Hue Drops Serum (Sun Glow) 40ml,Glow Recipe,Treat,Face,52955,Teeka4,https://teeka4.com/shop/glow-recipe-watermelon-glow-niacinamide-hue-drops-serum-40ml/
Garnier Ambre Solaire SPF50 Super UV Niacinamide Anti-Imperfections Fluid 40ml,Garnier,Protect,Face,19500,Teeka4,https://teeka4.com/shop/garnier-ambre-solaire-spf50-super-uv-niacinamide-anti-imperfections-fluid-40ml/
Garnier Skin Active AHA+BHA Charcoal Anti-Blemish Serum 30ml,Garnier,Treat,Face,23000,Teeka4,https://teeka4.com/shop/garnier-skin-active-ahabha-charcoal-anti-blemish-serum-30ml/
Garnier Vitamin E Moisturizing Body Cream 380ml,Garnier,Moisturize,Body,16000,Teeka4,https://teeka4.com/shop/garnier-vitamin-e-moisturizing-body-cream-380ml/
Carbon Theory Anti-Breakout Dose Grinding Cleansing Balm 36g,Carbon Theory,Cleanse,Lip Care,13500,Teeka4,https://teeka4.com/shop/carbon-theory-anti-breakout-dose-grinding-cleansing-balm-36g/
Garnier Amber Solaire Anti-Age Super UV SPF50 with Hyaluronic Acid Protection Cream 50ml,Garnier,Protect,Face,20600,Teeka4,https://teeka4.com/shop/garnier-amber-solaire-anti-age-super-uv-spf50-with-hyaluronic-acid-protection-cream-50ml/
Carbon Theory Barrier Dose Grinding Cleansing Balm 36g,Carbon Theory,Cleanse,Lip Care,13500,Teeka4,https://teeka4.com/shop/carbon-theory-barrier-dose-grinding-cleansing-balm-36g/
Garnier Salicylic Fresh & Matte Hydrating Sorbet Cream 85ml,Garnier,Moisturize,Face,11000,Teeka4,https://teeka4.com/shop/garnier-salicylic-fresh-matte-hydrating-sorbet-cream-85ml/
Garnier Skin Active Hyaluronic Aloe Replumping Super Serum 30ml,Garnier,Treat,Face,23000,Teeka4,https://teeka4.com/shop/garnier-skin-active-hyaluronic-aloe-replumping-super-serum-30ml/
Garnier Hyaluron Barrier Protect Body Cream 380ml,Garnier,Moisturize,Body,16000,Teeka4,https://teeka4.com/shop/garnier-hyaluron-barrier-protect-body-cream-380ml/
Garnier Vitamin C Brightening Over Make-Up UV Mist 75ml,Garnier,Protect,Face,17000,Teeka4,https://teeka4.com/shop/garnier-vitamin-c-brightening-over-make-up-uv-mist-75ml/
Garnier Ceramide Nourishing Body Butter 380ml,Garnier,Moisturize,Body,16000,Teeka4,https://teeka4.com/shop/garnier-ceramide-nourishing-body-butter-380ml/
Garnier Amber Solaire Super UV Vitamin C Anti-Dark Spots Fluid SPF-50+ 40ml,Garnier,Protect,Face,19500,Teeka4,https://teeka4.com/shop/garnier-amber-solaire-super-uv-vitamin-c-anti-dark-spots-fluid-spf-50-40ml/
Garnier Pure Active AHA+BHA Charcoal Daily Mattifying Air Cream 3 in 1 50ml,Garnier,Treat,Face,17250,Teeka4,https://teeka4.com/shop/garnier-pure-active-ahabha-charcoal-daily-mattifying-air-cream-3-in-1-50ml/
Carbon Theory Supa-Sheets XL Face cleansing Towel,Carbon Theory,Cleanse,Face,13000,Teeka4,https://teeka4.com/shop/carbon-theory-supa-sheets-xl-face-cleansing-towel/
Texture + Glow Reset,Ordinary,Uncategorized,Face,43000,Teeka4,https://teeka4.com/shop/texture-glow-reset/
Beginner Retinol Set,Ordinary,Treat,Face,56388,Teeka4,https://teeka4.com/shop/beginner-retinol-set/
Barrier Repair Set,Ordinary,Uncategorized,Face,54387,Teeka4,https://teeka4.com/shop/barrier-repair-set/
At-Home Facial Set,Ordinary,Uncategorized,Face,60999,Teeka4,https://teeka4.com/shop/at-home-facial-set/
Garnier Salicylic Skin Perfecting Liquid Care 120ml,Garnier,Uncategorized,Face,16000,Teeka4,https://teeka4.com/shop/garnier-salicylic-skin-perfecting-liquid-care-120ml/
Garnier Hyaluron Barrier Repair Liquid Care 120ml,Garnier,Uncategorized,Face,16000,Teeka4,https://teeka4.com/shop/garnier-hyaluron-barrier-repair-liquid-care-120ml/
Dieux Instant Angel Lipid Rich Facial Moisturizer (Fragrance Free) 50ml,Dieux,Moisturize,Lip Care,76985,Teeka4,https://teeka4.com/shop/dieux-instant-angel-lipid-rich-facial-moisturizer-fragrance-free-50ml/
Eucerin Dermo Purifyer Oil Control Adjunctive Soothing cream 50ml,Eucerin,Moisturize,Face,23600,Teeka4,https://teeka4.com/shop/eucerin-dermo-purifyer-oil-control-adjunctive-soothing-cream-50ml/
Eucerin Dermo Purifyer Oil Control Skin Renewal Treatment 40ml,Eucerin,Treat,Face,19999,Teeka4,https://teeka4.com/shop/eucerin-dermo-purifyer-oil-control-40ml/
Sol De Janeiro Bom Dia Bright Body Cream 75ml,Sol de Janeiro,Moisturize,Body,40605,Teeka4,https://teeka4.com/shop/bom-dia-bright-body-cream-75ml-2/
Byoma Moisturising Gel Cream 50ml,Byoma,Moisturize,Face,24999,Teeka4,https://teeka4.com/shop/byoma-moisturising-gel-cream-50ml/
Byoma Brightening Body Wash 400ml,Byoma,Cleanse,Body,27200,Teeka4,https://teeka4.com/shop/byoma-brightening-body-wash-400ml/
The Inkey List Niacinamide Serum 30ml,The Inkey list,Treat,Face,15800,Teeka4,https://teeka4.com/shop/the-inkey-list-niacinamide-serum-30ml-2/
Sol del Janeiro Beija Flor Elasti-Cream 75ml,Sol de Janeiro,Moisturize,Face,40605,Teeka4,https://teeka4.com/shop/sol-del-janeiro-beija-flor-elasti-cream-75ml/
Drunk Elephant Protini polypeptide Cream 50ml,Drunk Elephant,Treat,Face,90300,Teeka4,https://teeka4.com/shop/drunk-elephant-protini-polypeptide-cream-50ml/
Byoma Hydrating Serum 30ml/1.01fl oz,Byoma,Treat,Face,24999,Teeka4,https://teeka4.com/shop/byoma-hydrating-serum-30ml-1-01fl-oz/
Drunk Elephant B-Hydra Intensive Serum 50ml,Drunk Elephant,Treat,Face,73700,Teeka4,https://teeka4.com/shop/drunk-elephant-b-hydra-intensive-serum-50ml/
Vaseline BlueSeal Vitamin E Nourishing Skin Jelly 250ml,Vaseline,Uncategorized,Face,5400,Teeka4,https://teeka4.com/shop/vaseline-blueseal-vitamin-e-nourishing-skin-jelly-250ml/
Fenty Skin Hydra Vizor Mineral SPF 30 Moisturizer,Fenty Skin,Protect,Face,61000,Teeka4,https://teeka4.com/shop/fenty-skin-hydra-vizor-mineral-spf-30-moisturizer/
The Inkey List Glycolic Acid Exfoliating Body Stick 45g,The Inkey list,Treat,Body,25999,Teeka4,https://teeka4.com/shop/the-inkey-list-glycolic-acid-exfoliating-body-stick-45g/
Drunk Elephant D-Bronzi Anti Pollution Sunshine Drops Gouttes Soleil Antipollution 1FL 30ml,Drunk Elephant,Treat,Face,58600,Teeka4,https://teeka4.com/shop/drunk-elephant-d-bronzi-anti-pollution-sunshine-drops-gouttes-soleil-antipollution-1fl-30ml/
The Inkey List Polyglutamic Acid Dewy Sunscreen SPF30  30ml,The Inkey list,Protect,Face,27500,Teeka4,https://teeka4.com/shop/the-inkey-list-polyglutamic-acid-dewy-sunscreen-spf30-30ml/
Dr V Anita Rattan InZincable Invisible Mineral Broad Spectrum SPF50,DR V,Protect,Face,43500,Teeka4,https://teeka4.com/shop/dr-v-anita-rattan-inzincable-invisible-mineral-broad-spectrum-spf50/
Bath & Body Works Into The Night Fragrance Body Mist 236ml / 8fl oz,Bath & Body Works,Uncategorized,Body,28187,Teeka4,https://teeka4.com/shop/bath-body-works-into-the-night-fragrance-body-mist-236ml-8fl-oz/
Phlur Missing Person Perfume50ml,Phlur,Uncategorized,Face,141263,Teeka4,https://teeka4.com/shop/phlur-missing-person-100ml/
Drunk Elephant C-Firma Fresh Day Serum,Drunk Elephant,Treat,Face,110300,Teeka4,https://teeka4.com/shop/drunk-elephant-c-firma-fresh-day-serum/
Sol de Janeiro Brazilian Bum Bum Cream 240ml,Sol de Janeiro,Moisturize,Face,66930,Teeka4,https://teeka4.com/shop/sol-de-janeiro-brazilian-bum-bum-cream-240ml/
Sol DE Janeiro Cheirosa 71 Perfume Mist 90ml,Sol de Janeiro,Uncategorized,Face,41580,Teeka4,https://teeka4.com/shop/sol-de-janeiro-cheirosa-71-perfume-mist/
Sol de Janeiro Brazilian Play Body Wash 385ml,Sol de Janeiro,Cleanse,Body,43401,Teeka4,https://teeka4.com/shop/sol-de-janeiro-brazilian-play-body-wash-385ml/
Victoria’s Secret Bare Vanilla Vacation Body Mist 250ml / 8.4 fl oz,Victoria's Secret,Uncategorized,Body,14477,Teeka4,https://teeka4.com/shop/victorias-secret-bare-vanilla-vacation-250ml-8-4-fl-oz/
Naturium Vitamin C Complex Serum 1fl oz / 30ml,Naturium,Treat,Face,35913,Teeka4,https://teeka4.com/shop/naturium-vitamin-c-complex-serum-1fl-oz-30ml/
Paula’s Choice Clinical 1% Retinol Treatment 30ml 1 FL OZ,Generic/Unlisted,Treat,Face,109000,Teeka4,https://teeka4.com/shop/paulas-choice-clinical-1-retinol-treatment-30ml-1-fl-oz/
Naturium Barrier Bounce Serum 1.7fl/ 50ml,Naturium,Treat,Face,37859,Teeka4,https://teeka4.com/shop/naturium-barrier-bounce-serum-1-7fl-50ml/
Bath & Body Works Champagne Toast Body Cream 8 OZ / 226g,Bath & Body Works,Moisturize,Body,22739,Teeka4,https://teeka4.com/shop/bath-body-works-champagne-toast-body-cream-8-oz-226g/
Dr V Anita Rattan Vitamin C Glow Serum 50ml,DR V,Treat,Face,72300,Teeka4,https://teeka4.com/shop/dr-v-anita-rattan-vitamin-c-glow-serum/
Vaseline Sun Lit Glow Champagne Shimmer Body Gel Oil 6.8fl oz/200ml,Vaseline,Moisturize,Body,15266,Teeka4,https://teeka4.com/shop/vaseline-sun-lit-glow-champagne-shimmer-body-gel-oil-6-8fl-oz-200ml/
Vaseline Golden Hour Glow Bronze Shimmer Body Gel Oil 6.8fl oz/ 200ml,Vaseline,Moisturize,Body,15266,Teeka4,https://teeka4.com/shop/vaseline-golden-hour-glow-bronze-shimmer-body-gel-oil-6-8fl-oz-200ml/
Bath & Body Works A Thousand Wishes Fine Fragrance Mist 8fl oz/236ml,Bath & Body Works,Uncategorized,Body,26743,Teeka4,https://teeka4.com/shop/bath-body-works-a-thousand-wishes-fine-fragrance-mist-8fl-oz-236ml/
Bath & Body Works Into The Night Daily Nourishing 8 FL OZ 236ml,Bath & Body Works,Uncategorized,Body,19412,Teeka4,https://teeka4.com/shop/bath-body-works-into-the-night-daily-nourishing-8-fl-oz-236ml/
Byoma Brightening Body Lotion 400ml/13.52fl.oz,Byoma,Moisturize,Body,27200,Teeka4,https://teeka4.com/shop/byoma-brightening-body-lotion-400ml-13-52fl-oz/
Bath & Body Works Champagne Toast Body Mist 236ml,Bath & Body Works,Uncategorized,Body,23656,Teeka4,https://teeka4.com/shop/bath-body-works-champagne-toast-body-mist236ml/
Byoma Barrier+ Repair Treatment 50ml/1.69fl.oz,Byoma,Treat,Face,32670,Teeka4,https://teeka4.com/shop/byoma-barrier-repair-treatment-50ml-1-69fl-oz/
Sol de Janeiro Cheirosa 62 Perfume Mist 90ml,Sol de Janeiro,Uncategorized,Face,41580,Teeka4,https://teeka4.com/shop/sol-de-janeiro-cheirosa-62-perfume-mist-90ml/
(Single) Topicals Brightening Eye Masks 1piece,Topicals,Treat,Eye Care,6200,Teeka4,https://teeka4.com/shop/single-topicals-brightening-eye-masks-1piece/
Topicals Slick Salve Acai Lip Balm 15ml,Topicals,Moisturize,Lip Care,26400,Teeka4,https://teeka4.com/shop/topicals-slick-salve-acai-lip-balm-15ml/
Topicals Slick Salve Mint Lip Balm 15ml,Topicals,Moisturize,Lip Care,26400,Teeka4,https://teeka4.com/shop/topicals-slick-salve-mint-lip-balm-15ml/
Topicals Faded Brightening & Clearing Serum 30ml,Topicals,Treat,Face,46200,Teeka4,https://teeka4.com/shop/topicals-faded-brightening-clearing-serum-30ml/
Topicals Brightening Eye Masks (6 pairs),Topicals,Treat,Eye Care,36300,Teeka4,https://teeka4.com/shop/topicals-brightening-eye-masks-6-pairs/
Topicals Brightening & Cleansing Bar (2bars) 100g,Topicals,Cleanse,Face,46200,Teeka4,https://teeka4.com/shop/topicals-brightening-cleansing-bar-2bars-100g/
Neutrogena Oil-Free Acne Wash Pink Grapefruit Facial Cleanser 6 Fl. Oz / 177ml,Neutrogena,Cleanse,Face,16500,Teeka4,https://teeka4.com/shop/neutrogena-oil-free-acne-wash-pink-grapefruit-facial-cleanser-6-fl-oz-177ml/
Numbuzin No.5+ Glutathione Vitamin Concentrated Toner Pads 180ml,Numbuzin,Treat,Face,14700,Teeka4,https://teeka4.com/shop/numbuzin-no-5-glutathione-vitamin-concentrated-toner-pads-180ml/
EOS Shea Better Vanilla Cashmere Body Oil 6FL. OZ (177ml),Evolution of Smooth EOS,Moisturize,Body,21000,Teeka4,https://teeka4.com/shop/eos-shea-better-vanilla-cashmere-body-oil-6fl-oz-177ml/
Cos De BAHA – AN Arbutin Niacinamide Serum 30ml,Cos De Baha,Treat,Face,12500,Teeka4,https://teeka4.com/shop/cos-de-baha-an-arbutin-niacinamide-serum-30ml/
EOS Shea Better Coconut Waters Body Wash 16FL. OZ (473ml),Evolution of Smooth EOS,Cleanse,Body,18500,Teeka4,https://teeka4.com/shop/eos-shea-better-coconut-waters-body-wash-16fl-oz-473ml/
EOS Shea Better Fresh & Cozy Body Wash 16FL. OZ (473ml),Evolution of Smooth EOS,Cleanse,Body,18500,Teeka4,https://teeka4.com/shop/eos-shea-better-fresh-cozy-body-wash-16fl-oz-473ml/
EOS Shea Better Cashmere Pink Champagne Body Wash 16FL. OZ (473ml),Evolution of Smooth EOS,Cleanse,Body,18500,Teeka4,https://teeka4.com/shop/eos-shea-better-cashmere-pink-champagne-body-wash-16fl-oz-473ml/
EOS Shea Better Vanilla Cashmere Body Wash 16fl. OZ,Evolution of Smooth EOS,Cleanse,Body,18500,Teeka4,https://teeka4.com/shop/eos-shea-better-vanilla-cashmere-body-wash-16fl-oz/
Anua Zero-cast Moisturizing Finish Sunscreen 50ml,Anua,Protect,Face,14200,Teeka4,https://teeka4.com/shop/zero-cast-moisturizing-finish-sunscreen-50ml/
Medicube Kojic Acid Turmeric Night Wrapping Mask 75ml,Medicube,Treat,Face,17500,Teeka4,https://teeka4.com/shop/medicube-kojic-acid-turmeric-night-wrapping-mask-75ml/
SKIN1004 Madagascar Centella Light Cleansing Oil 200ml,Skin1004,Cleanse,Face,14400,Teeka4,https://teeka4.com/shop/skin-1004-madagascar-centella-light-cleansing-oil-200ml/
Medicube 5% TXA Niacinamide Capsule Cream 55g/1.94oz,Medicube,Treat,Face,19800,Teeka4,https://teeka4.com/shop/medicube-5-txa-niacinamide-capsule-cream-55g-1-94oz/
No.1 Numbuzin Clear Filter Sun Essence SPF 50+PA++++ 50ml,Numbuzin,Protect,Face,14200,Teeka4,https://teeka4.com/shop/no-1-numbuzin-clear-filter-sun-essence-spf-50pa-50ml/
Dr. Althea Gentle Vitamin C Serum 30ml,DR. ALTHEA,Treat,Face,14300,Teeka4,https://teeka4.com/shop/dr-althea-gentle-vitamin-c-serum-30ml/
Anua Niacinamide 5+ TXA Brightening Pad (60pads) 210ml,Anua,Treat,Face,16400,Teeka4,https://teeka4.com/shop/anua-niacinamide-5-txa-brightening-pad-60pads-210ml/
La Roche-Posay Lipikar Baume AP+M Triple-Action Balm 200ml,La Roche-Posay,Moisturize,Lip Care,18999,Teeka4,https://teeka4.com/shop/la-roche-posay-lipikar-apmax-triple-action-balm-200ml/
Olay Bump Erasing Exfoliating with AHA Serum Complex Body Wash 20 Fl / 591ml,Olay,Cleanse,Body,14500,Teeka4,https://teeka4.com/shop/olay-bump-erasing-exfoliating-with-aha-serum-complex-body-wash-20-fl-591ml/
Hatomugi Bright Up Moisturizing & Conditioning Body Milk 400ml,Hatomugi,Uncategorized,Body,7500,Teeka4,https://teeka4.com/shop/hatomugi-moisturizing-conditioning-bright-up-body-milk-400ml/
Hatomugi Bright up Facial Foam 170g/6oz,Hatomugi,Cleanse,Face,4700,Teeka4,https://teeka4.com/shop/hatomugi-bright-up-facial-foam-170g-6oz/
Hatomugi Moisturizing & Facial Foam 170g,Hatomugi,Cleanse,Face,4500,Teeka4,https://teeka4.com/shop/hatomugi-moisturizing-facial-foam-170g/
La Roche-Posay Lipikar Lait Urea 10% Lotion 200ml,La Roche-Posay,Moisturize,Lip Care,24500,Teeka4,https://teeka4.com/shop/la-roche-posay-lipikar-lait-urea-10-lotion-200ml/
Cerave SA Renewing Foot Cream 3fl oz/88ml,CeraVe,Moisturize,Body,11400,Teeka4,https://teeka4.com/shop/cerave-sa-renewing-foot-cream-3fl-oz-88ml/
T-Natural Spot Patch 30EA,T - Natural,Treat,Face,3800,Teeka4,https://teeka4.com/shop/t-natural-spot-patch-30ea/
Balance Active Formula SPF 50 Ceramides Barrier Fluid Protect 50ml,Balance active,Protect,Face,14500,Teeka4,https://teeka4.com/shop/balance-active-formula-spf-50-ceramides-barrier-fluid-protect-50ml/
Creightons Pink Grapefruit Refreshing FaceWash 150ml,CREIGHTONS,Cleanse,Face,6000,Teeka4,https://teeka4.com/shop/creightons-pink-grapefruit-refreshing-facewash-150ml/
Uncover I Am Radiant Baobab Glow C Serum 30ml,Uncover,Treat,Face,25000,Teeka4,https://teeka4.com/shop/uncover-i-am-radiant-baobab-glow-c-serum-30ml-2/
Boots Vitamin C Cleansing Body Scrub 200ml,Boots,Cleanse,Body,15000,Teeka4,https://teeka4.com/shop/boots-vitamin-c-cleansing-body-scrub-200ml/
Q+A Cica Calming Overnight Mask 50g,Q+A,Treat,Face,14000,Teeka4,https://teeka4.com/shop/qa-cica-calming-overnight-mask-50g/
Koji White Kojic Acid Skin Brightening Body Lotion 500ml,Koji White,Treat,Body,25000,Teeka4,https://teeka4.com/shop/koji-white-kojic-acid-skin-brightening-body-lotion-500ml/
La Roche Thermal Spring Water 150ml,La Roche-Posay,Uncategorized,Face,12999,Teeka4,https://teeka4.com/shop/la-roche-thermal-spring-water-150ml/
JUMISO D-Panthenol Barrier Soothing Serum 70ml,Jumiso,Treat,Face,13500,Teeka4,https://teeka4.com/shop/jumiso-d-panthenol-barrier-soothing-serum-70ml/
Topicrem Ultra Hydratant Gentle Scrub 200ml,Topicrem,Cleanse,Lip Care,20500,Teeka4,https://teeka4.com/shop/topicrem-ultra-hydratant-gentle-scrub-200ml/
By Wishtrend Mandelic Acid Gentle Exfoliating Toner 150ml,Wishtrend,Treat,Face,12500,Teeka4,https://teeka4.com/shop/by-wishtrend-mandelic-acid-gentle-exfoliating-toner-150ml/
Anua 100+ PDRN Hyaluronic Acid Capsule 100 Serum 30ml,Anua,Treat,Face,19500,Teeka4,https://teeka4.com/shop/anua-100-pdrn-hyaluronic-acid-capsule-100-serum-30ml/
Jumiso Niacinamide 20 Serum 40ml,Jumiso,Treat,Face,14300,Teeka4,https://teeka4.com/shop/jumiso-niacinamide-20-serum-40ml/
Cerave Acne Clay to Foam Cleanser 118ml,CeraVe,Cleanse,Face,22300,Teeka4,https://teeka4.com/shop/cerave-acne-clay-to-foam-cleanser-118ml/
Cerave Acne Foaming Cream Wash 10% Benzoyl Peroxide Acne Treatment 5fl/150ml,CeraVe,Cleanse,Face,24500,Teeka4,https://teeka4.com/shop/cerave-acne-foaming-cream-wash-10-benzoyl-peroxide-acne-treatment-5fl-150ml/
Cerave Balancing Air Foam Cleanser 8fl/237ml,CeraVe,Cleanse,Face,22800,Teeka4,https://teeka4.com/shop/cerave-balancing-air-foam-cleanser-8fl-237ml/
Neutrogena Oil-Free Acne Moisturizer Pink Grapefruit 4fl. oz/118ml,Neutrogena,Moisturize,Face,18500,Teeka4,https://teeka4.com/shop/neutrogena-oil-free-acne-moisturizer-pink-grapefruit-4fl-oz-118ml/
"Olay Dark Spot Correcting Body Lotion with AHA, Vitamin C & Niacinamide 17 Fl oz",Olay,Treat,Body,15200,Teeka4,https://teeka4.com/shop/olay-dark-spot-correcting-body-lotion-with-aha-vitamin-c-niacinamide-17-fl-oz/
Q+A AHA Exfoliator Body Lotion 250ml,Q+A,Treat,Body,13000,Teeka4,https://teeka4.com/shop/without-pack-qa-niacinamide-daily-toner-100ml/
Conscious Chemist 7 Ceramide Milky Toner 100ml | 7 Complex,Conscious Chemist,Treat,Face,6879,Teeka4,https://teeka4.com/shop/conscious-chemist-7-ceramide-milky-toner-100ml-7-complex/
Conscious Chemist Acne Clearing Flash Fix Face Cleanser 100ml,Conscious Chemist,Cleanse,Face,5750,Teeka4,https://teeka4.com/shop/conscious-chemist-acne-clearing-flash-fix-face-cleanser-100ml/
Conscious Chemist Skin Brightening Berry Bright Face Wash 100ml,Conscious Chemist,Cleanse,Face,5750,Teeka4,https://teeka4.com/shop/conscious-chemist-skin-brightening-berry-bright-face-wash-100ml/
Zapzyt Acne Treatment Gel 28g,Zapzyt,Treat,Face,10000,Teeka4,https://teeka4.com/shop/zapzyt-acne-treatment-gel-28g/
(Mini) Celimax Derma Nature Fresh Blackhead Jojoba Cleansing Oil 20ml,Celimax,Cleanse,Face,5000,Teeka4,https://teeka4.com/shop/mini-celimax-derma-nature-fresh-blackhead-jojoba-cleansing-oil-20ml/
T-Natural Care Spot Patch 72EA,T - Natural,Treat,Face,6000,Teeka4,https://teeka4.com/shop/t-natural-care-spot-patch/
Boots Vitamin C Advanced Brightening & Smoothing Body Serum 180ML,Boots,Treat,Body,15000,Teeka4,https://teeka4.com/shop/boots-vitamin-c-advanced-brightening-smoothing-body-serum-180ml/
Garnier Hyaluronic Aloe Daily Nourishing Cream 50ml,Garnier,Moisturize,Face,13000,Teeka4,https://teeka4.com/shop/garnier-hyaluronic-aloe-daily-nourishing-cream-50ml/
Boots Niacinamide Collagen Dewy Glow Shower Serum – 495ml,Boots,Treat,Body,15000,Teeka4,https://teeka4.com/shop/boots-niacinamide-collagen-dewy-glow-shower-serum-495m/
Garnier Vitamin C Daily UV Brightening Fluid Glow SPF50+​ 40ml,Garnier,Protect,Face,18750,Teeka4,https://teeka4.com/shop/garnier-vitamin-c-daily-uv-brightening-fluid-sheer-glow-spf50-40ml/
Garnier Vitamin C Daily UV Brightening Invisible Fluid SPF50,Garnier,Protect,Face,18750,Teeka4,https://teeka4.com/shop/garnier-vitamin-c-daily-uv-brightening-invisible-fluid-spf50/
Carbon Theory Niacinamide Facial Cleansing Bar 100g,Carbon Theory,Cleanse,Face,12500,Teeka4,https://teeka4.com/shop/carbon-theory-niacinamide-facial-cleansing-bar-100g/
Carbon Theory Vitamin C & Caffeine Facial Cleansing Bar 100g,Carbon Theory,Cleanse,Face,12500,Teeka4,https://teeka4.com/shop/carbon-theory-vitamin-c-caffeine-facial-cleansing-bar-100g/
Carbon Theory Niacinamide Facial Tonic 250ml,Carbon Theory,Treat,Face,18000,Teeka4,https://teeka4.com/shop/carbon-theory-niacinamide-facial-tonic-250ml/
Carbon Theory Anti-Breakout Facial Cleansing Bar 100g,Carbon Theory,Cleanse,Face,12500,Teeka4,https://teeka4.com/shop/carbon-theory-anti-breakout-facial-cleansing-bar-100g/
Carbon Theory 2% Salicylic Acid Facial Cleansing Bar 100g,Carbon Theory,Cleanse,Face,12500,Teeka4,https://teeka4.com/shop/carbon-theory-2-salicylic-acid-facial-cleansing-bar-100g/
Carbon Theory Salicylic Acid Facial Cleansing Gel 150ml,Carbon Theory,Cleanse,Face,12500,Teeka4,https://teeka4.com/shop/carbon-theory-salicylic-acid-facial-cleansing-gel-150ml/
EOS Shea Better Pomegranate Raspberry Body Lotion 16FL.OZ (473ml),Evolution of Smooth EOS,Moisturize,Body,18500,Teeka4,https://teeka4.com/shop/eos-shea-better-pomegranate-raspberry-body-lotion-16fl-oz-473ml-2/
Conscious Chemist +5 Antioxidant Complex Rapid Glow & Brightening Essence 50ml,Conscious Chemist,Treat,Face,10214,Teeka4,https://teeka4.com/shop/conscious-chemist-5-antioxidant-complex-rapid-glow-brightening-essence-50ml/
Conscious Chemist Berry Bright Water Resistant Soothing Calming Non-Greasy Sunscreen SPF50 PA++++ 50gm,Conscious Chemist,Protect,Face,6520,Teeka4,https://teeka4.com/shop/conscious-chemist-berry-bright-water-resistant-soothing-calming-non-greasy-sunscreen-spf50-pa-50gm/
Olay Renewing Exfoliating Cleanser with Retinol 150ml,Olay,Cleanse,Face,11500,Teeka4,https://teeka4.com/shop/olay-renewing-exfoliating-cleanser-150ml/
Zapzyt Acne Wash Cleanser 177g,Zapzyt,Cleanse,Face,10500,Teeka4,https://teeka4.com/shop/zapzyt-acne-wash-cleanser-177g/
Neutrogena Oil-Free Acne Wash Pink Grapefruit Facial Cleanser 269ml,Neutrogena,Cleanse,Face,17999,Teeka4,https://teeka4.com/shop/neutrogena-oil-free-acne-wash-pink-grapefruit-facial-cleanser-269ml/
FaceFacts Ceramide Oil Control Hydrating Toner 200ml,FACE FACTS,Treat,Face,5700,Teeka4,https://teeka4.com/shop/facefacts-ceramide-oil-control-hydrating-toner-200ml/
Tree Hut Tangerine Foaming Gel Wash 532ml,Tree Hut,Cleanse,Face,16000,Teeka4,https://teeka4.com/shop/tree-hut-tangerine-foaming-gel-wash-532ml/
Naturium -The Glow Getter Multi-Oil Body Wash 500ml,Naturium,Cleanse,Body,38999,Teeka4,https://teeka4.com/shop/naturium-the-glow-getter-multi-oil-body-wash-500ml/
Naturium -The Brightener Vitamin C Body Wash 500ml,Naturium,Cleanse,Body,38999,Teeka4,https://teeka4.com/shop/naturium-the-brightener-vitamin-c-brightening-body-wash-500ml/
(2- in-1Pack) EOS Vanilla Bean Organic Lip Balm Ogranic Lip Balm 4g,Evolution of Smooth EOS,Moisturize,Lip Care,10500,Teeka4,https://teeka4.com/shop/2-in-1pack-eos-vanilla-bean-organic-lip-balm-4g/
Amlactin Intensive Healing 15% AHA Cream 340g,Amlactin,Treat,Face,28000,Teeka4,https://teeka4.com/shop/amlactin-intensive-healing-cream-with-15-lactic-acid-aha-340g/
La Roche-Posay Effaclar Purifying Foaming Gel Refill 400ml,La Roche-Posay,Cleanse,Face,17500,Teeka4,https://teeka4.com/shop/la-roche-posay-effaclar-purifying-foaming-gel-refill-400ml/
Cerave Blemish Control Cleanser 473ml,CeraVe,Cleanse,Face,20000,Teeka4,https://teeka4.com/shop/cerave-blemish-control-cleanser-473ml/
Cerave Eye Repair Cream 14ml,CeraVe,Moisturize,Eye Care,15999,Teeka4,https://teeka4.com/shop/cerave-eye-repair-cream-14ml/
La Roche-Posay Effaclar Micro-Peeling Purifying Gel 200ml,La Roche-Posay,Treat,Face,16999,Teeka4,https://teeka4.com/shop/la-roche-effaclar-micro-peeling-purifying-gel-200ml/
Facefacts Ceramide Oil Control Foaming Cleanser – 200ml,FACE FACTS,Cleanse,Face,5950,Teeka4,https://teeka4.com/shop/facefacts-ceramide-oil-control-foaming-cleanser-200ml/
Hatomugi The Uv And Moisturizing Milky Gel Spf 50+ Pa++++ 250Ml,Hatomugi,Protect,Face,12000,Teeka4,https://teeka4.com/shop/hatomugi-the-uv-and-moisturizing-milky-gel-spf-50-pa-250ml/
Balance Active Formula 5% Vitamin C Brightening Serum – 60ml,Balance active,Treat,Face,15500,Teeka4,https://teeka4.com/shop/balance-active-formula-5-vitamin-c-brightening-serum-60ml/
Vaseline Healthy Bright Gluta-HYA Serum Burst Sunscreen SPF50 PA+++ Body Lotion 50ml,Vaseline,Protect,Body,8500,Teeka4,https://teeka4.com/shop/vaseline-healthy-bright-gluta-hya-serum-burst-sunscreen-spf50-pa-body-lotion-50ml/
Koji White 2% Kojic Dipalmitate + 3% Tranexamic Acid Face Serum 30ml,Koji White,Treat,Face,21500,Teeka4,https://teeka4.com/shop/koji-white-2-kojic-dipalmitate-3-tranexamic-acid-face-serum-30ml/
Vaseline UV Extra Brightening Gluta Ceramide Lotion 500ml,Vaseline,Protect,Face,11000,Teeka4,https://teeka4.com/shop/vaseline-uv-extra-brightening-gluta-ceramide-lotion-500ml/
SKIN1004 Madagascar Centella Tone Brightening Capsule Ampoule 50ml,Skin1004,Treat,Face,13000,Teeka4,https://teeka4.com/shop/skin-1004-madagascar-centella-tone-brightening-capsule-ampoule-50ml/
La Roche-Posay Lipikar Lait Urea 10% Body Lotion 400ml,La Roche-Posay,Moisturize,Body,30170,Teeka4,https://teeka4.com/shop/la-roche-posay-lipikar-lait-urea-10-body-lotion-400ml/
Cerave Oil Control Moisturising Gel-Cream for Oily Skin 1.75fl oz/52ml,CeraVe,Moisturize,Face,17300,Teeka4,https://teeka4.com/shop/cerave-oil-control-moisturising-gel-cream-for-oily-skin-1-75fl-oz-52ml/
Touch 10% Glycolic Acid Cleanser 6fl oz/177ml,Touch,Cleanse,Face,14340,Teeka4,https://teeka4.com/shop/touch-10-glycolic-acid-cleanser-6fl-oz-177ml/
Good Molecules Yuzu Blemish Gel Cream 30ml/1fl oz,Good Molecules,Moisturize,Face,10999,Teeka4,https://teeka4.com/shop/good-molecules-yuzu-blemish-gel-cream-30ml-1fl-oz/
Good Molecules Brightening and Dark Spots Bar 85g/3oz,Good Molecules,Uncategorized,Face,11500,Teeka4,https://teeka4.com/shop/good-molecules-brightening-and-dark-spots-bar-85g-3oz/
Good Molecules 5% Niacinamide Serum with Ectoin 30ml,Good Molecules,Treat,Face,11500,Teeka4,https://teeka4.com/shop/good-molecules-5-niacinamide-serum-with-ectoin-30ml/
Advanced Clinicals Brightening Vitamin C Cleanser 347ml,Advanced Clinicals,Cleanse,Face,13999,Teeka4,https://teeka4.com/shop/advanced-clinicals-brightening-vitamin-c-cleanser-347ml/
Medix Vitamin C & Niacinamide Body Wash 15FL OZ /( 444ml),Medix 5.5,Cleanse,Body,15500,Teeka4,https://teeka4.com/shop/medix-vitamin-c-niacinamide-body-wash-15fl-oz-444ml/
Medix Niacinamide + Shea Butter Body Cream 15FL OZ /( 444ml),Medix 5.5,Treat,Body,17500,Teeka4,https://teeka4.com/shop/medix-niacinamide-shea-butter-body-cream-15fl-oz-444ml/
(No Frangrance) Medix Retinol & Ferulic Acid Body Cream 444ml,Medix 5.5,Treat,Body,17500,Teeka4,https://teeka4.com/shop/no-frangrance-medix-retinol-ferulic-acid-no-frangrance-body-cream-444ml/
Vaseline Intensive Care Coconut Restore Body Oil 200ml / 6.8 Fl Oz,Vaseline,Moisturize,Body,9999,Teeka4,https://teeka4.com/shop/vaseline-intensive-care-coconut-restore-body-oil-200ml-6-8-fl-oz/
Skintivity Restore Eventone Physical Sunscreen SPF50 60ml,Skintivity,Protect,Face,9000,Teeka4,https://teeka4.com/shop/skintivity-restore-eventone-physical-sunscreen-spf50/
Skintivity Mineral Sunscreen Lotion SPF30 60ml,Skintivity,Protect,Face,8000,Teeka4,https://teeka4.com/shop/skintivity-mineral-sunscreen-lotion-spf30-normal-to-oily-skin-60ml/
La Roche- Posay Anthelios Invisible Spray Spf50+ Ultra Protection 200ml,La Roche-Posay,Protect,Face,29500,Teeka4,https://teeka4.com/shop/la-roche-posay-anthelios-invisible-spray-spf50/
Timeless Skin Care Coenzyme Q10 Serum 1fl oz (30ml),Timeless,Treat,Face,19500,Teeka4,https://teeka4.com/shop/timeless-coenzyme-q10-serum-1fl-oz-30ml/
Q+A Retinol Eye Cream 15ml,Q+A,Treat,Eye Care,14000,Teeka4,https://teeka4.com/shop/qa-retinol-eye-cream-15ml/
Boots Vitamin C Moisturising Cream 50ml,Boots,Treat,Face,13000,Teeka4,https://teeka4.com/shop/boots-vitamin-c-moisturising-cream-50ml/
Boots vitamin C Brightening Hand & Nail Serum 85ml,Boots,Treat,Body,11000,Teeka4,https://teeka4.com/shop/boots-vitamin-c-brightening-nail-serum-85/
Boots Vitamin C Brightening & Anti-ageing Body Serum 180ml,Boots,Treat,Body,15000,Teeka4,https://teeka4.com/shop/boots-vitamin-c-brightening-anti-ageing-body-serum-180ml/
Boots Vitamin C Brightenng & anti-aging shower serum 495ml,Boots,Treat,Body,15000,Teeka4,https://teeka4.com/shop/boots-vitamin-c-brightenng-anti-aging-shower-serum-495ml/
Eucerin Pigment Control Sun Fluid SPF50+ for Hyperpigmentation 50ml,Eucerin,Protect,Face,20200,Teeka4,https://teeka4.com/shop/eucerin-pigment-control-sun-fluid-spf50-for-hyperpigmentation-50ml/
Boots Vitamin C Brightening Intensive Serum 30ml,Boots,Treat,Face,17000,Teeka4,https://teeka4.com/shop/boots-vitamin-c-brightening-intensive-serum-30ml/
Dr Teal’s Shea Sugar Scrub with Prebiotic Lemon Balm 19 oz/538g,Dr Teal's,Cleanse,Lip Care,11300,Teeka4,https://teeka4.com/shop/dr-teals-shea-sugar-scrub-with-prebiotic-lemon-balm-19-oz-538g/
Advanced Clinicals Encapsulated Retinol Cream 2.5FL OZ (74ml),Advanced Clinicals,Treat,Face,13000,Teeka4,https://teeka4.com/shop/advanced-clinicals-encapsulated-retinol-cream-2-5fl-oz-74ml/
Advanced Clinicals Vitamin C Brightening Gel-Cream 74ml,Advanced Clinicals,Treat,Face,13500,Teeka4,https://teeka4.com/shop/advanced-clinicals-vitamin-c-face-gel-cream-59ml/
Advanced Clinicals 5% Niacinamide Serum 52ml,Advanced Clinicals,Treat,Face,12500,Teeka4,https://teeka4.com/shop/advanced-clinicals-5-niacinamide-serum-52ml/
Olay Tone Brightening Vitamin C Serum Body Wash 20oz (591ml),Olay,Cleanse,Body,15200,Teeka4,https://teeka4.com/shop/olay-tone-brightening-vitamin-c-serum-body-wash-20oz-591ml/
Dr. Althea 345 Relief Cream 50ml,DR. ALTHEA,Moisturize,Face,18000,Teeka4,https://teeka4.com/shop/dr-althea-345-relief-cream-50ml/
Dr. Althea 147 Barrier Cream 50ml,DR. ALTHEA,Moisturize,Face,18300,Teeka4,https://teeka4.com/shop/dr-althea-147-barrier-cream-50ml/
K-Secret SEOUL 1988 Retinal Serum: Retinal Liposome 2% + Black Ginseng 30ml,K-Secret,Treat,Lip Care,13700,Teeka4,https://teeka4.com/shop/k-secret-seoul-1988-retinal-serum-retinal-liposome-2-black-ginseng-30ml/
K-Secret SEOUL 1988 Eye Cream : Retinal Liposome 4% + Fermented Bean 30ml,K-Secret,Moisturize,Eye Care,13700,Teeka4,https://teeka4.com/shop/k-secret-seoul-1988-eye-cream-retinal-liposome-4-fermented-bean-30ml/
K-Secret SEOUL 1988 Cream : Retinal Liposome 1% + Fermented Rice 50ml,K-Secret,Moisturize,Lip Care,15999,Teeka4,https://teeka4.com/shop/k-secret-seoul-1988-cream-retinal-liposome-1-fermented-rice-50ml/
Anua Azelaic Acid 10+ Hyaluron Redness Soothing Serum 30ml,Anua,Treat,Face,16300,Teeka4,https://teeka4.com/shop/anua-azelaic-acid-10-hyaluron-redness-soothing-serum-30ml/
"Olay Super Serum Body Wash, for Normal Skin 18.5FL (547ml)",Olay,Cleanse,Body,20000,Teeka4,https://teeka4.com/shop/olay-super-serum-body-wash-for-normal-skin-18-5fl-547ml/
SKIN1004 Madagasca Centella Tea Trica B5 Cream 75ml,Skin1004,Moisturize,Face,14999,Teeka4,https://teeka4.com/shop/skin1004-madagasca-centella-tea-trica-b5-cream-75ml/
SKIN1004 Madagascar Centella Tone Brightening Capsule Ampoule 30ml,Skin1004,Treat,Face,10500,Teeka4,https://teeka4.com/shop/skin1004-madagascar-centella-tone-brightening-capsule-ampoule-30ml/
SKIN1004 Madagascar Centella Ampoule 100ml,Skin1004,Treat,Face,16900,Teeka4,https://teeka4.com/shop/skin1004-madagascar-centella-ampoule-100ml/
SKIN1004 Madagascar Centella Poremizing Quick Clay Stick Mask 27g,Skin1004,Treat,Face,15100,Teeka4,https://teeka4.com/shop/skin1004-madagascar-centella-poremizing-quick-clay-stick-mask-27g/
SKIN1004 Madagascar Centella Probio-Cica Bakuchiol Eye Cream 20ml,Skin1004,Moisturize,Eye Care,14300,Teeka4,https://teeka4.com/shop/skin1004-madagascar-centella-probio-cica-bakuchiol-eye-cream-20ml/
SKIN1004 Madagascar Centella Poremizing Light Gel Cream 75ml,Skin1004,Moisturize,Face,14500,Teeka4,https://teeka4.com/shop/skin1004-madagascar-centella-poremizing-light-gel-cream-75ml/
SKIN1004 Madagascar Centella Probio-Cica Enrich Cream 50ml,Skin1004,Moisturize,Face,16500,Teeka4,https://teeka4.com/shop/skin1004-madagascar-centella-probio-cica-enrich-cream-50ml/
SKIN1004 Madagascar Centella Probio-Cica Essence Toner 210ml,Skin1004,Treat,Face,14930,Teeka4,https://teeka4.com/shop/skin1004-madagascar-centella-probio-cica-essence-toner-210ml/
SKIN1004 Madagascar Centella Poremizing Fresh Ampoule 100ml,Skin1004,Treat,Face,13999,Teeka4,https://teeka4.com/shop/skin1004-madagascar-centella-poremizing-fresh-ampoule-100ml/
SKIN1004 Madagascar Centella Probio-Cica Intensive Ampoule 95ml,Skin1004,Treat,Face,19999,Teeka4,https://teeka4.com/shop/skin1004-madagascar-centella-probio-cica-intensive-ampoule-95ml/
(Mini) SKIN1004 Madagascar Centella Probio-Cica Intensive Ampoule 50ml,Skin1004,Treat,Face,14930,Teeka4,https://teeka4.com/shop/skin1004-madagascar-centella-probio-cica-intensive-ampoule-50ml/
SKIN1004 Madagascar Centella Tone Brightening Capsule Cream 75ml,Skin1004,Moisturize,Face,17500,Teeka4,https://teeka4.com/shop/madagascar-centella-tone-brightening-capsule-cream-75ml/
SKIN1004 Madagascar Centella HYALU-CICA Brightening Toner 210ml,Skin1004,Treat,Face,14700,Teeka4,https://teeka4.com/shop/skin1004-madagascar-centella-hyalu-cica-brightening-toner-210ml/
SKIN1004 Madagascar Centella Ampoule Foam 125ml,Skin1004,Cleanse,Face,12499,Teeka4,https://teeka4.com/shop/skin1004-madagascar-centella-ampoule-foam-125ml/
SKIN1004 Madagascar Centella Tea-Trica Relief Ampoule 100ml,Skin1004,Treat,Face,16999,Teeka4,https://teeka4.com/shop/skin1004-madagascar-centella-tea-trica-relief-ampoule-100ml/
SKIN1004 Madagascar Centella Tone Brightening Boosting Toner 210ml,Skin1004,Treat,Face,14500,Teeka4,https://teeka4.com/shop/skin1004-madagascar-centella-tone-brightening-boosting-toner-210ml/
SKIN1004 Madagascar Centella Toning Toner 210ml,Skin1004,Treat,Face,15000,Teeka4,https://teeka4.com/shop/skin1004-madagascar-centella-toning-toner-210ml/
SKIN1004 Madagascar Centella Tea-Trica Purifying Toner 210ml,Skin1004,Treat,Face,15999,Teeka4,https://teeka4.com/shop/skin1004-madagascar-centella-tea-trica-purifying-toner-210ml/
SKIN1004 Madagascar Centella Tea-Trica BHA Foam 125ml,Skin1004,Cleanse,Face,12500,Teeka4,https://teeka4.com/shop/skin1004-madagascar-centella-tea-trica-bha-foam-125ml/
SKIN1004 Madagascar Centella Tone Brightening Cleansing Gel Foam 125ml,Skin1004,Cleanse,Face,12000,Teeka4,https://teeka4.com/shop/skin-1004-madagascar-centella-tone-brightening-cleansing-gel-foam-125ml/
SKIN1004 Madagascar Centella Soothing Cream 75ML,Skin1004,Moisturize,Face,15500,Teeka4,https://teeka4.com/shop/skin-1004-madagascar-centella-soothing-cream-75ml/
Numbuzin No.5+ Glutathione Vitamin Dark Spot Cream 50ml,Numbuzin,Moisturize,Face,15400,Teeka4,https://teeka4.com/shop/numbuzin-no-5-vitamin-glutathione-dark-spot-laser-cream-50ml/
Numbuzin No.5+ Glutathione C Facial Spa Cleanser 200ml,Numbuzin,Cleanse,Face,14999,Teeka4,https://teeka4.com/shop/numbuzin-no-5-glutathione-c-facial-spa-cleanser-200ml/
Numbuzin No.1 Pure-Full Calming Herb Toner 300ml,Numbuzin,Treat,Face,22000,Teeka4,https://teeka4.com/shop/numbuzin-no-1-pure-full-calming-herb-toner-300ml/
Numbuzin – No.1 Pantothenic B5 Active Soothing Serum 50ml,Numbuzin,Treat,Face,16999,Teeka4,https://teeka4.com/shop/numbuzin-no-1-pantothenic-b5-active-soothing-serum-50ml/
Medicube AGE-R Booster Pro EX (Pink),Medicube,Uncategorized,Face,159376,Teeka4,https://teeka4.com/shop/medicube-age-r-booster-pro-ex-pink/
Medicube AGE-R Booster Pro EX (Black),Medicube,Uncategorized,Face,159376,Teeka4,https://teeka4.com/shop/medicube-age-r-booster-pro-ex-black/
Celimax Noni Ampoule Calming + Radiance 30ml,Celimax,Treat,Face,16110,Teeka4,https://teeka4.com/shop/celimax-noni-ampoule-calming-radiance-30ml/
Dr. Althea Vitamin C Boosting Serum 30ml,DR. ALTHEA,Treat,Face,14300,Teeka4,https://teeka4.com/shop/dr-althea-vitamin-c-boosting-serum-30ml/
Eucerin Even Pigment Perfector Dual Serum 30ml,Eucerin,Treat,Face,44500,Teeka4,https://teeka4.com/shop/eucerin-even-pigment-perfector-dual-serum-30ml/
Eucerin Even Pigment Perfector SPF30 Day Cream 50ml,Eucerin,Protect,Face,28800,Teeka4,https://teeka4.com/shop/eucerin-even-pigment-perfector-spf30-day-cream-50ml/
Eucerin Urea Repair 5% Urea Moisturizing Body Cream 450ml,Eucerin,Moisturize,Body,28250,Teeka4,https://teeka4.com/shop/eucerin-urea-repair-plus-5-urea-body-cream-450ml/
Eucerin DermoPurifyer Oil Control Tripple Effect Serum 40ml,Eucerin,Treat,Face,27999,Teeka4,https://teeka4.com/shop/eucerin-dermopurifyer-oil-control-tripple-effect-serum-30ml/
Eucerin Dermo purifyer Oil Control SPF30 50ml,Eucerin,Protect,Face,28250,Teeka4,https://teeka4.com/shop/eucerin-dermo-purifyer-oil-control-spf30-50ml/
Cetaphil Oily Skin Cleanser 500ml,Cetaphil,Cleanse,Face,18000,Teeka4,https://teeka4.com/shop/cetaphil-oily-skin-cleanser-500ml/
Cetaphil PRO Derma Control Foam Wash 236ml,Cetaphil,Cleanse,Face,19500,Teeka4,https://teeka4.com/shop/cetaphil-pro-derma-control-foam-wash-236ml/
Cetaphil Gentle Skin Cleanser 500ml,Cetaphil,Cleanse,Face,18000,Teeka4,https://teeka4.com/shop/cetaphil-gentle-skin-cleanser-500ml/
Cetaphil Moisturizing Lotion 250ml,Cetaphil,Moisturize,Face,13000,Teeka4,https://teeka4.com/shop/cetaphil-moisturizing-lotion-250ml/
Cetaphil Moisturizing cream 453g,Cetaphil,Moisturize,Face,18500,Teeka4,https://teeka4.com/shop/cetaphil-moisturizing-cream-453g/
(Mini) Bolden Brightening Toner 4.0fl oz / 118ml,Bolden,Treat,Face,15700,Teeka4,https://teeka4.com/shop/bolden-brightening-toner-4-0fl-oz-118ml/
Balance Active Formula 2% Salicylic Acid + Zinc Blemish Clearing Gel 40ml,Balance active,Treat,Face,9333,Teeka4,https://teeka4.com/shop/dove-visible-glow-self-tan-lotion-medium-dark-skin-400ml/
Conscious Chemist Cherry Bubblegum Hydrating Peptide Glossy Butter Lip Balm SPF15 (15gm),Conscious Chemist,Protect,Lip Care,7180,Teeka4,https://teeka4.com/shop/dove-sensitive-skin-fragrance-free-beauty-bar-106g-pack-of-2/
Dove Deeply Nourishing Body Wash 750ml,Dove,Cleanse,Body,8500,Teeka4,https://teeka4.com/shop/dove-deeply-nourishing-body-wash-0-sulfate-sles-microbiome-gentle-750ml/
Boots Lemon Bright Toning Water 100ml,Boots,Uncategorized,Face,5500,Teeka4,https://teeka4.com/shop/dove-gentle-scrub-body-wash-with-exfoliating-minerals-500ml/
Conscious Chemist Vanilla Creme Hydrating Peptide Glossy Butter Lip Balm SPF15 (15gm),Conscious Chemist,Protect,Lip Care,7180,Teeka4,https://teeka4.com/shop/dove-sensitive-micellar-water-body-wash-500ml-for-sensitive-skin/
Dove Exfoliating Body Scrub – Pomegranate Seeds & Shea Butter Scent 225ml,Dove,Cleanse,Body,11000,Teeka4,https://teeka4.com/shop/dove-exfoliating-body-polish-pomegranate-seeds-shea-butter-10-5-oz/
Dove Refreshing Body Wash With Cucumber And Green Tea scent 750ml,Dove,Cleanse,Body,8500,Teeka4,https://teeka4.com/shop/dove-refreshing-body-wash-with-cucumber-and-green-tea-750ml/
Dove Moisturising Facial Cleansing Mousse 160ml,Dove,Cleanse,Face,6000,Teeka4,https://teeka4.com/shop/dove-moisturising-facial-cleansing-mousse-160ml/
Dove Brightening Facial Cleansing Mousse 160ml,Dove,Cleanse,Face,6000,Teeka4,https://teeka4.com/shop/dove-brightening-facial-cleansing-mousse-160ml/
EOS Shea Better Coconut Waters Body Lotion 16FL. OZ (473ml),Evolution of Smooth EOS,Moisturize,Body,18200,Teeka4,https://teeka4.com/shop/eos-shea-better-coconut-waters-body-lotion-16fl-oz-473ml/
Dove Calming Body Wash with Pistachio & Magnolia 750ml,Dove,Cleanse,Body,8500,Teeka4,https://teeka4.com/shop/dove-calming-body-wash-with-pistachio-magnolia-750ml/
The Ordinary Salicylic Acid 0.5% Body Serum 240ml,The Ordinary,Treat,Body,31500,Teeka4,https://teeka4.com/shop/the-ordinary-salicylic-acid-0-5-body-serum-240ml/
The Ordinary Soothing & Barrier Support Serum 30ml,The Ordinary,Treat,Face,32000,Teeka4,https://teeka4.com/shop/the-ordinary-soothing-barrier-support-serum-30ml/
The Ordinary Niacinamide 5% Face and Body Emulsion 100ml,The Ordinary,Treat,Body,25000,Teeka4,https://teeka4.com/shop/the-ordinary-niacinamide-5-face-and-body-emulsion-100ml/
Nivea Men Deep Clean Shower Gel 500ml.,Nivea,Uncategorized,Body,6900,Teeka4,https://teeka4.com/shop/nivea-men-deep-clean-shower-gel-500ml/
Koji White Kojic Acid Bump & Body Scrub Soap – 2 Bars (5.64 oz. 160g),Koji White,Cleanse,Body,12000,Teeka4,https://teeka4.com/shop/koji-white-kojic-acid-bump-eraser-body-scrub-soap-2-bars-5-64-oz-160g/
Koji White – Kojic Acid Skin Brightening Face Wash – 1 Tube -2.54fl oz 75g.,Koji White,Cleanse,Face,13500,Teeka4,https://teeka4.com/shop/koji-white-kojic-acid-skin-brightening-face-wash-1-tube-2-54fl-oz-75g/
Koji White Kojic Acid Skin Brightening Body Wash 10.82fl oz (320ml),Koji White,Cleanse,Body,15500,Teeka4,https://teeka4.com/shop/koji-white-kojic-acid-skin-brightening-body-wash-daily-moisturizing-skin-cleanser-uneven-skin-tone-with-flower-acid-extracts-hyaluronic-acid-vitamin-e-b5-vegan-body-wash-10-82-fl-oz/
Koji White Kojic Acid Skin Brightening Body Lotion 250ml,Koji White,Treat,Body,15500,Teeka4,https://teeka4.com/shop/koji-white-kojic-acid-skin-brightening-body-lotion-250ml/
"Koji White African Black Soap Bar 5.64oz, 2 Bars / 160g",Koji White,Cleanse,Face,11500,Teeka4,https://teeka4.com/shop/koji-white-african-black-soap-bar-5-64oz-2-bars-160g/
Koji White Dark Spot Brightening Serum 30ml,Koji White,Treat,Face,18500,Teeka4,https://teeka4.com/shop/koji-white-dark-spot-brightening-serum-30ml/
Koji White Bright Booster Underarm Serum 30ml/1.0 fl oz,Koji White,Treat,Body,16500,Teeka4,https://teeka4.com/shop/koji-white-bright-booster-underarm-serum-30ml-1-0-fl-oz/
Koji White Kojic Acid Skin Brightening Soap 5.64oz (160g) 2 Bars,Koji White,Cleanse,Face,11500,Teeka4,https://teeka4.com/shop/koji-white-acid-skin-brightening-soap-2-82-oz/
Koji White Kojic Acid And Collagen Skin Brightening Soap 2.82 Oz,Koji White,Cleanse,Face,11500,Teeka4,https://teeka4.com/shop/koji-white-kojic-acid-collagen-skin-brightening-soap-2-82-oz/
Koji White Kojic Acid & Vitamin C Skin Brightening Soap 5.64oz (160g) 2Bar,Koji White,Cleanse,Face,11000,Teeka4,https://teeka4.com/shop/koji-white-kojic-acid-vitamin-c-skin-brightening-soap-2-82-oz/
Koji White Kojic Acid And Papaya Skin Brightening Soap 2 Piece,Koji White,Cleanse,Face,11000,Teeka4,https://teeka4.com/shop/koji-white-kojic-acid-papaya-skin-brightening-soap-1-piece/
Koji White Kojic Acid Papaya Skin Brightening Body Lotion 8.45Fl 1Piece,Koji White,Treat,Body,15500,Teeka4,https://teeka4.com/shop/koji-white-kojic-acid-papaya-skin-brightening-body-lotion-8-45fl-1piece/
Advanced Clinicals Vitamin C + Hyaluronic Brightening Cream 15fl /444ml,Advanced Clinicals,Treat,Face,16000,Teeka4,https://teeka4.com/shop/advanced-clinicals-vitamin-c-hyaluronic-brightening-cream-15fl-444ml/
Advanced clinicals Vitamin C + Tumeric Brightening Body Cream 15 oz /425g,Advanced Clinicals,Treat,Body,16000,Teeka4,https://teeka4.com/shop/advanced-clinicals-vitamin-c-tumeric-brightening-face-and-body-cream-15fl-oz-444ml/
Advanced Clinicals 10% Glycolic + Lactic Acid Exfoliating Cream 16oz / 454g,Advanced Clinicals,Treat,Face,16000,Teeka4,https://teeka4.com/shop/advanced-clinicals-10-glycolic-lactic-acid-exfoliating-cream-16oz-454g/
Advanced clinicals Vitamin C Brightening Body Oil 112ml,Advanced Clinicals,Treat,Body,14999,Teeka4,https://teeka4.com/shop/advanced-clinicals-vitamin-c-brightening-body-oil-112ml/
Q+A Vitamin C Radiance Face Cream 50ml,Q+A,Treat,Face,14000,Teeka4,https://teeka4.com/shop/qa-vitamin-c-radiance-face-cream-50ml/
Garnier Vitamin C Nutri – Glow Body Cream 380ml,Garnier,Treat,Body,16000,Teeka4,https://teeka4.com/shop/garnier-vitamin-c-body-superfood-48h-nutri-glow-cream-380ml/
Boots Vitamin C Brightening Shower Serum 495ml,Boots,Treat,Body,15000,Teeka4,https://teeka4.com/shop/boots-vitamin-c-brightening-shower-serum-495ml/
Facefacts Ceramide Blemish Gel Moisturiser 50ml,FACE FACTS,Moisturize,Face,3600,Teeka4,https://teeka4.com/shop/facefacts-ceramide-blemish-gel-moisturiser-50ml/
Conscious Chemist Moisture Melt Multi-oil Nourishing Body Wash 300ml,Conscious Chemist,Cleanse,Body,7814,Teeka4,https://teeka4.com/shop/conscious-chemist-moisture-melt-multi-oil-nourishing-body-wash-300ml/
Touch Bright And Clear Cream 2oz,Touch,Moisturize,Face,23000,Teeka4,https://teeka4.com/shop/touch-bright-and-clear-cream-2oz/
Skin Aqua Uv Super Moisture Gel Pump SPF 50+ PA++++ [140G],skin aqua,Protect,Face,13000,Teeka4,https://teeka4.com/shop/skin-aqua-uv-super-moisture-gel-pump-spf-50-pa-140g/
Anua Retinol 0.3%+Niacin Renewing Serum,Anua,Treat,Face,19500,Teeka4,https://teeka4.com/shop/anua-retinol-0-3niacin-renewing-serum/
Anua Rice Enzyme Brightening Cleansing Powder 40g,Anua,Other,Makeup,14200,Teeka4,https://teeka4.com/shop/anua-rice-enzyme-brightening-cleansing-powder-40g/
Anua 7+ Rice Ceramide Hydrating Barrier Serum 50ml,Anua,Treat,Face,16300,Teeka4,https://teeka4.com/shop/anua-7-rice-ceramide-hydrating-barrier-serum-50ml/
Anua Peach 77+ Niacin Essence Toner 250ml,Anua,Treat,Face,15800,Teeka4,https://teeka4.com/shop/anua-peach-77-niacin-essence-toner-250ml/
Anua Heartleaf Quercetinol Pore Deep Cleansing Foam 150mL,Anua,Cleanse,Face,11999,Teeka4,https://teeka4.com/shop/anua-heartleaf-quercetinol-pore-deep-cleansing-foam-150ml/
Anua Rice 70+ Ceramide Glow Milky Toner 250ml,Anua,Treat,Face,15899,Teeka4,https://teeka4.com/shop/anua-rice-70-ceramide-glow-milky-toner-250ml/
Anua Heartleaf Pore Control Cleansing Oil Mild 200ml,Anua,Cleanse,Face,15300,Teeka4,https://teeka4.com/shop/anua-heartleaf-pore-cleansing-oil-mild-200ml/
PanOxyl Clarifying Exfoliant 2% Salicylic Acid 118ml,Panoxyl,Treat,Face,16000,Teeka4,https://teeka4.com/shop/panoxyl-clarifying-exfoliant-2-salicylic-acid-118ml/
PanOxyl Oil Control Moisturizer SPF30 48g,Panoxyl,Protect,Face,16000,Teeka4,https://teeka4.com/shop/panoxyl-oil-control-moisturizer-spf-30-48g/
PanOxyl PM Balancing Repair Moisturizer 85g,Panoxyl,Moisturize,Face,16000,Teeka4,https://teeka4.com/shop/panoxyl-balancing-repair-moisturizer/
PanOxyl Acne Treatment Bar 10% Benzoyl Peroxide 113g,Panoxyl,Treat,Face,14500,Teeka4,https://teeka4.com/shop/panoxyl-acne-treatment-bar-10-benzoyl-peroxide/
TIRTIR Milk Skin Toner 150ml,TIRTIR,Treat,Face,17800,Teeka4,https://teeka4.com/shop/tirtir-milk-skin-toner-150ml/
Jumiso Pore Clearing Cleansing Oil 200ml,Jumiso,Cleanse,Face,13999,Teeka4,https://teeka4.com/shop/jumiso-pore-clearing-cleansing-oil-200ml/
Beauty of Joseon Revive Eye Serum 30ml,Beauty of Joseon,Treat,Eye Care,12999,Teeka4,https://teeka4.com/shop/beauty-of-joseon-revive-eye-serum-30ml/
Haruharu Wonder Black Rice Moisture Deep Cleansing Oil Unscented 150ml,Haruharu Wonder,Cleanse,Face,12500,Teeka4,https://teeka4.com/shop/haruharu-wonder-black-rice-moisture-deep-cleansing-oil-150ml/
Medicube  Collagen Night Wrapping Mask 75ml,Medicube,Treat,Face,17600,Teeka4,https://teeka4.com/shop/medicube-collagen-night-wrapping-mask-75ml/
VT- Reedle Shot 100,VT Cosmetics,Uncategorized,Face,15000,Teeka4,https://teeka4.com/shop/vt-reedle-shot-100/
Beauty Of Joseon Ginseng Cleansing Oil 210ml,Beauty of Joseon,Cleanse,Face,14500,Teeka4,https://teeka4.com/shop/beauty-of-joseon-ginseng-cleansing-oil-210ml/
Numbuzin No.5+ Glutathione Vitamin Concentrated Toner 200ml,Numbuzin,Treat,Face,15300,Teeka4,https://teeka4.com/shop/numbuzin-no-5-vitamin-boosting-essential-toner-200ml/
Numbuzin No. 5+ Vitamin-Niacinamide Concentrated Pad,Numbuzin,Treat,Face,16000,Teeka4,https://teeka4.com/shop/numbuzin-no-5-vitamin-niacinamide-concentrated-pad/
Beauty of Joseon Glow Replenishing Rice Milk 150ml,Beauty of Joseon,Uncategorized,Face,13400,Teeka4,https://teeka4.com/shop/beauty-of-joseon-glow-replenishing-rice-milk-150ml/
TIRTIR Milk Skin Toner Light 150ml,TIRTIR,Treat,Face,17800,Teeka4,https://teeka4.com/shop/tirtir-milk-skin-toner-light-150ml/
Numbuzin Nad+Bio lifting Sil Full Face Mask,Numbuzin,Treat,Face,14200,Teeka4,https://teeka4.com/shop/numbuzin-nadbio-lifting-sil-full-face-mask/
Garnier Even & Matte Vitamin C Dark Spot Corrector 30ml,Garnier,Treat,Face,6999,Teeka4,https://teeka4.com/shop/garnier-even-matte-vitamin-c-dark-spot-corrector-30ml/
Skintivity Restore Moisturizer 50ml,Skintivity,Moisturize,Face,19200,Teeka4,https://teeka4.com/shop/skintivity-restore-moisturizer-50ml/
Skintivity Restore Vitamin C Serum 30ml,Skintivity,Treat,Face,41500,Teeka4,https://teeka4.com/shop/skintivity-restore-vitamin-c-serum-30ml/
Skintivity Restore Complexion Wash 150ml,Skintivity,Cleanse,Face,15954,Teeka4,https://teeka4.com/shop/skintivity-restore-complexion-wash-150ml/
Skin By Zaron Ultimate Glow Brightening Toner 300ml,Skin By Zaron,Treat,Face,11500,Teeka4,https://teeka4.com/shop/skin-by-zaron-ultimate-glow-brightening-toner-300ml/
Skintivity Restore Lotion Face/Body 300ml,Skintivity,Moisturize,Body,33200,Teeka4,https://teeka4.com/shop/skintivity-restore-lotion-face-body-300ml/
Skintivity Eventone Fade Serum 30ml,Skintivity,Treat,Face,23500,Teeka4,https://teeka4.com/shop/skintivity-eventone-fade-serum-30ml/
Skintivity Modified Kligman’s lotion 150ml,Skintivity,Moisturize,Face,19950,Teeka4,https://teeka4.com/shop/skintivity-modified-kligmans-lotion-150ml/
Skintivity Modified Kligman’s formula 50ml,Skintivity,Uncategorized,Face,32250,Teeka4,https://teeka4.com/shop/skintivity-modified-kligmans-formula-50ml/
Skintivity Retinol Renewal Night Moisturizer 50ml,Skintivity,Treat,Face,13330,Teeka4,https://teeka4.com/shop/skintivity-retinol-renewal-night-moisturizer-50ml/
Skintivity Retinol Renewal Lotion 300ml,Skintivity,Treat,Face,33600,Teeka4,https://teeka4.com/shop/skintivity-retinol-renewal-lotion-300ml/
Skintivity 10% Oxygen Acne Wash with Aloe Vera 150ml,Skintivity,Cleanse,Face,12592,Teeka4,https://teeka4.com/shop/skintivity-10-oxygen-acne-wash-with-aloe-vera-150ml/
Skintivity Trihydroxy Acne Cleansing Wash 150ml,Skintivity,Cleanse,Face,15970,Teeka4,https://teeka4.com/shop/skintivity-trihydroxy-acne-cleansing-wash-150ml/
Skintivity Oxy-S Solution 150ml,Skintivity,Uncategorized,Face,12745,Teeka4,https://teeka4.com/shop/skintivity-oxy-s-solution-150ml/
Cerave Micellar Cleansing Water 10floz / 295ml,CeraVe,Cleanse,Face,16300,Teeka4,https://teeka4.com/shop/cerave-micellar-cleansing-water-10floz-295ml/
The Ordinary GF 15% Solution 30ml,The Ordinary,Uncategorized,Face,29500,Teeka4,https://teeka4.com/shop/the-ordinary-gf-15-solution-30ml/
The Ordinary Retinal 0.2% Emulsion 15ml,The Ordinary,Moisturize,Face,32000,Teeka4,https://teeka4.com/shop/the-ordinary-retinal-0-2-emulsion-15ml/
Bondi Sands Fragrance-Free Sunscreen Lotion SPF50+500ml,Bondi sands,Protect,Face,34602,Teeka4,https://teeka4.com/shop/bondi-sands-fragrance-free-sunscreen-lotion-spf50500ml/
Bondi Sands Fragrance-Free Sunscreen Lotion SPF50+ 150ml,Bondi sands,Protect,Face,17347,Teeka4,https://teeka4.com/shop/bondi-sands-fragrance-free-sunscreen-lotion-spf50-150ml/
The Ordinary Saccharomyces Ferment 30% Milky Toner 100ml,The Ordinary,Treat,Face,22000,Teeka4,https://teeka4.com/shop/the-ordinary-saccharomyces-ferment-30-milky-toner/
The Ordinary Glycolic Acid 7% Exfoliating Toner 100ml,The Ordinary,Treat,Face,17000,Teeka4,https://teeka4.com/shop/the-ordinary-glycolic-acid-7-toning-solution-100ml/
Skeenlogic 2% BHA Clarifying Exfoliant Toner 200ml,Skeenlogic,Treat,Face,12500,Teeka4,https://teeka4.com/shop/skeenlogic-2-bha-clarifying-exfoliant-toner-200ml/
Teeka4 Gift Card,Generic/Unlisted,Uncategorized,Face,200000,Teeka4,https://teeka4.com/shop/teeka4-gift-card/
Facefacts Ceramide Hydrating Gentle Cleanser 200ml,FACE FACTS,Cleanse,Face,5700,Teeka4,https://teeka4.com/shop/facefacts-ceramide-hydrating-gentle-cleanser-200ml/
FaceFacts Wonder Cream (Fragrance free) 50ml,FACE FACTS,Moisturize,Face,7700,Teeka4,https://teeka4.com/shop/face-facts-wonder-cream-fragrance-free-50ml-copy/
FaceFacts Wonder Cream (scented) 50ml,FACE FACTS,Moisturize,Face,7700,Teeka4,https://teeka4.com/shop/face-facts-wonder-cream-scented-50ml/
EOS Shea Better Strawberry Dream Body Lotion 16FL.OZ (473ml),Evolution of Smooth EOS,Moisturize,Body,18200,Teeka4,https://teeka4.com/shop/eos-shea-better-strawberry-dream-body-lotion-16fl-oz-473ml/
Conscious Chemist Sun Drink Hybrid Gel Non-Greasy Sunscreen SPF50++++ 50gm,Conscious Chemist,Protect,Face,7180,Teeka4,https://teeka4.com/shop/conscious-chemist-sun-drink-hybrid-gel-non-greasy-sunscreen-spf50-20g/
Conscious Chemist Snail Magic Barrier Repair Essence 50ml,Conscious Chemist,Treat,Face,10548,Teeka4,https://teeka4.com/shop/conscious-chemist-snail-magic-barrier-repair-essence-50ml/
Conscious Chemist Flashfix Acne Treatment Serum 30ml,Conscious Chemist,Treat,Face,3440,Teeka4,https://teeka4.com/shop/conscious-chemist-flashfix-acne-treatment-serum-30ml/
Conscious Chemist Retinol Peptide Eye Contour Treatment 15ml,Conscious Chemist,Treat,Eye Care,6712,Teeka4,https://teeka4.com/shop/conscious-chemist-retinol-peptide-eye-contour-treatment-15ml/
Conscious Chemist Vivid C Collagen Boosting Radiance Serum 30ml,Conscious Chemist,Treat,Face,7962,Teeka4,https://teeka4.com/shop/conscious-chemist-vivid-c-collagen-boosting-radiance-serum-30ml/
Conscious Chemist Hydro+ Deep Moisturizing Plumping Cream 100gm,Conscious Chemist,Moisturize,Face,6804,Teeka4,https://teeka4.com/shop/conscious-chemist-hydro-deep-moisturizing-plumping-cream-100gm/
Conscious Chemist Vivid C Radiance Boosting Daily Gel Cream 100gm,Conscious Chemist,Moisturize,Face,6997,Teeka4,https://teeka4.com/shop/conscious-chemist-vivid-c-radiance-boosting-daily-gel-cream-100gm/
Conscious Chemist Hydro+ Hydrating & plumping Serum 30ml,Conscious Chemist,Treat,Face,8246,Teeka4,https://teeka4.com/shop/conscious-chemist-hydro-hydrating-plumping-serum-30ml/
Conscious Chemist Trubiom Pigmentation Corrector Cream 50gm,Conscious Chemist,Moisturize,Face,10430,Teeka4,https://teeka4.com/shop/conscious-chemist-trubiom-pigmentation-corrector-cream-50gm/
Conscious Chemist Trubiom Pigmentation & Dark Spot Corrector Serum 30ml,Conscious Chemist,Treat,Face,9000,Teeka4,https://teeka4.com/shop/conscious-chemist-trubiom-pigmentation-dark-spot-corrector-serum-30ml/
Conscious Chemist The Defender Skin Renewing Retinol Night Serum 30ml,Conscious Chemist,Treat,Face,8694,Teeka4,https://teeka4.com/shop/conscious-chemist-the-defender-skin-renewing-retinol-night-serum-30ml/
Conscious Chemist Hydro+ Gentle Hydrating Cream Cleanser 100ml,Conscious Chemist,Cleanse,Face,5750,Teeka4,https://teeka4.com/shop/conscious-chemist-hydro-gentle-hydrating-cream-cleanser-100ml/
Conscious Chemist Berry Bright Soothing and Calming Face Cleanser 100ml,Conscious Chemist,Cleanse,Face,2875,Teeka4,https://teeka4.com/shop/conscious-chemist-berry-bright-soothing-and-calming-face-cleanser-100ml/
Conscious Chemist Daily Dissolve Ultra-Light Oil Cleanser 130ml,Conscious Chemist,Cleanse,Face,7845,Teeka4,https://teeka4.com/shop/conscious-chemist-daily-dissolve-ultra-light-oil-cleanser-100ml/
Conscious Chemist Snail Magic Barrier Repair Face Cleanser 100ml,Conscious Chemist,Cleanse,Face,2792,Teeka4,https://teeka4.com/shop/conscious-chemist-snail-magic-barrier-repair-face-cleanser-100ml/
Mixsoon Bean Essence 30ml,Mixsoon,Treat,Face,14634,Teeka4,https://teeka4.com/shop/mixsoon-bean-essence-30ml/
Skin By Zaron Papaya Brightening Body Wash 650ml,Skin By Zaron,Cleanse,Body,12120,Teeka4,https://teeka4.com/shop/skin-by-zaron-papaya-brightening-body-wash-650ml/
Skin By Zaron Acne Control Glow Face Wash 200ml,Skin By Zaron,Cleanse,Face,10600,Teeka4,https://teeka4.com/shop/skin-by-zaron-acne-control-glow-face-wash-200ml/
Skin By Zaron Vitamin C Brightening/Moisturizing Body Lotion 500ml,Skin By Zaron,Treat,Body,14800,Teeka4,https://teeka4.com/shop/skin-by-zaron-vitamin-c-brightening-moisturizing-body-lotion-500ml/
Skin By Zaron Skin Glow Therapy Ultra Moisturizing Body Lotion 500ml,Skin By Zaron,Moisturize,Body,15400,Teeka4,https://teeka4.com/shop/skin-by-zaron-skin-glow-therapy-ultra-moisturizing-body-lotion-500ml/
Skin by Zaron Vitamin C Body Wash 650ml,Skin By Zaron,Cleanse,Body,11900,Teeka4,https://teeka4.com/shop/skin-by-zaron-vitamin-c-body-wash-650ml/
Good Molecules Vitamin C Serum with Oryzanol 30ml,Good Molecules,Treat,Face,15999,Teeka4,https://teeka4.com/shop/good-molecules-vitamin-c-serum-with-oryzanol-30ml/
Good Molecules Mandelic Acid Serum 30ml,Good Molecules,Treat,Face,13500,Teeka4,https://teeka4.com/shop/good-molecules-mandelic-acid-serum-30ml/
Good Molecules Niacinamide Brightening Toner Travel Size 30ml,Good Molecules,Treat,Face,9900,Teeka4,https://teeka4.com/shop/good-molecules-niacinamide-brightening-toner-travel-size-30ml-2/
Uncover I am Enough Licorice Root Dark Spot Serum 30ml,Uncover,Treat,Face,22000,Teeka4,https://teeka4.com/shop/uncover-licorice-root-dark-spot-serum-30ml/
Dove Exfoliating Body Scrub (Kiwi Seeds & Cool Aloe Scent) 225ml,Dove,Cleanse,Body,11000,Teeka4,https://teeka4.com/shop/dove-exfoliating-body-scrub-kiwi-seeds-cool-aloe-scent-225ml/
Dirty Works Good To Glow Vitamin C Boost Serum – 50ml,Dirty Works,Treat,Face,11000,Teeka4,https://teeka4.com/shop/dirty-works-vitamin-c-boost-serum-50ml/
Dirty Works Good To Glow Vitamin C Brightening Toner 200ml,Dirty Works,Treat,Face,10000,Teeka4,https://teeka4.com/shop/dirty-works-good-to-glow-vitamin-c-brightening-toner-200ml/
Cerave Facial Moisturizing Lotion Am Spf 50 1.75floz,CeraVe,Protect,Face,18920,Teeka4,https://teeka4.com/shop/cerave-facial-moisturizing-lotion-am-spf-50-1-75floz-2/
(Mini) JUMISO – Snail Mucin 88 + Peptide Facial Cream 30ml,Jumiso,Moisturize,Face,9500,Teeka4,https://teeka4.com/shop/jumiso-snail-mucin-88-peptide-facial-cream-mini-30ml/
Dr Teal’s Body Lotion with Prebiotic Lemon Balm & Essential Oil 18 fl oz,Dr Teal's,Moisturize,Body,7500,Teeka4,https://teeka4.com/shop/dr-teals-body-lotion-with-prebiotic-lemon-balm-essential-oil-18-fl-oz/
Nineless A-control Heartleaf & BHA Cleanser 120ml,NINE LESS,Cleanse,Face,11000,Teeka4,https://teeka4.com/shop/nineless-a-control-heartleaf-bha-cleanser-120ml/
Nineless B-boost 1% Kojic Acid Toner 200ml,NINE LESS,Treat,Face,10500,Teeka4,https://teeka4.com/shop/nineless-b-boost-1-kojic-acid-toner-200ml/
NINELESS A-Control Azelaic Acid Toner 150ml,NINE LESS,Treat,Face,13000,Teeka4,https://teeka4.com/shop/nineless-a-control-azelaic-acid-toner-150ml/
Anua – Niacinamide 10% + TXA 4% Serum 30ml,Anua,Treat,Face,18000,Teeka4,https://teeka4.com/shop/anua-niacinamide-10-txa-4-serum-30ml/
St. Ives Softening Coconut & Orchid Body Lotion 621 ml,St Ives,Moisturize,Body,7999,Teeka4,https://teeka4.com/shop/st-ives-softening-coconut-orchid-body-lotion-621-ml/
Balance Active Formula 3% Vitamin C Brightening Serum – 30ml,Balance active,Treat,Face,8900,Teeka4,https://teeka4.com/shop/balance-active-formula-5-vitamin-c-brightening-serum-30ml/
Dr Teal’s Moisturizing Bath & Body Oil with Prebiotic Lemon Balm 8.8 fl oz,Dr Teal's,Moisturize,Body,7500,Teeka4,https://teeka4.com/shop/dr-teals-moisturizing-bath-body-oil-with-prebiotic-lemon-balm-8-8-fl-oz/
"Dr Teal’s Moisturizing Bath & Body Oil, Glow & Hydrate with Ceramides and Avocado Oil 8.8 fl oz",Dr Teal's,Moisturize,Body,7300,Teeka4,https://teeka4.com/shop/dr-teals-moisturizing-bath-body-oil-glow-hydrate-with-ceramides-and-avocado-oil-8-8-fl-oz/
Amlactin Daily Nourish Lotion – 7.9oz / 225g,Amlactin,Moisturize,Face,20000,Teeka4,https://teeka4.com/shop/amlactin-daily-nourish-lotion-with-12-lactic-acid-7-9oz-225g/
AmLactin Daily Vitamin C Lotion with 7% Lactic Acid – 7.9 oz / 225g,Amlactin,Treat,Face,20000,Teeka4,https://teeka4.com/shop/amlactin-daily-vitamin-c-lotion-7-9-oz-225g/
Topicrem DA Protect Replenishing Cleansing Oil 16.9FL,Topicrem,Cleanse,Face,22000,Teeka4,https://teeka4.com/shop/310344/
KAbinone- Hydroquinone Cream 2% 40gm,Kabinone,Moisturize,Face,4900,Teeka4,https://teeka4.com/shop/kabinone-hydroquinone-cream-2-40gm/
TIAM Vita B3 Source – 40ml,TIAM,Uncategorized,Face,10999,Teeka4,https://teeka4.com/shop/tiam-vita-b3-source-40ml/
Olay Retinol24 Smoothing Body Lotion (Visibly smooth & renewed skin) 17 fl oz.,Olay,Treat,Body,14900,Teeka4,https://teeka4.com/shop/olay-smoothing-hand-body-lotion-with-retinol-vitamin-b3-complex-for-all-skin-types-17-fl-oz/
Cerave SA smoothing cleanser For Dry Rough Bumpy Skin 16fl oz 473ml,CeraVe,Cleanse,Face,20900,Teeka4,https://teeka4.com/shop/cerave-sa-smoothing-cleanser-for-dry-rough-bumpy-skin-16fl-oz-473ml/
Kabazel – Azelaic Acid Gel 20% ( Alternative to EZANIC 20% ),Kabazel,Treat,Face,5600,Teeka4,https://teeka4.com/shop/kabazel-azelaic-acid-gel-20/
"Kab-I-Glow Ultra Cream (Kojic Acid Dipalmitate, Arbutin, Mulberry Extract, Octinoxate, Glycolic Acid & Vitamin E Cream) 30gm",Kab-I-Glow,Treat,Face,8999,Teeka4,https://teeka4.com/shop/kab-i-glow-hydroquinone-tretinoin-fluocinolone-acetonide-topical-cream-15gm/
Tretikab – Tretinoin Gel USP 0.05% 20g,Tretikab,Uncategorized,Face,4500,Teeka4,https://teeka4.com/shop/tretikab-tretinoin-gel-usp-0-05/
Facefacts Ceramide Hydrating Gentle Cleanser 400ml,FACE FACTS,Cleanse,Face,7200,Teeka4,https://teeka4.com/shop/facefacts-ceramide-hydrating-gentle-cleanser-400ml/
Dr Teals Body Wash with Pure Epsom Salt + Prebiotic Lemon Balm & Essential Oils 24 FL OZ / 710ml,Dr Teal's,Cleanse,Body,7500,Teeka4,https://teeka4.com/shop/dr-teals-body-wash-with-pure-epsom-salt-prebiotic-lemon-balm-essential-oils-24-fl-oz-710ml/
Cerave Advanced Repair Ointment 88ml,CeraVe,Uncategorized,Face,15700,Teeka4,https://teeka4.com/shop/dr-teals-body-wash-with-pure-epsom-salt-nourish-protect-with-coconut-oil-24-fl-oz-710ml/
Q+A Niacinamide Facial Serum 30ml,Q+A,Treat,Face,13000,Teeka4,https://teeka4.com/shop/qa-niacinamide-facial-serum-30ml/
Q+A Ceramide Barrier Defence Face Cream 50G,Q+A,Moisturize,Face,14000,Teeka4,https://teeka4.com/shop/qa-ceramide-barrier-defence-face-cream-50g/
Q+A Retinol Facial Serum 30ml,Q+A,Treat,Face,13000,Teeka4,https://teeka4.com/shop/qa-retinol-facial-serum-30ml/
Uncover I AM RESTORED Green Tea Blemish Control Serum 30ml,Uncover,Treat,Face,15200,Teeka4,https://teeka4.com/shop/uncover-green-tea-blemish-control-serum-30ml/
Topicrem Ultra-Hydratant Shower Oil 500ml,Topicrem,Moisturize,Body,20500,Teeka4,https://teeka4.com/shop/topicrem-ultra-hydrant-shower-oil-500ml/
Dove Glowing Body Wash with Rice water &  Lotus flower 750ml,Dove,Cleanse,Body,8200,Teeka4,https://teeka4.com/shop/dove-glowing-ritual-body-wash-lotus-flower-and-rice-water-750ml/
Vaseline Gluta- Hya Serum Dewey Radiance 10X Burst Lotion 330ml,Vaseline,Treat,Face,9300,Teeka4,https://teeka4.com/shop/vaseline-gluta-hya-serum-dewey-radiance-10x-whitening-lotion-330ml/
FaceFacts Vitamin C Face Cream 50ml,FACE FACTS,Treat,Face,3500,Teeka4,https://teeka4.com/shop/facefacts-vitamin-c-brightening-face-cream-50ml/
FaceFacts Shimmer Glow Oil 100ml,FACE FACTS,Moisturize,Face,6999,Teeka4,https://teeka4.com/shop/facefacts-shimmer-glow-oil-100ml/
FaceFacts Hyaluronic Body Lotion 400ml,FACE FACTS,Moisturize,Body,6000,Teeka4,https://teeka4.com/shop/facefacts-hyaluronic-body-lotion-400ml/
FaceFacts Ceramide Moisturizing Cream 454ml,FACE FACTS,Moisturize,Face,7300,Teeka4,https://teeka4.com/shop/facefacts-ceramide-moisturizing-cream-454ml/
FaceFacts Ceramide Moisturizing Body Lotion 400ml,FACE FACTS,Moisturize,Body,6700,Teeka4,https://teeka4.com/shop/facefacts-ceramide-moisturizing-body-lotion-400ml/
FaceFacts Ceramide Replenishing Eye Cream 15ml,FACE FACTS,Moisturize,Eye Care,3999,Teeka4,https://teeka4.com/shop/facefacts-ceramide-replenishing-eye-cream-15ml/
FaceFacts Renew & Radiance Retinol Facial Serum 30ml,FACE FACTS,Treat,Face,3700,Teeka4,https://teeka4.com/shop/facefacts-renew-radiance-retinol-facial-serum-30ml/
FaceFacts Nourish + Restore Ceramide Facial Serum 30ml,FACE FACTS,Treat,Face,4400,Teeka4,https://teeka4.com/shop/facefacts-barrier-repair-ceramide-facial-serum-30ml/
FaceFacts Ceramide Moisturising Gel Cream 50ml,FACE FACTS,Moisturize,Face,3800,Teeka4,https://teeka4.com/shop/facefacts-ceramide-moisturising-gel-cream-50ml/
FaceFacts Glow & Resurface Lactic Acid Facial Serum 30ml,FACE FACTS,Treat,Face,3700,Teeka4,https://teeka4.com/shop/facefacts-glow-resurface-lactic-acid-facial-serum-30ml/
FaceFacts Revive & Brighten Caffeine Facial Serum 30ml,FACE FACTS,Treat,Face,3700,Teeka4,https://teeka4.com/shop/facefacts-revive-brighten-caffeine-facial-serum-30ml/
FaceFacts Ceramide Foaming Cleanser 400ml,FACE FACTS,Cleanse,Face,6500,Teeka4,https://teeka4.com/shop/facefacts-ceramide-foaming-cleanser-400ml/
FaceFacts Ceramide Repairing Serum Cream 30ml,FACE FACTS,Treat,Face,4000,Teeka4,https://teeka4.com/shop/facefacts-ceramide-repairing-serum-cream-30ml/
EOS Shea Better Jasmine Peach Body Lotion 16FL.0Z (473ml),Evolution of Smooth EOS,Moisturize,Body,18200,Teeka4,https://teeka4.com/shop/eos-shea-better-jasmine-peach-body-lotion-16fl-0z-473ml/
EOS Shea Better Vanilla Cashmere Body Lotion 16FL. OZ (473ml),Evolution of Smooth EOS,Moisturize,Body,18200,Teeka4,https://teeka4.com/shop/eos-shea-better-vanilla-cashmere-body-lotion-16fl-oz-473ml/
Medix 5.5 Glycolic + Lactic Acid Skin Perfecting Body Wash 15fl oz/444ml,Medix 5.5,Cleanse,Body,15500,Teeka4,https://teeka4.com/shop/medix-5-5-glycolic-lactic-acid-skin-perfecting-body-wash-15fl-oz-444ml/
Skeenlogic AHA/BHA Gentle Deep Pore Cleanser 200ml/6.7fl oz,Skeenlogic,Cleanse,Face,11500,Teeka4,https://teeka4.com/shop/skeenlogic-aha-bha-gentle-deep-pore-cleanser-200ml-6-7fl-oz/
Dove Exfoliating Body Scrub – Crushed Macadamia & Rice Milk Scent 225ml,Dove,Cleanse,Body,11000,Teeka4,https://teeka4.com/shop/dove-exfoliating-body-scrub-crushed-macadamia-and-rice-milk-scent-225ml/
Garnier Bright Complete body serum lotion with Vitamin C + Lemon  400ml,Garnier,Treat,Body,8500,Teeka4,https://teeka4.com/shop/garnier-serum-body-lotion-vitamin-c-lemon-new-bright-complete-400ml/
Revox B77 Zitcare AHA. BHA. PHA. Facial toner 8.45fl oz / 250ml.,REVOX,Treat,Face,11300,Teeka4,https://teeka4.com/shop/revox-b77-zitcare-aha-bha-pha-facial-toner-8-45fl-oz-250ml/
Revox B77 Zitcare AHA. BHA. PHA. Face wash 8.45fl oz / 250ml.,REVOX,Cleanse,Face,11300,Teeka4,https://teeka4.com/shop/254752/
Revox B77 Just Retinol in Squalane H20-Free Solution Age Control 1fl oz (30ml),REVOX,Treat,Face,11300,Teeka4,https://teeka4.com/shop/revox-b77-just-retinol-in-squalane-h20-free-solution-age-control-1fl-oz-30ml/
Revox Just Vitamin C 20% Antioxidant Serum 1fl oz /30ml.,REVOX,Treat,Face,11500,Teeka4,https://teeka4.com/shop/revox-just-vitamin-c-20-antioxidant-serum-1fl-oz-30ml/
Revox Just Alpha Arbutin 2% +HA Brightening Serum 1fl oz /30ml.,REVOX,Treat,Face,11500,Teeka4,https://teeka4.com/shop/revox-just-alpha-arbutin-2-ha-brightening-serum-1fl-oz-30ml/
Revox Just Retinol Rejuvenating Toner 8.45fl oz /250ml.,REVOX,Protect,Face,11300,Teeka4,https://teeka4.com/shop/254689/
Mary&May Glutathione Eyecream Special Set( Eye Cream 30g 1EA+Miniature 2EA),MARY & MAY,Moisturize,Eye Care,12500,Teeka4,https://teeka4.com/shop/marymay-glutathione-eyecream-special-set-eye-cream-30g-1eaminiature-2ea/
Anua – Heartleaf 77+ Hyaluron Soothing Toner 250ml,Anua,Treat,Face,15800,Teeka4,https://teeka4.com/shop/anua-heartleaf-77-soothing-toner-250ml/
Anua-Peach 70% Niacin Serum 30ml,Anua,Treat,Face,16200,Teeka4,https://teeka4.com/shop/anua-peach-70-niacinamide-serum-30ml/
Numbuzin – No. 3 Skin Softening Serum – 50ml,Numbuzin,Treat,Face,16000,Teeka4,https://teeka4.com/shop/numbuzin-no-3-skin-softening-serum-50ml/
Conscious Chemist Self Dissolving Acne Clearing Patch (8patches),Conscious Chemist,Treat,Face,7180,Teeka4,https://teeka4.com/shop/round-lab-birch-juice-moisturizing-sun-stick-spf-50-pa-19g/
Advanced Clinicals Retinol Cream 16fl,Advanced Clinicals,Treat,Face,15500,Teeka4,https://teeka4.com/shop/massive-discount-advanced-clinicals-retinol-cream-broken-cover/
Nivea Men Shower Gel 3-in-1 Cool Kick 500ml.,Nivea,Uncategorized,Body,6900,Teeka4,https://teeka4.com/shop/nivea-men-shower-gel-3-in-1-cool-kick-500ml/
Nivea Pure Care Shower Crème Soft 500ml.,Nivea,Uncategorized,Body,6900,Teeka4,https://teeka4.com/shop/nivea-pure-care-shower-creme-soft-500ml/
Nivea Radiant & Beauty Advanced Care Lotion- 400ml,Nivea,Moisturize,Face,6300,Teeka4,https://teeka4.com/shop/nivea-radiant-beauty-advanced-care-lotion-for-women-400ml/
Nivea Nourishing Cocoa 5-in-1 Complete Care Body Lotion 400ml,Nivea,Moisturize,Body,4700,Teeka4,https://teeka4.com/shop/nivea-nourishing-cocoa-5-in-1-complete-care-body-lotion-400ml/
Nivea Rich Nourishing Complete Care 5-in-1 Body Lotion 400ml..,Nivea,Moisturize,Body,5800,Teeka4,https://teeka4.com/shop/nivea-body-lotion-rich-nourishing-5-in1-400ml/
"Nivea Lip Care, Fruity Watermelon Shine with Natural Oils 4.8g (5.5ml)",Nivea,Moisturize,Lip Care,3900,Teeka4,https://teeka4.com/shop/nivea-lip-care-fruity-watermelon-shine-with-natural-oils-4-8g-5-5ml/
Nivea Hydro care Lip Balm with Spf15 for Dry & Cracked Lips 4.8g (5.5ml),Nivea,Protect,Lip Care,3900,Teeka4,https://teeka4.com/shop/nivea-hydro-care-lip-balm-with-spf15-for-dry-cracked-lips-4-8g-5-5ml/
"Nivea Lip Care, Fruity BlackBerry Shine with Natural Oils 4.8g (5.5ml)",Nivea,Moisturize,Lip Care,3900,Teeka4,https://teeka4.com/shop/nivea-lip-care-fruity-blackberry-shine-with-natural-oils-4-8g-5-5ml/
Palmer’s Skin Success Anti-Dark Spot Complexion Soap Bar – 3.5oz / 100g,PALMER'S,Cleanse,Face,6900,Teeka4,https://teeka4.com/shop/palmers-skin-success-anti-dark-spot-complexion-soap-bar-3-5oz-100g/
"Palmer’s Skin Success Anti-Dark Spot Complexion Toner with Vitamin E, 8.5 fl. oz (250ml)",PALMER'S,Treat,Face,8500,Teeka4,https://teeka4.com/shop/palmers-skin-success-anti-dark-spot-complexion-toner-with-vitamin-e-8-5-fl-oz-250ml/
Palmer’s Cocoa Butter Formula with Vitamin E Massage Cream for Stretch Marks 4.4oz (125g),PALMER'S,Moisturize,Face,10500,Teeka4,https://teeka4.com/shop/palmers-cocoa-butter-formula-with-vitamin-e-massage-cream-for-stretch-marks-oz125g/
La Roche-Posay Anthelios UVMUNE 400 SPF50+ Anti-Dark Spots Fluid 50ml,La Roche-Posay,Protect,Face,23970,Teeka4,https://teeka4.com/shop/palmers-cocoa-butter-formula-body-cream-with-vitamin-e-30-bonus-9-5-oz-270g/
Olay Niacinamide Age Defying Body Lotion 17Fl oz (502ml),Olay,Treat,Body,14500,Teeka4,https://teeka4.com/shop/olay-regenerist-hand-and-body-lotion-pump-with-niacinamide-age-refying-hydration17fl-oz502ml/
Vaseline Daily Brightening Lotion- 24.5FL OZ(725ml),Vaseline,Moisturize,Face,11000,Teeka4,https://teeka4.com/shop/vaseline-daily-brightening-lotion-24-5fl-oz725ml/
Timeless Skin Care Dark Circle Eye Cream 0.5oz (15ml),Timeless,Moisturize,Eye Care,17999,Teeka4,https://teeka4.com/shop/235618/
Alpha Skin Care Essential Renewal Cream 10% Glycolic AHA  2oz. (56g),Alpha SkinCare,Treat,Face,12537,Teeka4,https://teeka4.com/shop/advanced-clinicals-clarifying-tea-tree-3-in-1-scrub-moisturizing-body-exfoliator-8-fl-oz-237-ml/
Timeless Skin Care Matrixyl 3000 Serum 30ml,Timeless,Treat,Face,18499,Teeka4,https://teeka4.com/shop/234565/
Vaseline BlueSeal Baby Gentle Protective Jelly 450ml,Vaseline,Uncategorized,Face,9600,Teeka4,https://teeka4.com/shop/vaseline-blue-seal-original-petroleum-jelly-450ml/
Vaseline Gluta-Hya Serum Burst Uv Lotion Flawless Glow 300ml,Vaseline,Protect,Face,8500,Teeka4,https://teeka4.com/shop/vaseline-gluta-hya-serum-burst-uv-lotion-flawless-glow-300ml-2/
Uncover On-The-Go Kit ( 3 step Routine Cleanser 30ml Spf 50 sunscreen 40ml Moisturizer 30ml,Uncover,Protect,Face,21900,Teeka4,https://teeka4.com/shop/uncover-on-the-go-kit-3-step-routine-cleanser-30ml-spf-50-sunscreen-40ml-moisturizer-30ml/
La Roche-Posay Anthelios UVmune 400 Invisible Fluid SPF50+ 50ml (1.7oz),La Roche-Posay,Protect,Face,20500,Teeka4,https://teeka4.com/shop/la-roche-posay-anthelios-uvmune-400-invisible-fluid-spf50-50ml-1-7oz/
Touch Ingrown Hair Roll-on Lotion with AHA and BHA – 2 oz – 60ml,Touch,Other,Hair Care,13999,Teeka4,https://teeka4.com/shop/touch-ingrown-hair-roll-on-lotion-with-aha-and-bha-2-oz-50ml/
Cerave Skin Renewing Retinol Serum 30ml,CeraVe,Treat,Face,22600,Teeka4,https://teeka4.com/shop/cerave-skin-renewing-retinol-serum/
Cerave Foaming Cleanser For Normal To Oily Skin 16fl oz / 473ml,CeraVe,Cleanse,Face,18000,Teeka4,https://teeka4.com/shop/cerave-foaming-cleansernormal-to-oily-skin-16-fl/
Cerave Foaming Cleanser For Normal To Oily Skin 8fl oz 236ml,CeraVe,Cleanse,Face,14700,Teeka4,https://teeka4.com/shop/cerave-foaming-cleanser-8fl-normal-to-oily-skin/
Cerave Hydrating Cleanser (16fl Oz/473ml),CeraVe,Cleanse,Face,16300,Teeka4,https://teeka4.com/shop/cerave-hydrating-cleanser-16-oz/
Cerave Moisturizing Lotion Dry To Very Dry Skin 16Oz (473ml),CeraVe,Moisturize,Face,19023,Teeka4,https://teeka4.com/shop/cerave-moisturizing-lotion-16-ounce-dry-to-very-dry-skin/
Cerave Moisturizing Cream For Dry To Very Dry Skin (12 Oz),CeraVe,Moisturize,Face,16600,Teeka4,https://teeka4.com/shop/cerave-moisturizing-cream-for-dry-to-very-dry-skin-12-oz/
Cerave Daily Moisturizing Lotion Dry To Very Dry Skin 8fl oz 236ml.,CeraVe,Moisturize,Face,13500,Teeka4,https://teeka4.com/shop/cerave-daily-moisturizing-lotion-dry-to-very-dry-skin-8fl/
Cerave Hydrating Cream-To-Foam Cleanser 8Fl,CeraVe,Cleanse,Face,14500,Teeka4,https://teeka4.com/shop/cerave-hydrating-cream-to-foam-cleanser-8fl/
Cerave Moisturizing Cream For Dry To Very Dry Skin -16 Oz / 454g,CeraVe,Moisturize,Face,20999,Teeka4,https://teeka4.com/shop/cerave-moisturizing-cream-for-dry-to-very-skin-16-oz/
Cerave Hydrating foaming Oil Cleanser 16oz,CeraVe,Cleanse,Face,20800,Teeka4,https://teeka4.com/shop/cerave-hydrating-foaming-oil-cleanser-16oz/
Cerave Hydrating Cleanser 8floz/236ml,CeraVe,Cleanse,Face,11999,Teeka4,https://teeka4.com/shop/cerave-hydrating-cleanser-8fl-oz-236ml/
Cerave Blemish Control Cleanser 8 Fl Oz/236ml,CeraVe,Cleanse,Face,14800,Teeka4,https://teeka4.com/shop/cerave-acne-control-face-cleanser-facial-cleanser-8-fl-oz/
Cerave Blemish Control Gel 1.35Fl Oz,CeraVe,Uncategorized,Face,14800,Teeka4,https://teeka4.com/shop/cerave-acne-control-gel-1-35fl-oz/
(Single Bar) Kojie San Skin Lightening Kojic Acid Soap 135g,Kojie san,Cleanse,Face,4500,Teeka4,https://teeka4.com/shop/kojie-san-skin-lightening-soap-kojic-acid-soap-135g-single-bar-without-pack/
Creightons Salicylic Acid Exfoliating Tonic- Salicylic Acid (1%) And Niacinamide (1%) 7.03fl oz (200ml),CREIGHTONS,Treat,Face,7100,Teeka4,https://teeka4.com/shop/creightons-salicylic-acid-exfoliating-tonic-200-ml-salicylic-acid-1-niacinamide-1/
The Ordinary Retinol 1% In Squalane – 30Ml,The Ordinary,Treat,Face,18500,Teeka4,https://teeka4.com/shop/the-ordinary-retinol-1-in-squalane-30ml-without-pack/
Garnier Vitamin C Brightening Day Cream 50Ml,Garnier,Treat,Face,11833,Teeka4,https://teeka4.com/shop/garnier-vitamin-c-brightening-day-cream-50ml/
Alpha Skin Care Enhanced Renewal Cream 12% Glycolic Acid AHA 2 oz. (56g),Alpha SkinCare,Treat,Face,14600,Teeka4,https://teeka4.com/shop/be-the-skin-bha-pore-zero-30-second-exfoliator-100g/
Revox B77 Just Glycolic Acid 7% Exfoliating Toner 8.45fl oz – 250ml,REVOX,Treat,Face,11500,Teeka4,https://teeka4.com/shop/revox-b77-just-glycolic-acid-7-exfoliating-toner-250ml/
Uncover Essentials Kit (3 Step Routine Cleanser 120ml Moisturizer 100ml Sunscreen 80ml),Uncover,Protect,Face,42600,Teeka4,https://teeka4.com/shop/uncover-essentials-kit-3-step-routine-cleanser-120ml-moisturizer-100ml-sunscreen-80ml/
Axis-Y Dark Spot Correcting Glow Serum 50Ml,Axis-Y,Treat,Face,12300,Teeka4,https://teeka4.com/shop/axis-y-dark-spot-correcting-glow-serum-50ml/
Cerave Moisturising Lotion Am spf30 52ml,CeraVe,Protect,Face,17900,Teeka4,https://teeka4.com/shop/tocobo-aha-bha-lemon-toner-150ml/
Balance Active Formula 5% Vitamin C Brightening Serum – 30ml,Balance active,Treat,Face,9900,Teeka4,https://teeka4.com/shop/balance-active-formula-vitamin-c-brightening-serum-30ml/
Alpha Skin Care Intensive Renewal Serum 14% Glycolic AHA 2fl.oz (59ml),Alpha SkinCare,Treat,Face,14106,Teeka4,https://teeka4.com/shop/st-ives-blemish-care-face-wash-with-tea-tree-extracts-200ml/
Garnier Sakura Glow Hyaluron Body Serum Lotion Uv 400ml,Garnier,Protect,Body,9100,Teeka4,https://teeka4.com/shop/garnier-sakura-glow-hyaluron-body-serum-lotion-uv-400ml/
Garnier Bright Complete Brightening Moisturizing Serum Milk Uv 400ml,Garnier,Protect,Face,8500,Teeka4,https://teeka4.com/shop/garnier-bright-complete-brightening-moisturizing-serum-milk-uv-400ml/
Olay Regenerist Niacinamide Serum Complex Body Wash 20fl oz / 591ml,Olay,Cleanse,Body,14500,Teeka4,https://teeka4.com/shop/olay-regenerist-body-wash-with-niacinamide-b3-20-oz/
Timeless Skin Care Vitamin B5 Serum 30ml,Timeless,Treat,Face,17450,Teeka4,https://teeka4.com/shop/olay-fearless-artist-series-silky-skin-body-wash-with-aloe-notes-of-chamomile-20fl/
Timeless Skin Care Matrixyl Synthe’6 (S6) Serum 30ml,Timeless,Treat,Face,19500,Teeka4,https://teeka4.com/shop/olay-fearless-artist-series-nourishing-moisture-body-wash-with-cocoa-butter-and-notes-of-manuka-honey-20-fl-oz/
Olay Renewing Retinol Serum Complex Body Wash 591ml,Olay,Cleanse,Body,14500,Teeka4,https://teeka4.com/shop/olay-hydrating-body-wash-retinol-youthful-looking-skin-20fl/
Touch Glycolic Acid Toner + Rose Water 6Fl Oz,Touch,Treat,Face,13340,Teeka4,https://teeka4.com/shop/touch-glycolic-acid-toner-rose-water-6fl-oz/
Touch Keratosis Pilaris Exfoliating Body Wash 8fl oz (236ml),Touch,Cleanse,Body,16590,Teeka4,https://teeka4.com/shop/touch-keratosis-pilaris-exfoliating-body-wash-8fl-oz10636/
Touch Kp with Glycolic Acid and Salicylic Acid Exfoliating Lotion 8fl oz (232g),Touch,Treat,Face,16590,Teeka4,https://teeka4.com/shop/touch-kp-with-glycolic-acid-salicylic-acid-exfoliating-lotion-8fl-oz/
Isntree – Hyaluronic Acid Aqua Gel Cream 3.38Fl.Oz (100Ml),Isntree,Treat,Face,13500,Teeka4,https://teeka4.com/shop/isntree-hyaluronic-acid-aqua-gel-cream-3-38fl-oz-100ml/
Isntree – Hyaluronic Acid Moist Cream 3.38 Fl Oz (100 Ml),Isntree,Treat,Face,13500,Teeka4,https://teeka4.com/shop/isntree-hyaluronic-acid-moist-cream-3-38-fl-oz-100-ml/
Uncover I Am Beautiful Green Tea Detoxifying Sheet Mask 25G,Uncover,Treat,Face,4000,Teeka4,https://teeka4.com/shop/uncover-i-am-beautiful-green-tea-detoxifying-sheet-mask-25g/
Uncover I Am Cool – Aloe Cooling Sheet Mask. (soothes+Hydrates) 25g,Uncover,Treat,Face,4000,Teeka4,https://teeka4.com/shop/uncover-i-am-cool-aloe-vera-calming-soothing-sheet-mask-25g/
Uncover I Am Brilliant – Vitamin C Brightening Sheet Mask 25G,Uncover,Treat,Face,4000,Teeka4,https://teeka4.com/shop/uncover-i-am-brilliant-vitamin-c-brightening-sheet-mask-25g/
Uncover I Am Energised Green Tea Revitalising Cleanser 120Ml,Uncover,Cleanse,Face,12000,Teeka4,https://teeka4.com/shop/uncover-i-am-energised-green-tea-revitalising-cleanser-120ml/
Uncover I Am Balanced Rooibos Glow Toner 4.22fl oz /125ml,Uncover,Treat,Face,15000,Teeka4,https://teeka4.com/shop/uncover-i-am-balanced-rooibos-glow-toner-125ml/
Uncover I Am Protected Aloe Invisible Sunscreen Spf 50+  80ml / 2.7 fl.oz,Uncover,Protect,Face,21600,Teeka4,https://teeka4.com/shop/uncover-i-am-protected-aloe-invisible-sunscreen-spf-50-80ml-2-7-fl-oz/
Uncover I Am Smooth Argan Hydrating Moisturiser 100ml.,Uncover,Uncategorized,Face,16400,Teeka4,https://teeka4.com/shop/uncover-i-am-smooth-argan-hydrating-moisturiser-100ml/
Uncover I Am Secure Spot Patch,Uncover,Treat,Face,7999,Teeka4,https://teeka4.com/shop/uncover-i-am-spotless-pimple-patch/
Dove Pampering Body Wash With Shea Butter And Vanilla Scent 750ml,Dove,Cleanse,Body,8500,Teeka4,https://teeka4.com/shop/dove-body-purely-pampering-with-shea-butter-and-warm-vanilla-750ml/
SKIN1004 Madagascar Centella Ampoule 55ml,Skin1004,Treat,Face,12790,Teeka4,https://teeka4.com/shop/skin1004-madagascar-centella-ampoule-55ml/
Abib Glutathiosome Dark Spot Serum Vita Drop 50ml,Abib,Treat,Face,15999,Teeka4,https://teeka4.com/shop/abib-heartleaf-sun-essence-calming-drop-50ml/
Dr Teal’s Shea Sugar Body Scrub Rose With Essential Oil 19 Oz,Dr Teal's,Cleanse,Body,11500,Teeka4,https://teeka4.com/shop/dr-teals-shea-sugar-body-scrub-rose-with-essential-oil-19-oz/
Dr Teal’s Soothe & Sleep Lavender Moisturizing Bath And Body Oil 8.8Oz,Dr Teal's,Moisturize,Body,7300,Teeka4,https://teeka4.com/shop/dr-teals-lavender-moisturizing-bath-body-oil-8-8oz/
Dr Teal’s Bath And Body Oil Moisturizing Shea Butter and Almond oil Bath And Body Oil 8.8Oz,Dr Teal's,Moisturize,Body,7800,Teeka4,https://teeka4.com/shop/dr-teals-bath-body-oil-moisturizing-shea-butter-bath-body-oil-8-8oz/
St. Ives Citrus And Cherry Blossom Body Wash 650ml,St Ives,Cleanse,Body,7999,Teeka4,https://teeka4.com/shop/st-ives-citrus-cherry-blossom-body-wash/
St. Ives Pink Lemon And Mandarin Orange Exfoliating Body Wash 650ml,St Ives,Cleanse,Body,7999,Teeka4,https://teeka4.com/shop/st-ives-pink-lemon-mandarin-orange-exfoliating-body-wash/
Olay Indulgent Moisture Body Wash with Notes of Moonflower & Neroli Oil 20FL OZ (591ml),Olay,Cleanse,Body,17999,Teeka4,https://teeka4.com/shop/etude-house-sunprise-mild-airy-finish-spf50pa-55ml/
Haruharu Wonder Black Rice Hyaluronic Toner 5.1 Fl.Oz. (150 Ml),Haruharu Wonder,Treat,Face,11200,Teeka4,https://teeka4.com/shop/haruharu-wonder-black-rice-hyaluronic-toner-5-1-fl-oz-150-ml/
Haruharu Wonder Black Rice Hyaluronic Toner For Sensitive Skin 5.1 Fl.Oz. (150 Ml),Haruharu Wonder,Treat,Face,11200,Teeka4,https://teeka4.com/shop/haruharu-wonder-black-rice-hyaluronic-toner-for-sensitive-skin-5-1-fl-oz-150-ml/
Pixi Glow Tonic 100ml,Pixi,Treat,Face,18381,Teeka4,https://teeka4.com/shop/pixi-glow-tonic-100-ml/
Dove Nourishing Silk Body Wash 500ml,Dove,Cleanse,Body,6500,Teeka4,https://teeka4.com/shop/dove-nourishing-silk-0-sulfate-sles-microbiome-gentle-500ml/
Kojie San Skin Lightening Soap (Kojic Acid Soap) 100G Pack Of 3,Kojie san,Cleanse,Face,6300,Teeka4,https://teeka4.com/shop/kojie-san-skin-lightening-soap-kojic-acid-soap-100g-pack-of-3-without-pack/
La Roche-Posay Anthelios UVMUNE 400 Hydrating Cream Spf 50+ 50ml,La Roche-Posay,Protect,Face,19800,Teeka4,https://teeka4.com/shop/dear-klairs-rich-moist-soothing-cream-jumbo-80ml/
Good Molecules Discolouration Correcting Serum 75ml,Good Molecules,Treat,Face,27500,Teeka4,https://teeka4.com/shop/good-molecules-discolouration-correcting-serum-75ml/
Aveeno Daily Moisturizing Body Oil Mist With Oat Oil 6.7 Fl. Oz,Aveeno,Moisturize,Body,16000,Teeka4,https://teeka4.com/shop/aveeno-daily-moisturizing-body-oil-mist-with-oat-oil-6-7-fl-oz/
I’M From – Rice Toner 5.07fl oz (150ml),I'm From,Treat,Face,14500,Teeka4,https://teeka4.com/shop/im-from-rice-toner-150ml/
Dr Teal’S Shea Sugar Scrub With Black Elderberry And Essential Oils 19oz,Dr Teal's,Cleanse,Lip Care,11300,Teeka4,https://teeka4.com/shop/dr-teals-shea-sugar-scrub-with-black-elderberry-essential-oils-19oz/
Olay Indulgent Moisture Body Wash Notes of Elderberry and Almond Cream Body Wash 591ml,Olay,Cleanse,Body,17999,Teeka4,https://teeka4.com/shop/dr-teals-moisture-comforting-oat-milk-argan-oil-body-lotion18-oz/
Boots Vitamin C Brightening Body Serum 180ml,Boots,Treat,Body,11000,Teeka4,https://teeka4.com/shop/dear-klairs-midnight-blue-youth-activating-drop-20ml/
Carbon Theory Vitamin C & 5% Glycolic Acid Facial Tonic 250ml,Carbon Theory,Treat,Face,18000,Teeka4,https://teeka4.com/shop/dear-klairs-gentle-black-deep-cleansing-oil-150ml/
Bolden Dark Spot Fix 1.0fl / 30ml,Bolden,Uncategorized,Face,21000,Teeka4,https://teeka4.com/shop/bolden-dark-spot-fix-1-0fl/
Balance Active Formula Hyaluronic Deep Moisture Serum (30ml),Balance active,Treat,Face,8800,Teeka4,https://teeka4.com/shop/balance-active-formula-hyaluronic-deep-moisture-serum-30ml/
Tocobo Bio Watery Sun Cream Spf50+ Pa++++,Tocobo,Protect,Face,12500,Teeka4,https://teeka4.com/shop/tocobo-bio-watery-sun-cream-spf50-pa/
Tocobo Cotton Soft Sun Stick Spf50+ Pa++++,Tocobo,Protect,Face,12999,Teeka4,https://teeka4.com/shop/tocobo-cotton-soft-sun-stick-spf50-pa/
Timeless Skin Care Hyaluronic Acid 100% Pure Serum 30ml,Timeless,Treat,Face,10999,Teeka4,https://teeka4.com/shop/etude-soon-jung-5-5-foam-cleanser-150ml/
Balance Active Formula 15% Niacinamide Blemish Recovery Serum 30ml,Balance active,Treat,Face,8999,Teeka4,https://teeka4.com/shop/balance-active-formula-niacinamide-blemish-recovery-serum-30ml/
Vaseline Blue Seal Cocoa Butter Rich Conditioning Jelly 250ml,Vaseline,Moisturize,Face,5400,Teeka4,https://teeka4.com/shop/vaseline-blue-seal-cocoa-butter-rich-conditioning-jelly-250ml/
Vaseline BlueSeal Aloe Fresh Light Hydrating Jelly 250ml,Vaseline,Uncategorized,Face,5400,Teeka4,https://teeka4.com/shop/vaseline-blueseal-aloe-fresh-light-hydrating-jelly-250ml-2/
Timeless Skin Care Hydrating Eye Cream 0.5oz (15ml),Timeless,Moisturize,Eye Care,16999,Teeka4,https://teeka4.com/shop/vaseline-blue-seal-nourishing-skin-jelly-vitamin-e-250ml/
Palmer’s Cocoa Butter Formula Skin Therapy Oil 5.1 Fl. oz 150ml,PALMER'S,Moisturize,Face,16999,Teeka4,https://teeka4.com/shop/palmers-cocoa-butter-formula-skin-therapy-oil-5-1-fl-oz-without-pack/
Palmer’s Cocoa Butter Formula Moisturizes Softens Body Oil With Vitamin E 8.5 0Z,PALMER'S,Moisturize,Body,10300,Teeka4,https://teeka4.com/shop/palmers-cocoa-butter-formula-moisturizes-softens-body-oil-with-vitamin-e-8-5-0z/
Dove Relaxing Body Wash with Jasmine & Coconut Milk 750ml,Dove,Cleanse,Body,8500,Teeka4,https://teeka4.com/shop/dove-relaxing-body-wash-jasmine-petals-and-coconut-milk-750ml/
Missha All-Around Safe Block Aqua Sun Gel Spf50+/Pa+++ 50ml,Missha,Protect,Face,9999,Teeka4,https://teeka4.com/shop/missha-all-around-safe-block-aqua-sun-gel-spf50-pa-50ml-new/
Dr Teal’s Bath & Body Oil Moisture + Relax & Relief Eucalyptus & Spearmint Essential Oils 8.8fl oz,Dr Teal's,Moisturize,Body,7000,Teeka4,https://teeka4.com/shop/dr-teals-bath-body-oil-moisture-rejuvenating-eucalyptus-spearmint-essential-oils-8-8-fl-oz/
Tiam Vita B3 Mist Toner 200ml,TIAM,Treat,Face,10999,Teeka4,https://teeka4.com/shop/tiam-vita-b3-mist-toner-200ml/
Mary And May – Niacinamide + Chaenomeles Sinensis Serum 30Ml,MARY & MAY,Treat,Face,9210,Teeka4,https://teeka4.com/shop/mary-may-niacinamide-chaenomeles-sinensis-serum-30ml/
Mary And May – Niacinamide Vitamin C Brightening Mask,MARY & MAY,Treat,Face,10000,Teeka4,https://teeka4.com/shop/mary-may-niacinamide-vitamin-c-brightening-mask/
(Tube) Cerave Moisturising Cream 177ml,CeraVe,Moisturize,Face,10950,Teeka4,https://teeka4.com/shop/isntree-spot-saver-mugwort-gauze-mask/
La Roche-Posay Mela B3 Micro-peeling Clarifying Anti-Dark Spot Gel 200ml,La Roche-Posay,Treat,Face,20999,Teeka4,https://teeka4.com/shop/dr-jart-every-sun-day-waterproof-sun-milk-30ml/
Beauty Of Joseon Ginseng Essence Water 150ml,Beauty of Joseon,Treat,Face,13400,Teeka4,https://teeka4.com/shop/beauty-of-joseon-ginseng-essence-water/
Beauty Of Joseon Dynasty Cream 50Ml,Beauty of Joseon,Moisturize,Face,16500,Teeka4,https://teeka4.com/shop/beauty-of-joseon-dynasty-cream-renewed-50ml/
Olay Brightening Exfoliating Cleanser with Vitamin C 150ml,Olay,Cleanse,Face,11500,Teeka4,https://teeka4.com/shop/goodal-green-tea-infused-water-mild-sheet-mask/
Beauty Of Joseon Radiance Cleansing Balm 100Ml,Beauty of Joseon,Cleanse,Lip Care,14200,Teeka4,https://teeka4.com/shop/beauty-of-joseon-radiance-cleansing-balm-100ml/
La Roche-Posay Effaclar Purifying Foaming Gel 200Ml,La Roche-Posay,Cleanse,Face,15999,Teeka4,https://teeka4.com/shop/la-roche-posay-effaclar-purifying-foaming-gel-200ml/
Good Molecules Yerba Mate Wake Up Eye Gel 15Ml,Good Molecules,Uncategorized,Eye Care,9600,Teeka4,https://teeka4.com/shop/good-molecules-yerba-mate-wake-up-eye-gel-15ml/
Good Molecules Discolouration Correcting Body Treatment 120ml,Good Molecules,Treat,Body,17999,Teeka4,https://teeka4.com/shop/good-molecules-discolouration-body-treatment-120ml/
Naturium Bio-Lipid Restoring Body Lotion 414ml,Naturium,Moisturize,Body,38000,Teeka4,https://teeka4.com/shop/urban-skin-rx-pro-strength-lacticglow-micropolish-resurface-brighten-cleanser/
"Dr Teal’s Shea Sugar Scrub, Vitamin C With Shea Butter, Orange Oil & Avocado Oil 19Oz/538G",Dr Teal's,Cleanse,Lip Care,11300,Teeka4,https://teeka4.com/shop/dr-teals-shea-sugar-scrub-citrus-essential-oils-with-vitamin-c-19oz-538g/
Amlactin Intensive Healing 15% AHA Lotion 7.9oz / 225g,Amlactin,Treat,Face,22000,Teeka4,https://teeka4.com/shop/amlactin-rapid-relief-restoring-lotion-7-9oz/
Dove 3-in-1 Refreshing Beauty Cream Bar with Cucumber and Green Tea Scent (90g x 4) 12.69Oz / 360g,Dove,Moisturize,Face,5583,Teeka4,https://teeka4.com/shop/dove-fresh-touch-beauty-bar-100g-pack-of-4/
Timeless Skin Care 10% Vitamin C Plus E Ferulic Acid Serum 1oz (30ml),Timeless,Treat,Face,19500,Teeka4,https://teeka4.com/shop/timeless-skin-care-10-vitamin-c-plus-e-ferulic-acid-serum-1oz/
Good Molecules Light Weight Daily Moisturizer 100ml,Good Molecules,Moisturize,Face,14500,Teeka4,https://teeka4.com/shop/good-molecules-hyaluronic-acid-boosting-essence-120ml/
Good Molecules Gentle Retinol Cream 30G,Good Molecules,Treat,Face,11450,Teeka4,https://teeka4.com/shop/good-molecules-gentle-retinol-cream-30g/
Beauty Of Joseon Relief Sun Rice + Probiotics (Spf50+ Pa++++),Beauty of Joseon,Protect,Face,13500,Teeka4,https://teeka4.com/shop/beauty-of-joseon-relief-sun-rice-probiotics-spf50-pa/
Beauty Of Joseon Glow Deep Serum Rice + Alpha-Arbutin 30ml,Beauty of Joseon,Treat,Face,13200,Teeka4,https://teeka4.com/shop/beauty-of-joseon-glow-deep-serum-rice-arbutin-30ml/
Dove Refreshing Body Wash With Cucumber And Green Tea Scent 500ml,Dove,Cleanse,Body,6500,Teeka4,https://teeka4.com/shop/dove-refreshing-body-wash-with-cucumber-and-green-tea-500ml/
Dove 3-in-1 Pampering Beauty Cream Bar with Shea Butter And Warm Vanilla Scent (90g x 4) 12.69Oz / 360g,Dove,Moisturize,Face,5999,Teeka4,https://teeka4.com/shop/dove-purely-pampering-shea-butter-beauty-bar-and-vanilla-pack-of-4-100g/
Palmer’s Skin Success Anti-Dark Spot Fade Milk Tone Correcting Body Lotion 8.5fl oz / 250ml,PALMER'S,Moisturize,Body,14999,Teeka4,https://teeka4.com/shop/palmers-skin-success-anti-dark-spot-fade-milk-tone-correcting-body-lotion-250ml/
Vaseline Intensive Care Cocoa Radiant Body Oil 6.8fl / 200ml.,Vaseline,Moisturize,Body,9999,Teeka4,https://teeka4.com/shop/vaseline-intensive-care-cocoa-radiant-cocoa-butter-body-oil-6-8fl/
Dove Calming Body Wash Pistachio & Magnolia 500ml,Dove,Cleanse,Body,6500,Teeka4,https://teeka4.com/shop/dove-calming-pistachio-cream-and-magnolia-shower-gel-500ml/
Dove Deeply Nourishing Body Wash 500ml,Dove,Cleanse,Body,6500,Teeka4,https://teeka4.com/shop/dove-deeply-nourishing-body-wash-0-sulfate-sles-parabens-phthalates-500ml/
Dove Relaxing Body Wash with Jasmine & Coconut Milk 500ml,Dove,Cleanse,Body,6500,Teeka4,https://teeka4.com/shop/dove-relaxing-body-wash-jasmine-petals-and-coconut-milk-500ml/
Dove Glowing Body Wash with Rice water &  Lotus flower 500ml,Dove,Cleanse,Body,6500,Teeka4,https://teeka4.com/shop/dove-glowing-ritual-body-wash-lotus-flower-and-rice-500ml/
Timeless Skin Care Argan Oil 100% Pure Serum 30ml,Timeless,Treat,Face,14999,Teeka4,https://teeka4.com/shop/urban-skin-rx-even-tone-smooth-glow-enzyme-mask/
Timeless Skin Care Hyaluronic Acid + Vitamin C Serum 30ml,Timeless,Treat,Face,16999,Teeka4,https://teeka4.com/shop/dr-teals-body-wash-with-pure-epsom-salt-sleep-blend-with-melatonin-24-fl-oz/
Dr Teal’s Vitamin C Body Lotion 18 Oz.,Dr Teal's,Treat,Body,7500,Teeka4,https://teeka4.com/shop/dr-teals-vitamin-c-body-lotion-18-oz/
Dr Teal’S Glow and Radiance Body Wash with Vitamin C And Citrus Essential Oils 24fl oz.(710ml),Dr Teal's,Cleanse,Body,7500,Teeka4,https://teeka4.com/shop/dr-teals-glow-radiance-body-wash-with-vitamin-c-and-citrus-essential-oils-24-fl-oz-0t/
La Roche-Posay Effaclar Purifying Foaming Gel Cleanser 400Ml,La Roche-Posay,Cleanse,Face,20999,Teeka4,https://teeka4.com/shop/la-roche-posay-effaclar-purifying-foaming-gel-cleanser-400ml/
Advanced Clinicals Peptide Serum 1.7 Fl Oz.,Advanced Clinicals,Treat,Face,12000,Teeka4,https://teeka4.com/shop/advanced-clinicals-peptide-serum-1-7-fl-oz/
The Ordinary Granactive Retinoid 2% Emulsion 30Ml,The Ordinary,Moisturize,Face,22000,Teeka4,https://teeka4.com/shop/the-ordinary-granactive-retinoid-2-emulsion-30ml/
Bioderma Sensibio Defensive Active Soothing Cream 40ml,Bioderma,Moisturize,Face,18000,Teeka4,https://teeka4.com/shop/bioderma-sensibio-light-soothing-cream-40ml/
Timeless Skin Care Squalane Oil 100% Pure Serum 30ml,Timeless,Treat,Face,14999,Teeka4,https://teeka4.com/shop/urban-skin-rx-even-tone-night-treatment-1-7fl/
Good Molecules Hyaluronic Acid Serum 75Fl,Good Molecules,Treat,Face,14999,Teeka4,https://teeka4.com/shop/good-molecules-hyaluronic-acid-serum-75fl/
La Roche Posay Lipikar Baume Ap+M Body Lotion – 400ML,La Roche-Posay,Moisturize,Body,25650,Teeka4,https://teeka4.com/shop/la-roche-posay-lipikar-baume-apm-body-lotion/
Nivea Uv Super Water Gel Spf 50 Pa+++ 140G,Nivea,Protect,Face,13999,Teeka4,https://teeka4.com/shop/nivea-uv-super-water-gel-spf-50-pa-140g-140g/
Isntree Green Tea Fresh Toner 200Ml,Isntree,Treat,Face,11800,Teeka4,https://teeka4.com/shop/isntree-green-tea-fresh-toner-200ml/
Isntree – Green Tea Fresh Emulsion 120Ml,Isntree,Moisturize,Face,11800,Teeka4,https://teeka4.com/shop/isntree-green-tea-fresh-emulsion-120ml/
Olay Regenerating Cream Cleanser with Vitamin E 150ml,Olay,Cleanse,Face,12000,Teeka4,https://teeka4.com/shop/advanced-clinicals-spa-size-pure-argan-oil-16oz/
Advanced Clinicals Retinol Serum 1.75 FL OZ (52ML),Advanced Clinicals,Treat,Face,12500,Teeka4,https://teeka4.com/shop/advanced-clinicals-retinol-serum/
Good Molecules Glycolic Exfoliating Toner 120ml,Good Molecules,Treat,Face,16500,Teeka4,https://teeka4.com/shop/good-molecules-glycolic-exfoliating-toner-120ml/
Medix 5.5 Retinol Cream With Ferulic Acid 15Oz,Medix 5.5,Treat,Face,17500,Teeka4,https://teeka4.com/shop/medix-5-5-retinol-cream-with-ferulic-acid-15oz/
Medix 5.5 Vitamin C +Turmeric Body Cream 15FL OZ /( 444ml),Medix 5.5,Treat,Body,18000,Teeka4,https://teeka4.com/shop/medix-5-5-vitamin-c-creamturmeric/
Advanced Clinicals Vitamin C Cream 16oz (454g),Advanced Clinicals,Treat,Face,16500,Teeka4,https://teeka4.com/shop/advanced-clinicals-vitamin-c-cream-16fl/
Bolden Brightening Moisturizer SPF 30 Sunscreen 2.0fl.oz / 60ml,Bolden,Protect,Face,26574,Teeka4,https://teeka4.com/shop/bolden-brightening-moisturizer-spf-30/
Bolden Brightening Toner 8.0fl oz (237ml),Bolden,Treat,Face,22500,Teeka4,https://teeka4.com/shop/bolden-brightening-toner-8fl/
Dove Melanin Even Tone Body Wash 5% Pro Ceramide With BHA 547ml,Dove,Cleanse,Body,17800,Teeka4,https://teeka4.com/shop/etude-house-sunprise-mild-watery-light-spf50-pa/
The Ordinary Granactive Retinoid 5% In Squalane,The Ordinary,Uncategorized,Face,32000,Teeka4,https://teeka4.com/shop/the-ordinary-granactive-retinoid-5-in-squalane/
La Roche-Posay Pure Vitamin C Light Anti-Wrinkle Firming Moisturising Filler 40ml,La Roche-Posay,Treat,Face,36999,Teeka4,https://teeka4.com/shop/the-ordinary-amino-acids-b5-30ml/
La Roche- Posay Cicaplast Baume B5+ Ultra-Repairing Soothing Balm 100Ml,La Roche-Posay,Moisturize,Lip Care,23010,Teeka4,https://teeka4.com/shop/la-roche-posay-cicaplast-baume-b5-for-dry-skin-irritations-100ml/
Acwell Licorice Ph Balancing Cleansing Toner 150ml,Acwell,Cleanse,Face,12500,Teeka4,https://teeka4.com/shop/acwell-licorice-ph-balancing-cleansing-toner-150ml/
(With SPF) La Roche-Posay Cicaplast Baume B5+ Spf 50 Ultra-Repairing Protective Soothing Balm – 40ml,La Roche-Posay,Protect,Lip Care,19999,Teeka4,https://teeka4.com/shop/topicrem-2-in-1-cleansing-gel-500ml/
Topicrem Mela Unifying Exfoliating Bar 150G,Topicrem,Uncategorized,Face,8700,Teeka4,https://teeka4.com/shop/topicrem-mela-unifying-exfoliating-bar-150g/
Topicrem Da Protect Emollient Balm 16.9fl oz 500ml,Topicrem,Moisturize,Lip Care,27500,Teeka4,https://teeka4.com/shop/topicrem-da-emollient-balm-500ml/
Topicrem Cica Soothing Cream 1.35fl oz 40ml,Topicrem,Moisturize,Face,16500,Teeka4,https://teeka4.com/shop/topicrem-cica-soothing-cream-40ml/
Skin Aqua Uv Super Moisture Gel Spf 50+ PA++++ [110G] (New Version),Rohto Mentholatumskin aqua,Protect,Face,10800,Teeka4,https://teeka4.com/shop/skin-aqua-uv-super-moisture-gel-spf-50-pa-110g-new-version/
"Simple Kind To Skin Moisturizing Facial Wash 5.1fl oz,150ml",Simple,Cleanse,Face,4999,Teeka4,https://teeka4.com/shop/simple-kind-to-skin-moistrurizing-facial-wash/
Simple Kind To Skin Replenishing Rich Moisturizer 125ml,Simple,Moisturize,Face,4999,Teeka4,https://teeka4.com/shop/simple-kind-to-skin-replenishing-rich-moisturizer-125ml/
Hada Labo Shirojyun Premium Brightening Rich Lotion 170ml.,Hada LaboRohto Mentholatum,Moisturize,Face,13200,Teeka4,https://teeka4.com/shop/hada-labo-shirojyun-brightening-lotion-with-tranexamic-acid-and-coixseed-rich-170ml/
Good Molecules Discoloration Correcting Serum (New Version) 30ml,Good Molecules,Treat,Face,15800,Teeka4,https://teeka4.com/shop/good-molecules-discolouration-correcting-serum-new-version30ml/
Boots Sakura Bright Toning Water 100ml,Boots,Uncategorized,Face,5500,Teeka4,https://teeka4.com/shop/differin-gel-1-6-oz/
Timeless Skin Care 20% Vitamin C Plus E Ferulic Acid Serum 1fl oz (30ml),Timeless,Treat,Face,19900,Teeka4,https://teeka4.com/shop/timeless-skin-care-20-vitamin-c-plus-e-ferulic-acid-serum-1oz/
Good Molecules Overnight Exfoliating Treatment 30Ml,Good Molecules,Treat,Face,9900,Teeka4,https://teeka4.com/shop/good-molecules-overnight-exfoliating-treatment-30ml/
Good Molecules Niacinamide Serum 30ml,Good Molecules,Treat,Face,9999,Teeka4,https://teeka4.com/shop/good-molecules-niacinamide-serum-30ml/
Good Molecules Daily Brightening Serum 30ml,Good Molecules,Treat,Face,12400,Teeka4,https://teeka4.com/shop/good-molecules-daily-brightening-serum-without-pack/
Good Molecules Niacinamide Brightening Toner 120ml,Good Molecules,Treat,Face,17999,Teeka4,https://teeka4.com/shop/good-molecules-niacinamide-brightening-toner-120ml/
Cetaphil Gentle Skin Cleanser 250ml,Cetaphil,Cleanse,Face,13000,Teeka4,https://teeka4.com/shop/cetaphil-gentle-skin-cleanser-8-oz/
Simple Kind To Skin Soothing Facial Toner 6.8fl oz (200ml),Simple,Treat,Face,4300,Teeka4,https://teeka4.com/shop/simple-kind-to-skin-soothing-facial-toner-6-7-ounce-200ml/
Simple Kind To Skin Hydrating Light Moisturizer 4.2fl oz / 125ml.,Simple,Moisturize,Face,4999,Teeka4,https://teeka4.com/shop/simple-kind-to-skin-hydrating-light-moisturiser-125ml/
Simple Kind To Skin Refreshing Facial Gel Wash 5.1fl oz / 150ml,Simple,Cleanse,Face,4999,Teeka4,https://teeka4.com/shop/simple-kind-to-skin-refreshing-facial-gel-wash/
The Ordinary Retinol 0.5% In Squalane (30 Ml),The Ordinary,Treat,Face,16500,Teeka4,https://teeka4.com/shop/the-ordinary-retinol-0-5-in-squalane-30-ml/
The Ordinary Retinol 0.2% In Squalane (30 Ml),The Ordinary,Treat,Face,16500,Teeka4,https://teeka4.com/shop/the-ordinary-retinol-0-2-in-squalane-30-ml/
La Roche-Posay Effaclar Gel Moussant Purifying Foaming Gel 300ml,La Roche-Posay,Cleanse,Face,16690,Teeka4,https://teeka4.com/shop/the-ordinary-100-organic-cold-pressed-rose-hip-seed-oil-30ml-without-pack/
Good Molecules Hyaluronic Acid Serum 30ml,Good Molecules,Treat,Face,9900,Teeka4,https://teeka4.com/shop/good-molecules-hyaluronic-acid-serum-30ml/
Advanced Clinicals Vitamin C Anti-Aging Serum 1.75fl oz / 52ml,Advanced Clinicals,Treat,Face,13000,Teeka4,https://teeka4.com/shop/advanced-clinicals-vitamin-c-serum-1-7fl/
La Roche-Posay Mela B3 SPF30 Anti-Dark Spots Corrective Protective Care 40ml,La Roche-Posay,Protect,Face,34819,Teeka4,https://teeka4.com/shop/the-ordinary-buffet-copper-peptides-1/
Neutrogena Light Sesame Formula  Body Oil 8.5fl oz 250ml,Neutrogena,Moisturize,Body,20000,Teeka4,https://teeka4.com/shop/neutrogena-lightweight-body-oil16-oz/
Alpha Skin Care Moisturizing Body Wash – 354ml,Alpha SkinCare,Cleanse,Body,12000,Teeka4,https://teeka4.com/shop/alpha-skin-care-moisturizing-body-wash/
The Ordinary Natural Moisturizing Factors + Ha (30 Ml),The Ordinary,Uncategorized,Face,13888,Teeka4,https://teeka4.com/shop/the-ordinary-natural-moisturizing-factors-ha-30-ml/
The Ordinary Mandelic Acid 10% + Ha (30ml),The Ordinary,Treat,Face,16500,Teeka4,https://teeka4.com/shop/the-ordinary-mandelic-acid-ha-10-30-ml/
The Ordinary Aha 30% + Bha 2% Peeling Solution,The Ordinary,Treat,Face,20500,Teeka4,https://teeka4.com/shop/the-ordinary-aha-30-bha-2-peeling-solution/
The Ordinary Lactic Acid 10% + Ha 2% Superficial Peeling Formulation,The Ordinary,Treat,Face,19999,Teeka4,https://teeka4.com/shop/the-ordinary-lactic-acid-10-ha-2-superficial-peeling-formulation/
The Ordinary Lactic Acid 5% +Ha Superficial Peeling Formulation,The Ordinary,Treat,Face,16500,Teeka4,https://teeka4.com/shop/the-ordinary-lactic-acid-5-ha-superficial-peeling-formulation/
The Ordinary Caffeine Solution 5% + Egcg,The Ordinary,Uncategorized,Face,19300,Teeka4,https://teeka4.com/shop/the-ordinary-caffeine-solution-5-egcg/
The Ordinary Hyaluronic Acid 2% +B5 30Ml,The Ordinary,Treat,Face,19999,Teeka4,https://teeka4.com/shop/the-ordinary-hyaluronic-acid-2-b5-30ml/
Neutrogena Oil – Free Acne Stress Control Toner 8fl oz / 237ml,Neutrogena,Treat,Face,17999,Teeka4,https://teeka4.com/shop/neutrogena-oil-free-acne-stress-control-toner/
The Ordinary Glycolic Acid 7% Exfoliating Toner (240Ml),The Ordinary,Treat,Face,22000,Teeka4,https://teeka4.com/shop/the-ordinary-glycolic-acid-7-toning-solution-240ml/
Panoxyl Acne Foaming Wash Benzoyl Peroxide 10% Maximum Strength 5.5oz (156g),Panoxyl,Cleanse,Face,13300,Teeka4,https://teeka4.com/shop/panoxyl-acne-foaming-wash-benzoyl-peroxide-10-maximum-strength/
Panoxyl Acne Creamy Wash – Benzoyl Peroxide 4% Daily Control (6 0Z),Panoxyl,Cleanse,Face,13300,Teeka4,https://teeka4.com/shop/panoxyl-acne-creamy-wash-benzoyl-peroxide-4-daily-control-6-0z/
Neutrogena Oil – Free Acne Wash 9.1fl oz/269ml,Neutrogena,Cleanse,Face,13999,Teeka4,https://teeka4.com/shop/neutrogena-oil-free-acne-wash-9-1fl-0z/
Cerave SA smoothing cleanser For Dry Rough Bumpy Skin 8fl oz 236ml,CeraVe,Cleanse,Face,15222,Teeka4,https://teeka4.com/shop/cerave-skin-renewing-salicylic-acid-cleanser-8-ounce/
